<?xml version="1.0" encoding="UTF-8"?>
<gpx version="1.1" creator="GritMap synthetic sample" xmlns="http://www.topografix.com/GPX/1/1"><trk><name>Sample ride (synthetic) - Diablo Northgate to Junction</name><trkseg>
<trkpt lat="37.903579" lon="-121.994851"><ele>103.0</ele><time>2026-10-03T14:00:00Z</time></trkpt>
<trkpt lat="37.903550" lon="-121.994825"><ele>103.0</ele><time>2026-10-03T14:00:01Z</time></trkpt>
<trkpt lat="37.903521" lon="-121.994800"><ele>103.0</ele><time>2026-10-03T14:00:02Z</time></trkpt>
<trkpt lat="37.903492" lon="-121.994774"><ele>103.0</ele><time>2026-10-03T14:00:03Z</time></trkpt>
<trkpt lat="37.903463" lon="-121.994749"><ele>103.0</ele><time>2026-10-03T14:00:04Z</time></trkpt>
<trkpt lat="37.903434" lon="-121.994724"><ele>103.0</ele><time>2026-10-03T14:00:05Z</time></trkpt>
<trkpt lat="37.903406" lon="-121.994698"><ele>103.0</ele><time>2026-10-03T14:00:06Z</time></trkpt>
<trkpt lat="37.903377" lon="-121.994673"><ele>103.0</ele><time>2026-10-03T14:00:07Z</time></trkpt>
<trkpt lat="37.903348" lon="-121.994648"><ele>103.0</ele><time>2026-10-03T14:00:08Z</time></trkpt>
<trkpt lat="37.903319" lon="-121.994622"><ele>103.0</ele><time>2026-10-03T14:00:09Z</time></trkpt>
<trkpt lat="37.903290" lon="-121.994597"><ele>103.0</ele><time>2026-10-03T14:00:10Z</time></trkpt>
<trkpt lat="37.903261" lon="-121.994572"><ele>103.0</ele><time>2026-10-03T14:00:11Z</time></trkpt>
<trkpt lat="37.903233" lon="-121.994546"><ele>103.0</ele><time>2026-10-03T14:00:12Z</time></trkpt>
<trkpt lat="37.903204" lon="-121.994521"><ele>103.0</ele><time>2026-10-03T14:00:13Z</time></trkpt>
<trkpt lat="37.903175" lon="-121.994496"><ele>103.0</ele><time>2026-10-03T14:00:14Z</time></trkpt>
<trkpt lat="37.903146" lon="-121.994470"><ele>103.0</ele><time>2026-10-03T14:00:15Z</time></trkpt>
<trkpt lat="37.903117" lon="-121.994445"><ele>103.0</ele><time>2026-10-03T14:00:16Z</time></trkpt>
<trkpt lat="37.903088" lon="-121.994420"><ele>103.0</ele><time>2026-10-03T14:00:17Z</time></trkpt>
<trkpt lat="37.903060" lon="-121.994394"><ele>103.0</ele><time>2026-10-03T14:00:18Z</time></trkpt>
<trkpt lat="37.903031" lon="-121.994369"><ele>103.0</ele><time>2026-10-03T14:00:19Z</time></trkpt>
<trkpt lat="37.903002" lon="-121.994344"><ele>103.0</ele><time>2026-10-03T14:00:20Z</time></trkpt>
<trkpt lat="37.902973" lon="-121.994318"><ele>103.0</ele><time>2026-10-03T14:00:21Z</time></trkpt>
<trkpt lat="37.902944" lon="-121.994293"><ele>103.0</ele><time>2026-10-03T14:00:22Z</time></trkpt>
<trkpt lat="37.902915" lon="-121.994268"><ele>103.0</ele><time>2026-10-03T14:00:23Z</time></trkpt>
<trkpt lat="37.902887" lon="-121.994242"><ele>103.0</ele><time>2026-10-03T14:00:24Z</time></trkpt>
<trkpt lat="37.902858" lon="-121.994217"><ele>103.0</ele><time>2026-10-03T14:00:25Z</time></trkpt>
<trkpt lat="37.902829" lon="-121.994191"><ele>103.0</ele><time>2026-10-03T14:00:26Z</time></trkpt>
<trkpt lat="37.902800" lon="-121.994166"><ele>103.0</ele><time>2026-10-03T14:00:27Z</time></trkpt>
<trkpt lat="37.902771" lon="-121.994141"><ele>103.0</ele><time>2026-10-03T14:00:28Z</time></trkpt>
<trkpt lat="37.902742" lon="-121.994115"><ele>103.0</ele><time>2026-10-03T14:00:29Z</time></trkpt>
<trkpt lat="37.902714" lon="-121.994090"><ele>103.0</ele><time>2026-10-03T14:00:30Z</time></trkpt>
<trkpt lat="37.902685" lon="-121.994065"><ele>103.0</ele><time>2026-10-03T14:00:31Z</time></trkpt>
<trkpt lat="37.902656" lon="-121.994039"><ele>103.0</ele><time>2026-10-03T14:00:32Z</time></trkpt>
<trkpt lat="37.902627" lon="-121.994014"><ele>103.0</ele><time>2026-10-03T14:00:33Z</time></trkpt>
<trkpt lat="37.902598" lon="-121.993989"><ele>103.0</ele><time>2026-10-03T14:00:34Z</time></trkpt>
<trkpt lat="37.902569" lon="-121.993963"><ele>103.0</ele><time>2026-10-03T14:00:35Z</time></trkpt>
<trkpt lat="37.902541" lon="-121.993938"><ele>103.0</ele><time>2026-10-03T14:00:36Z</time></trkpt>
<trkpt lat="37.902512" lon="-121.993913"><ele>103.0</ele><time>2026-10-03T14:00:37Z</time></trkpt>
<trkpt lat="37.902483" lon="-121.993887"><ele>103.0</ele><time>2026-10-03T14:00:38Z</time></trkpt>
<trkpt lat="37.902454" lon="-121.993862"><ele>103.0</ele><time>2026-10-03T14:00:39Z</time></trkpt>
<trkpt lat="37.902425" lon="-121.993837"><ele>103.0</ele><time>2026-10-03T14:00:40Z</time></trkpt>
<trkpt lat="37.902396" lon="-121.993811"><ele>103.0</ele><time>2026-10-03T14:00:41Z</time></trkpt>
<trkpt lat="37.902368" lon="-121.993786"><ele>103.0</ele><time>2026-10-03T14:00:42Z</time></trkpt>
<trkpt lat="37.902339" lon="-121.993761"><ele>103.0</ele><time>2026-10-03T14:00:43Z</time></trkpt>
<trkpt lat="37.902310" lon="-121.993735"><ele>103.0</ele><time>2026-10-03T14:00:44Z</time></trkpt>
<trkpt lat="37.902281" lon="-121.993710"><ele>103.0</ele><time>2026-10-03T14:00:45Z</time></trkpt>
<trkpt lat="37.902252" lon="-121.993685"><ele>103.0</ele><time>2026-10-03T14:00:46Z</time></trkpt>
<trkpt lat="37.902223" lon="-121.993659"><ele>103.0</ele><time>2026-10-03T14:00:47Z</time></trkpt>
<trkpt lat="37.902195" lon="-121.993634"><ele>103.0</ele><time>2026-10-03T14:00:48Z</time></trkpt>
<trkpt lat="37.902166" lon="-121.993608"><ele>103.0</ele><time>2026-10-03T14:00:49Z</time></trkpt>
<trkpt lat="37.902137" lon="-121.993583"><ele>103.0</ele><time>2026-10-03T14:00:50Z</time></trkpt>
<trkpt lat="37.902108" lon="-121.993558"><ele>103.0</ele><time>2026-10-03T14:00:51Z</time></trkpt>
<trkpt lat="37.902079" lon="-121.993532"><ele>103.0</ele><time>2026-10-03T14:00:52Z</time></trkpt>
<trkpt lat="37.902050" lon="-121.993507"><ele>103.0</ele><time>2026-10-03T14:00:53Z</time></trkpt>
<trkpt lat="37.902022" lon="-121.993482"><ele>103.0</ele><time>2026-10-03T14:00:54Z</time></trkpt>
<trkpt lat="37.901993" lon="-121.993456"><ele>103.0</ele><time>2026-10-03T14:00:55Z</time></trkpt>
<trkpt lat="37.901964" lon="-121.993431"><ele>103.0</ele><time>2026-10-03T14:00:56Z</time></trkpt>
<trkpt lat="37.901935" lon="-121.993406"><ele>103.0</ele><time>2026-10-03T14:00:57Z</time></trkpt>
<trkpt lat="37.901906" lon="-121.993380"><ele>103.0</ele><time>2026-10-03T14:00:58Z</time></trkpt>
<trkpt lat="37.901877" lon="-121.993355"><ele>103.0</ele><time>2026-10-03T14:00:59Z</time></trkpt>
<trkpt lat="37.901849" lon="-121.993330"><ele>103.0</ele><time>2026-10-03T14:01:00Z</time></trkpt>
<trkpt lat="37.901820" lon="-121.993304"><ele>103.0</ele><time>2026-10-03T14:01:01Z</time></trkpt>
<trkpt lat="37.901791" lon="-121.993279"><ele>103.0</ele><time>2026-10-03T14:01:02Z</time></trkpt>
<trkpt lat="37.901762" lon="-121.993254"><ele>103.0</ele><time>2026-10-03T14:01:03Z</time></trkpt>
<trkpt lat="37.901733" lon="-121.993228"><ele>103.0</ele><time>2026-10-03T14:01:04Z</time></trkpt>
<trkpt lat="37.901709" lon="-121.993207"><ele>103.1</ele><time>2026-10-03T14:01:05Z</time></trkpt>
<trkpt lat="37.901684" lon="-121.993185"><ele>103.2</ele><time>2026-10-03T14:01:06Z</time></trkpt>
<trkpt lat="37.901659" lon="-121.993163"><ele>103.3</ele><time>2026-10-03T14:01:07Z</time></trkpt>
<trkpt lat="37.901633" lon="-121.993145"><ele>103.4</ele><time>2026-10-03T14:01:08Z</time></trkpt>
<trkpt lat="37.901607" lon="-121.993126"><ele>103.4</ele><time>2026-10-03T14:01:09Z</time></trkpt>
<trkpt lat="37.901581" lon="-121.993107"><ele>103.5</ele><time>2026-10-03T14:01:10Z</time></trkpt>
<trkpt lat="37.901555" lon="-121.993088"><ele>103.7</ele><time>2026-10-03T14:01:11Z</time></trkpt>
<trkpt lat="37.901529" lon="-121.993069"><ele>103.8</ele><time>2026-10-03T14:01:12Z</time></trkpt>
<trkpt lat="37.901503" lon="-121.993051"><ele>103.9</ele><time>2026-10-03T14:01:13Z</time></trkpt>
<trkpt lat="37.901477" lon="-121.993032"><ele>104.0</ele><time>2026-10-03T14:01:14Z</time></trkpt>
<trkpt lat="37.901451" lon="-121.993014"><ele>104.1</ele><time>2026-10-03T14:01:15Z</time></trkpt>
<trkpt lat="37.901424" lon="-121.992996"><ele>104.2</ele><time>2026-10-03T14:01:16Z</time></trkpt>
<trkpt lat="37.901398" lon="-121.992979"><ele>104.3</ele><time>2026-10-03T14:01:17Z</time></trkpt>
<trkpt lat="37.901371" lon="-121.992962"><ele>104.3</ele><time>2026-10-03T14:01:18Z</time></trkpt>
<trkpt lat="37.901344" lon="-121.992945"><ele>104.4</ele><time>2026-10-03T14:01:19Z</time></trkpt>
<trkpt lat="37.901317" lon="-121.992929"><ele>104.4</ele><time>2026-10-03T14:01:20Z</time></trkpt>
<trkpt lat="37.901289" lon="-121.992913"><ele>104.5</ele><time>2026-10-03T14:01:21Z</time></trkpt>
<trkpt lat="37.901262" lon="-121.992897"><ele>104.5</ele><time>2026-10-03T14:01:22Z</time></trkpt>
<trkpt lat="37.901235" lon="-121.992882"><ele>104.6</ele><time>2026-10-03T14:01:23Z</time></trkpt>
<trkpt lat="37.901207" lon="-121.992866"><ele>104.7</ele><time>2026-10-03T14:01:24Z</time></trkpt>
<trkpt lat="37.901180" lon="-121.992851"><ele>104.8</ele><time>2026-10-03T14:01:25Z</time></trkpt>
<trkpt lat="37.901152" lon="-121.992837"><ele>104.9</ele><time>2026-10-03T14:01:26Z</time></trkpt>
<trkpt lat="37.901124" lon="-121.992823"><ele>105.0</ele><time>2026-10-03T14:01:27Z</time></trkpt>
<trkpt lat="37.901097" lon="-121.992809"><ele>105.0</ele><time>2026-10-03T14:01:28Z</time></trkpt>
<trkpt lat="37.901069" lon="-121.992795"><ele>105.2</ele><time>2026-10-03T14:01:29Z</time></trkpt>
<trkpt lat="37.901041" lon="-121.992781"><ele>105.4</ele><time>2026-10-03T14:01:30Z</time></trkpt>
<trkpt lat="37.901013" lon="-121.992767"><ele>105.6</ele><time>2026-10-03T14:01:31Z</time></trkpt>
<trkpt lat="37.900985" lon="-121.992755"><ele>105.6</ele><time>2026-10-03T14:01:32Z</time></trkpt>
<trkpt lat="37.900956" lon="-121.992742"><ele>105.7</ele><time>2026-10-03T14:01:33Z</time></trkpt>
<trkpt lat="37.900928" lon="-121.992729"><ele>105.7</ele><time>2026-10-03T14:01:34Z</time></trkpt>
<trkpt lat="37.900900" lon="-121.992715"><ele>106.0</ele><time>2026-10-03T14:01:35Z</time></trkpt>
<trkpt lat="37.900873" lon="-121.992701"><ele>106.2</ele><time>2026-10-03T14:01:36Z</time></trkpt>
<trkpt lat="37.900845" lon="-121.992686"><ele>106.4</ele><time>2026-10-03T14:01:37Z</time></trkpt>
<trkpt lat="37.900817" lon="-121.992672"><ele>106.5</ele><time>2026-10-03T14:01:38Z</time></trkpt>
<trkpt lat="37.900790" lon="-121.992657"><ele>106.5</ele><time>2026-10-03T14:01:39Z</time></trkpt>
<trkpt lat="37.900762" lon="-121.992642"><ele>106.6</ele><time>2026-10-03T14:01:40Z</time></trkpt>
<trkpt lat="37.900736" lon="-121.992623"><ele>106.7</ele><time>2026-10-03T14:01:41Z</time></trkpt>
<trkpt lat="37.900710" lon="-121.992605"><ele>106.9</ele><time>2026-10-03T14:01:42Z</time></trkpt>
<trkpt lat="37.900683" lon="-121.992586"><ele>107.0</ele><time>2026-10-03T14:01:43Z</time></trkpt>
<trkpt lat="37.900658" lon="-121.992565"><ele>107.1</ele><time>2026-10-03T14:01:44Z</time></trkpt>
<trkpt lat="37.900634" lon="-121.992544"><ele>107.1</ele><time>2026-10-03T14:01:45Z</time></trkpt>
<trkpt lat="37.900609" lon="-121.992523"><ele>107.2</ele><time>2026-10-03T14:01:46Z</time></trkpt>
<trkpt lat="37.900586" lon="-121.992499"><ele>107.2</ele><time>2026-10-03T14:01:47Z</time></trkpt>
<trkpt lat="37.900562" lon="-121.992475"><ele>107.2</ele><time>2026-10-03T14:01:48Z</time></trkpt>
<trkpt lat="37.900539" lon="-121.992451"><ele>107.2</ele><time>2026-10-03T14:01:49Z</time></trkpt>
<trkpt lat="37.900517" lon="-121.992425"><ele>107.2</ele><time>2026-10-03T14:01:50Z</time></trkpt>
<trkpt lat="37.900495" lon="-121.992399"><ele>107.2</ele><time>2026-10-03T14:01:51Z</time></trkpt>
<trkpt lat="37.900474" lon="-121.992374"><ele>107.2</ele><time>2026-10-03T14:01:52Z</time></trkpt>
<trkpt lat="37.900454" lon="-121.992345"><ele>107.2</ele><time>2026-10-03T14:01:53Z</time></trkpt>
<trkpt lat="37.900434" lon="-121.992317"><ele>107.2</ele><time>2026-10-03T14:01:54Z</time></trkpt>
<trkpt lat="37.900414" lon="-121.992288"><ele>107.2</ele><time>2026-10-03T14:01:55Z</time></trkpt>
<trkpt lat="37.900396" lon="-121.992258"><ele>107.2</ele><time>2026-10-03T14:01:56Z</time></trkpt>
<trkpt lat="37.900377" lon="-121.992228"><ele>107.2</ele><time>2026-10-03T14:01:57Z</time></trkpt>
<trkpt lat="37.900358" lon="-121.992199"><ele>107.2</ele><time>2026-10-03T14:01:58Z</time></trkpt>
<trkpt lat="37.900341" lon="-121.992168"><ele>107.2</ele><time>2026-10-03T14:01:59Z</time></trkpt>
<trkpt lat="37.900324" lon="-121.992136"><ele>107.2</ele><time>2026-10-03T14:02:00Z</time></trkpt>
<trkpt lat="37.900307" lon="-121.992105"><ele>107.2</ele><time>2026-10-03T14:02:01Z</time></trkpt>
<trkpt lat="37.900290" lon="-121.992074"><ele>107.2</ele><time>2026-10-03T14:02:02Z</time></trkpt>
<trkpt lat="37.900273" lon="-121.992043"><ele>107.2</ele><time>2026-10-03T14:02:03Z</time></trkpt>
<trkpt lat="37.900256" lon="-121.992012"><ele>107.2</ele><time>2026-10-03T14:02:04Z</time></trkpt>
<trkpt lat="37.900240" lon="-121.991979"><ele>107.2</ele><time>2026-10-03T14:02:05Z</time></trkpt>
<trkpt lat="37.900224" lon="-121.991947"><ele>107.2</ele><time>2026-10-03T14:02:06Z</time></trkpt>
<trkpt lat="37.900208" lon="-121.991915"><ele>107.2</ele><time>2026-10-03T14:02:07Z</time></trkpt>
<trkpt lat="37.900193" lon="-121.991882"><ele>107.2</ele><time>2026-10-03T14:02:08Z</time></trkpt>
<trkpt lat="37.900178" lon="-121.991849"><ele>107.2</ele><time>2026-10-03T14:02:09Z</time></trkpt>
<trkpt lat="37.900163" lon="-121.991817"><ele>107.2</ele><time>2026-10-03T14:02:10Z</time></trkpt>
<trkpt lat="37.900147" lon="-121.991784"><ele>107.2</ele><time>2026-10-03T14:02:11Z</time></trkpt>
<trkpt lat="37.900131" lon="-121.991752"><ele>107.3</ele><time>2026-10-03T14:02:12Z</time></trkpt>
<trkpt lat="37.900115" lon="-121.991720"><ele>107.3</ele><time>2026-10-03T14:02:13Z</time></trkpt>
<trkpt lat="37.900099" lon="-121.991688"><ele>107.3</ele><time>2026-10-03T14:02:14Z</time></trkpt>
<trkpt lat="37.900082" lon="-121.991656"><ele>107.4</ele><time>2026-10-03T14:02:15Z</time></trkpt>
<trkpt lat="37.900066" lon="-121.991625"><ele>107.4</ele><time>2026-10-03T14:02:16Z</time></trkpt>
<trkpt lat="37.900048" lon="-121.991594"><ele>107.5</ele><time>2026-10-03T14:02:17Z</time></trkpt>
<trkpt lat="37.900029" lon="-121.991564"><ele>107.7</ele><time>2026-10-03T14:02:18Z</time></trkpt>
<trkpt lat="37.900011" lon="-121.991534"><ele>107.8</ele><time>2026-10-03T14:02:19Z</time></trkpt>
<trkpt lat="37.899994" lon="-121.991503"><ele>107.9</ele><time>2026-10-03T14:02:20Z</time></trkpt>
<trkpt lat="37.899976" lon="-121.991472"><ele>108.0</ele><time>2026-10-03T14:02:21Z</time></trkpt>
<trkpt lat="37.899959" lon="-121.991442"><ele>108.2</ele><time>2026-10-03T14:02:22Z</time></trkpt>
<trkpt lat="37.899942" lon="-121.991410"><ele>108.3</ele><time>2026-10-03T14:02:23Z</time></trkpt>
<trkpt lat="37.899926" lon="-121.991378"><ele>108.4</ele><time>2026-10-03T14:02:24Z</time></trkpt>
<trkpt lat="37.899910" lon="-121.991346"><ele>108.5</ele><time>2026-10-03T14:02:25Z</time></trkpt>
<trkpt lat="37.899894" lon="-121.991314"><ele>108.6</ele><time>2026-10-03T14:02:26Z</time></trkpt>
<trkpt lat="37.899877" lon="-121.991282"><ele>108.7</ele><time>2026-10-03T14:02:27Z</time></trkpt>
<trkpt lat="37.899861" lon="-121.991250"><ele>108.9</ele><time>2026-10-03T14:02:28Z</time></trkpt>
<trkpt lat="37.899846" lon="-121.991218"><ele>108.9</ele><time>2026-10-03T14:02:29Z</time></trkpt>
<trkpt lat="37.899830" lon="-121.991185"><ele>109.0</ele><time>2026-10-03T14:02:30Z</time></trkpt>
<trkpt lat="37.899814" lon="-121.991153"><ele>109.0</ele><time>2026-10-03T14:02:31Z</time></trkpt>
<trkpt lat="37.899799" lon="-121.991120"><ele>109.1</ele><time>2026-10-03T14:02:32Z</time></trkpt>
<trkpt lat="37.899784" lon="-121.991088"><ele>109.3</ele><time>2026-10-03T14:02:33Z</time></trkpt>
<trkpt lat="37.899768" lon="-121.991055"><ele>109.4</ele><time>2026-10-03T14:02:34Z</time></trkpt>
<trkpt lat="37.899752" lon="-121.991023"><ele>109.6</ele><time>2026-10-03T14:02:35Z</time></trkpt>
<trkpt lat="37.899735" lon="-121.990992"><ele>109.8</ele><time>2026-10-03T14:02:36Z</time></trkpt>
<trkpt lat="37.899719" lon="-121.990960"><ele>110.0</ele><time>2026-10-03T14:02:37Z</time></trkpt>
<trkpt lat="37.899704" lon="-121.990927"><ele>110.0</ele><time>2026-10-03T14:02:38Z</time></trkpt>
<trkpt lat="37.899688" lon="-121.990894"><ele>110.1</ele><time>2026-10-03T14:02:39Z</time></trkpt>
<trkpt lat="37.899673" lon="-121.990862"><ele>110.2</ele><time>2026-10-03T14:02:40Z</time></trkpt>
<trkpt lat="37.899657" lon="-121.990830"><ele>110.2</ele><time>2026-10-03T14:02:41Z</time></trkpt>
<trkpt lat="37.899641" lon="-121.990797"><ele>110.2</ele><time>2026-10-03T14:02:42Z</time></trkpt>
<trkpt lat="37.899625" lon="-121.990765"><ele>110.3</ele><time>2026-10-03T14:02:43Z</time></trkpt>
<trkpt lat="37.899611" lon="-121.990732"><ele>110.4</ele><time>2026-10-03T14:02:44Z</time></trkpt>
<trkpt lat="37.899597" lon="-121.990699"><ele>110.4</ele><time>2026-10-03T14:02:45Z</time></trkpt>
<trkpt lat="37.899582" lon="-121.990665"><ele>110.5</ele><time>2026-10-03T14:02:46Z</time></trkpt>
<trkpt lat="37.899567" lon="-121.990633"><ele>110.6</ele><time>2026-10-03T14:02:47Z</time></trkpt>
<trkpt lat="37.899552" lon="-121.990600"><ele>110.7</ele><time>2026-10-03T14:02:48Z</time></trkpt>
<trkpt lat="37.899537" lon="-121.990567"><ele>110.8</ele><time>2026-10-03T14:02:49Z</time></trkpt>
<trkpt lat="37.899521" lon="-121.990535"><ele>110.9</ele><time>2026-10-03T14:02:50Z</time></trkpt>
<trkpt lat="37.899506" lon="-121.990502"><ele>110.9</ele><time>2026-10-03T14:02:51Z</time></trkpt>
<trkpt lat="37.899490" lon="-121.990469"><ele>111.0</ele><time>2026-10-03T14:02:52Z</time></trkpt>
<trkpt lat="37.899475" lon="-121.990436"><ele>111.2</ele><time>2026-10-03T14:02:53Z</time></trkpt>
<trkpt lat="37.899460" lon="-121.990404"><ele>111.4</ele><time>2026-10-03T14:02:54Z</time></trkpt>
<trkpt lat="37.899445" lon="-121.990371"><ele>111.6</ele><time>2026-10-03T14:02:55Z</time></trkpt>
<trkpt lat="37.899430" lon="-121.990338"><ele>111.9</ele><time>2026-10-03T14:02:56Z</time></trkpt>
<trkpt lat="37.899415" lon="-121.990306"><ele>112.1</ele><time>2026-10-03T14:02:57Z</time></trkpt>
<trkpt lat="37.899399" lon="-121.990273"><ele>112.4</ele><time>2026-10-03T14:02:58Z</time></trkpt>
<trkpt lat="37.899382" lon="-121.990242"><ele>112.6</ele><time>2026-10-03T14:02:59Z</time></trkpt>
<trkpt lat="37.899365" lon="-121.990211"><ele>112.7</ele><time>2026-10-03T14:03:00Z</time></trkpt>
<trkpt lat="37.899347" lon="-121.990180"><ele>112.9</ele><time>2026-10-03T14:03:01Z</time></trkpt>
<trkpt lat="37.899331" lon="-121.990148"><ele>112.9</ele><time>2026-10-03T14:03:02Z</time></trkpt>
<trkpt lat="37.899316" lon="-121.990116"><ele>113.0</ele><time>2026-10-03T14:03:03Z</time></trkpt>
<trkpt lat="37.899300" lon="-121.990083"><ele>113.1</ele><time>2026-10-03T14:03:04Z</time></trkpt>
<trkpt lat="37.899283" lon="-121.990052"><ele>113.2</ele><time>2026-10-03T14:03:05Z</time></trkpt>
<trkpt lat="37.899266" lon="-121.990020"><ele>113.3</ele><time>2026-10-03T14:03:06Z</time></trkpt>
<trkpt lat="37.899250" lon="-121.989989"><ele>113.4</ele><time>2026-10-03T14:03:07Z</time></trkpt>
<trkpt lat="37.899232" lon="-121.989958"><ele>113.4</ele><time>2026-10-03T14:03:08Z</time></trkpt>
<trkpt lat="37.899214" lon="-121.989927"><ele>113.4</ele><time>2026-10-03T14:03:09Z</time></trkpt>
<trkpt lat="37.899197" lon="-121.989897"><ele>113.4</ele><time>2026-10-03T14:03:10Z</time></trkpt>
<trkpt lat="37.899178" lon="-121.989867"><ele>113.4</ele><time>2026-10-03T14:03:11Z</time></trkpt>
<trkpt lat="37.899160" lon="-121.989837"><ele>113.4</ele><time>2026-10-03T14:03:12Z</time></trkpt>
<trkpt lat="37.899142" lon="-121.989806"><ele>113.4</ele><time>2026-10-03T14:03:13Z</time></trkpt>
<trkpt lat="37.899123" lon="-121.989776"><ele>113.5</ele><time>2026-10-03T14:03:14Z</time></trkpt>
<trkpt lat="37.899105" lon="-121.989746"><ele>113.6</ele><time>2026-10-03T14:03:15Z</time></trkpt>
<trkpt lat="37.899087" lon="-121.989716"><ele>113.6</ele><time>2026-10-03T14:03:16Z</time></trkpt>
<trkpt lat="37.899068" lon="-121.989687"><ele>113.7</ele><time>2026-10-03T14:03:17Z</time></trkpt>
<trkpt lat="37.899048" lon="-121.989658"><ele>113.7</ele><time>2026-10-03T14:03:18Z</time></trkpt>
<trkpt lat="37.899029" lon="-121.989629"><ele>113.8</ele><time>2026-10-03T14:03:19Z</time></trkpt>
<trkpt lat="37.899010" lon="-121.989600"><ele>113.8</ele><time>2026-10-03T14:03:20Z</time></trkpt>
<trkpt lat="37.898990" lon="-121.989571"><ele>113.8</ele><time>2026-10-03T14:03:21Z</time></trkpt>
<trkpt lat="37.898971" lon="-121.989542"><ele>113.8</ele><time>2026-10-03T14:03:22Z</time></trkpt>
<trkpt lat="37.898952" lon="-121.989513"><ele>113.8</ele><time>2026-10-03T14:03:23Z</time></trkpt>
<trkpt lat="37.898933" lon="-121.989483"><ele>113.8</ele><time>2026-10-03T14:03:24Z</time></trkpt>
<trkpt lat="37.898914" lon="-121.989454"><ele>113.8</ele><time>2026-10-03T14:03:25Z</time></trkpt>
<trkpt lat="37.898896" lon="-121.989423"><ele>113.8</ele><time>2026-10-03T14:03:26Z</time></trkpt>
<trkpt lat="37.898878" lon="-121.989393"><ele>113.7</ele><time>2026-10-03T14:03:27Z</time></trkpt>
<trkpt lat="37.898861" lon="-121.989362"><ele>113.7</ele><time>2026-10-03T14:03:28Z</time></trkpt>
<trkpt lat="37.898843" lon="-121.989332"><ele>113.6</ele><time>2026-10-03T14:03:29Z</time></trkpt>
<trkpt lat="37.898825" lon="-121.989301"><ele>113.6</ele><time>2026-10-03T14:03:30Z</time></trkpt>
<trkpt lat="37.898807" lon="-121.989271"><ele>113.6</ele><time>2026-10-03T14:03:31Z</time></trkpt>
<trkpt lat="37.898789" lon="-121.989240"><ele>113.4</ele><time>2026-10-03T14:03:32Z</time></trkpt>
<trkpt lat="37.898771" lon="-121.989210"><ele>113.3</ele><time>2026-10-03T14:03:33Z</time></trkpt>
<trkpt lat="37.898753" lon="-121.989179"><ele>113.2</ele><time>2026-10-03T14:03:34Z</time></trkpt>
<trkpt lat="37.898737" lon="-121.989148"><ele>113.1</ele><time>2026-10-03T14:03:35Z</time></trkpt>
<trkpt lat="37.898720" lon="-121.989116"><ele>113.1</ele><time>2026-10-03T14:03:36Z</time></trkpt>
<trkpt lat="37.898703" lon="-121.989085"><ele>113.0</ele><time>2026-10-03T14:03:37Z</time></trkpt>
<trkpt lat="37.898688" lon="-121.989052"><ele>113.0</ele><time>2026-10-03T14:03:38Z</time></trkpt>
<trkpt lat="37.898674" lon="-121.989019"><ele>113.0</ele><time>2026-10-03T14:03:39Z</time></trkpt>
<trkpt lat="37.898659" lon="-121.988986"><ele>113.0</ele><time>2026-10-03T14:03:40Z</time></trkpt>
<trkpt lat="37.898644" lon="-121.988952"><ele>113.0</ele><time>2026-10-03T14:03:41Z</time></trkpt>
<trkpt lat="37.898629" lon="-121.988919"><ele>113.0</ele><time>2026-10-03T14:03:42Z</time></trkpt>
<trkpt lat="37.898614" lon="-121.988886"><ele>113.0</ele><time>2026-10-03T14:03:43Z</time></trkpt>
<trkpt lat="37.898599" lon="-121.988853"><ele>113.0</ele><time>2026-10-03T14:03:44Z</time></trkpt>
<trkpt lat="37.898585" lon="-121.988820"><ele>113.0</ele><time>2026-10-03T14:03:45Z</time></trkpt>
<trkpt lat="37.898570" lon="-121.988788"><ele>113.0</ele><time>2026-10-03T14:03:46Z</time></trkpt>
<trkpt lat="37.898554" lon="-121.988755"><ele>112.9</ele><time>2026-10-03T14:03:47Z</time></trkpt>
<trkpt lat="37.898538" lon="-121.988723"><ele>112.9</ele><time>2026-10-03T14:03:48Z</time></trkpt>
<trkpt lat="37.898522" lon="-121.988691"><ele>112.8</ele><time>2026-10-03T14:03:49Z</time></trkpt>
<trkpt lat="37.898506" lon="-121.988659"><ele>112.8</ele><time>2026-10-03T14:03:50Z</time></trkpt>
<trkpt lat="37.898490" lon="-121.988627"><ele>112.8</ele><time>2026-10-03T14:03:51Z</time></trkpt>
<trkpt lat="37.898474" lon="-121.988595"><ele>112.8</ele><time>2026-10-03T14:03:52Z</time></trkpt>
<trkpt lat="37.898457" lon="-121.988563"><ele>112.8</ele><time>2026-10-03T14:03:53Z</time></trkpt>
<trkpt lat="37.898441" lon="-121.988531"><ele>112.9</ele><time>2026-10-03T14:03:54Z</time></trkpt>
<trkpt lat="37.898425" lon="-121.988499"><ele>112.9</ele><time>2026-10-03T14:03:55Z</time></trkpt>
<trkpt lat="37.898408" lon="-121.988468"><ele>112.9</ele><time>2026-10-03T14:03:56Z</time></trkpt>
<trkpt lat="37.898391" lon="-121.988436"><ele>112.8</ele><time>2026-10-03T14:03:57Z</time></trkpt>
<trkpt lat="37.898374" lon="-121.988405"><ele>112.8</ele><time>2026-10-03T14:03:58Z</time></trkpt>
<trkpt lat="37.898351" lon="-121.988381"><ele>112.8</ele><time>2026-10-03T14:03:59Z</time></trkpt>
<trkpt lat="37.898328" lon="-121.988357"><ele>112.9</ele><time>2026-10-03T14:04:00Z</time></trkpt>
<trkpt lat="37.898306" lon="-121.988333"><ele>112.9</ele><time>2026-10-03T14:04:01Z</time></trkpt>
<trkpt lat="37.898278" lon="-121.988318"><ele>113.1</ele><time>2026-10-03T14:04:02Z</time></trkpt>
<trkpt lat="37.898251" lon="-121.988302"><ele>113.3</ele><time>2026-10-03T14:04:03Z</time></trkpt>
<trkpt lat="37.898224" lon="-121.988286"><ele>113.5</ele><time>2026-10-03T14:04:04Z</time></trkpt>
<trkpt lat="37.898195" lon="-121.988275"><ele>113.8</ele><time>2026-10-03T14:04:05Z</time></trkpt>
<trkpt lat="37.898167" lon="-121.988263"><ele>114.0</ele><time>2026-10-03T14:04:06Z</time></trkpt>
<trkpt lat="37.898138" lon="-121.988252"><ele>114.3</ele><time>2026-10-03T14:04:07Z</time></trkpt>
<trkpt lat="37.898109" lon="-121.988247"><ele>114.6</ele><time>2026-10-03T14:04:08Z</time></trkpt>
<trkpt lat="37.898079" lon="-121.988242"><ele>115.0</ele><time>2026-10-03T14:04:09Z</time></trkpt>
<trkpt lat="37.898050" lon="-121.988237"><ele>115.3</ele><time>2026-10-03T14:04:10Z</time></trkpt>
<trkpt lat="37.898021" lon="-121.988246"><ele>115.5</ele><time>2026-10-03T14:04:11Z</time></trkpt>
<trkpt lat="37.897992" lon="-121.988254"><ele>115.7</ele><time>2026-10-03T14:04:12Z</time></trkpt>
<trkpt lat="37.897963" lon="-121.988263"><ele>116.0</ele><time>2026-10-03T14:04:13Z</time></trkpt>
<trkpt lat="37.897935" lon="-121.988279"><ele>116.5</ele><time>2026-10-03T14:04:14Z</time></trkpt>
<trkpt lat="37.897908" lon="-121.988295"><ele>117.0</ele><time>2026-10-03T14:04:15Z</time></trkpt>
<trkpt lat="37.897881" lon="-121.988310"><ele>117.5</ele><time>2026-10-03T14:04:16Z</time></trkpt>
<trkpt lat="37.897857" lon="-121.988332"><ele>117.9</ele><time>2026-10-03T14:04:17Z</time></trkpt>
<trkpt lat="37.897832" lon="-121.988354"><ele>118.2</ele><time>2026-10-03T14:04:18Z</time></trkpt>
<trkpt lat="37.897808" lon="-121.988376"><ele>118.6</ele><time>2026-10-03T14:04:19Z</time></trkpt>
<trkpt lat="37.897784" lon="-121.988400"><ele>118.8</ele><time>2026-10-03T14:04:20Z</time></trkpt>
<trkpt lat="37.897761" lon="-121.988424"><ele>119.0</ele><time>2026-10-03T14:04:21Z</time></trkpt>
<trkpt lat="37.897738" lon="-121.988448"><ele>119.3</ele><time>2026-10-03T14:04:22Z</time></trkpt>
<trkpt lat="37.897715" lon="-121.988472"><ele>119.5</ele><time>2026-10-03T14:04:23Z</time></trkpt>
<trkpt lat="37.897692" lon="-121.988497"><ele>119.7</ele><time>2026-10-03T14:04:24Z</time></trkpt>
<trkpt lat="37.897669" lon="-121.988521"><ele>119.9</ele><time>2026-10-03T14:04:25Z</time></trkpt>
<trkpt lat="37.897646" lon="-121.988546"><ele>120.1</ele><time>2026-10-03T14:04:26Z</time></trkpt>
<trkpt lat="37.897624" lon="-121.988571"><ele>120.3</ele><time>2026-10-03T14:04:27Z</time></trkpt>
<trkpt lat="37.897601" lon="-121.988596"><ele>120.4</ele><time>2026-10-03T14:04:28Z</time></trkpt>
<trkpt lat="37.897578" lon="-121.988620"><ele>120.6</ele><time>2026-10-03T14:04:29Z</time></trkpt>
<trkpt lat="37.897555" lon="-121.988644"><ele>120.8</ele><time>2026-10-03T14:04:30Z</time></trkpt>
<trkpt lat="37.897531" lon="-121.988668"><ele>121.0</ele><time>2026-10-03T14:04:31Z</time></trkpt>
<trkpt lat="37.897506" lon="-121.988687"><ele>121.0</ele><time>2026-10-03T14:04:32Z</time></trkpt>
<trkpt lat="37.897480" lon="-121.988707"><ele>121.1</ele><time>2026-10-03T14:04:33Z</time></trkpt>
<trkpt lat="37.897454" lon="-121.988726"><ele>121.1</ele><time>2026-10-03T14:04:34Z</time></trkpt>
<trkpt lat="37.897428" lon="-121.988745"><ele>121.2</ele><time>2026-10-03T14:04:35Z</time></trkpt>
<trkpt lat="37.897402" lon="-121.988764"><ele>121.3</ele><time>2026-10-03T14:04:36Z</time></trkpt>
<trkpt lat="37.897376" lon="-121.988782"><ele>121.3</ele><time>2026-10-03T14:04:37Z</time></trkpt>
<trkpt lat="37.897349" lon="-121.988797"><ele>121.4</ele><time>2026-10-03T14:04:38Z</time></trkpt>
<trkpt lat="37.897321" lon="-121.988813"><ele>121.4</ele><time>2026-10-03T14:04:39Z</time></trkpt>
<trkpt lat="37.897294" lon="-121.988828"><ele>121.4</ele><time>2026-10-03T14:04:40Z</time></trkpt>
<trkpt lat="37.897265" lon="-121.988838"><ele>121.4</ele><time>2026-10-03T14:04:41Z</time></trkpt>
<trkpt lat="37.897236" lon="-121.988848"><ele>121.4</ele><time>2026-10-03T14:04:42Z</time></trkpt>
<trkpt lat="37.897207" lon="-121.988858"><ele>121.5</ele><time>2026-10-03T14:04:43Z</time></trkpt>
<trkpt lat="37.897178" lon="-121.988864"><ele>121.5</ele><time>2026-10-03T14:04:44Z</time></trkpt>
<trkpt lat="37.897148" lon="-121.988871"><ele>121.6</ele><time>2026-10-03T14:04:45Z</time></trkpt>
<trkpt lat="37.897119" lon="-121.988877"><ele>121.7</ele><time>2026-10-03T14:04:46Z</time></trkpt>
<trkpt lat="37.897089" lon="-121.988879"><ele>121.8</ele><time>2026-10-03T14:04:47Z</time></trkpt>
<trkpt lat="37.897059" lon="-121.988881"><ele>121.9</ele><time>2026-10-03T14:04:48Z</time></trkpt>
<trkpt lat="37.897029" lon="-121.988883"><ele>122.0</ele><time>2026-10-03T14:04:49Z</time></trkpt>
<trkpt lat="37.896999" lon="-121.988882"><ele>122.0</ele><time>2026-10-03T14:04:50Z</time></trkpt>
<trkpt lat="37.896969" lon="-121.988881"><ele>122.0</ele><time>2026-10-03T14:04:51Z</time></trkpt>
<trkpt lat="37.896939" lon="-121.988880"><ele>122.0</ele><time>2026-10-03T14:04:52Z</time></trkpt>
<trkpt lat="37.896909" lon="-121.988875"><ele>122.0</ele><time>2026-10-03T14:04:53Z</time></trkpt>
<trkpt lat="37.896880" lon="-121.988870"><ele>122.0</ele><time>2026-10-03T14:04:54Z</time></trkpt>
<trkpt lat="37.896850" lon="-121.988864"><ele>122.0</ele><time>2026-10-03T14:04:55Z</time></trkpt>
<trkpt lat="37.896820" lon="-121.988858"><ele>122.0</ele><time>2026-10-03T14:04:56Z</time></trkpt>
<trkpt lat="37.896791" lon="-121.988852"><ele>122.0</ele><time>2026-10-03T14:04:57Z</time></trkpt>
<trkpt lat="37.896761" lon="-121.988846"><ele>122.0</ele><time>2026-10-03T14:04:58Z</time></trkpt>
<trkpt lat="37.896732" lon="-121.988839"><ele>122.0</ele><time>2026-10-03T14:04:59Z</time></trkpt>
<trkpt lat="37.896702" lon="-121.988831"><ele>122.0</ele><time>2026-10-03T14:05:00Z</time></trkpt>
<trkpt lat="37.896673" lon="-121.988824"><ele>122.0</ele><time>2026-10-03T14:05:01Z</time></trkpt>
<trkpt lat="37.896644" lon="-121.988816"><ele>122.0</ele><time>2026-10-03T14:05:02Z</time></trkpt>
<trkpt lat="37.896615" lon="-121.988808"><ele>122.0</ele><time>2026-10-03T14:05:03Z</time></trkpt>
<trkpt lat="37.896585" lon="-121.988799"><ele>122.0</ele><time>2026-10-03T14:05:04Z</time></trkpt>
<trkpt lat="37.896556" lon="-121.988789"><ele>121.9</ele><time>2026-10-03T14:05:05Z</time></trkpt>
<trkpt lat="37.896527" lon="-121.988779"><ele>121.7</ele><time>2026-10-03T14:05:06Z</time></trkpt>
<trkpt lat="37.896499" lon="-121.988769"><ele>121.6</ele><time>2026-10-03T14:05:07Z</time></trkpt>
<trkpt lat="37.896471" lon="-121.988755"><ele>121.4</ele><time>2026-10-03T14:05:08Z</time></trkpt>
<trkpt lat="37.896443" lon="-121.988740"><ele>121.3</ele><time>2026-10-03T14:05:09Z</time></trkpt>
<trkpt lat="37.896416" lon="-121.988726"><ele>121.1</ele><time>2026-10-03T14:05:10Z</time></trkpt>
<trkpt lat="37.896390" lon="-121.988706"><ele>121.0</ele><time>2026-10-03T14:05:11Z</time></trkpt>
<trkpt lat="37.896365" lon="-121.988685"><ele>120.9</ele><time>2026-10-03T14:05:12Z</time></trkpt>
<trkpt lat="37.896339" lon="-121.988665"><ele>120.8</ele><time>2026-10-03T14:05:13Z</time></trkpt>
<trkpt lat="37.896315" lon="-121.988643"><ele>120.8</ele><time>2026-10-03T14:05:14Z</time></trkpt>
<trkpt lat="37.896291" lon="-121.988621"><ele>120.8</ele><time>2026-10-03T14:05:15Z</time></trkpt>
<trkpt lat="37.896266" lon="-121.988599"><ele>120.8</ele><time>2026-10-03T14:05:16Z</time></trkpt>
<trkpt lat="37.896244" lon="-121.988574"><ele>120.7</ele><time>2026-10-03T14:05:17Z</time></trkpt>
<trkpt lat="37.896222" lon="-121.988548"><ele>120.6</ele><time>2026-10-03T14:05:18Z</time></trkpt>
<trkpt lat="37.896200" lon="-121.988523"><ele>120.5</ele><time>2026-10-03T14:05:19Z</time></trkpt>
<trkpt lat="37.896178" lon="-121.988497"><ele>120.4</ele><time>2026-10-03T14:05:20Z</time></trkpt>
<trkpt lat="37.896156" lon="-121.988471"><ele>120.3</ele><time>2026-10-03T14:05:21Z</time></trkpt>
<trkpt lat="37.896134" lon="-121.988446"><ele>120.1</ele><time>2026-10-03T14:05:22Z</time></trkpt>
<trkpt lat="37.896112" lon="-121.988419"><ele>119.9</ele><time>2026-10-03T14:05:23Z</time></trkpt>
<trkpt lat="37.896091" lon="-121.988392"><ele>119.6</ele><time>2026-10-03T14:05:24Z</time></trkpt>
<trkpt lat="37.896069" lon="-121.988366"><ele>119.4</ele><time>2026-10-03T14:05:25Z</time></trkpt>
<trkpt lat="37.896046" lon="-121.988342"><ele>119.1</ele><time>2026-10-03T14:05:26Z</time></trkpt>
<trkpt lat="37.896023" lon="-121.988318"><ele>118.8</ele><time>2026-10-03T14:05:27Z</time></trkpt>
<trkpt lat="37.895999" lon="-121.988295"><ele>118.5</ele><time>2026-10-03T14:05:28Z</time></trkpt>
<trkpt lat="37.895974" lon="-121.988275"><ele>118.4</ele><time>2026-10-03T14:05:29Z</time></trkpt>
<trkpt lat="37.895948" lon="-121.988256"><ele>118.2</ele><time>2026-10-03T14:05:30Z</time></trkpt>
<trkpt lat="37.895922" lon="-121.988237"><ele>118.0</ele><time>2026-10-03T14:05:31Z</time></trkpt>
<trkpt lat="37.895895" lon="-121.988221"><ele>117.9</ele><time>2026-10-03T14:05:32Z</time></trkpt>
<trkpt lat="37.895868" lon="-121.988204"><ele>117.7</ele><time>2026-10-03T14:05:33Z</time></trkpt>
<trkpt lat="37.895841" lon="-121.988187"><ele>117.6</ele><time>2026-10-03T14:05:34Z</time></trkpt>
<trkpt lat="37.895813" lon="-121.988174"><ele>117.3</ele><time>2026-10-03T14:05:35Z</time></trkpt>
<trkpt lat="37.895785" lon="-121.988160"><ele>117.1</ele><time>2026-10-03T14:05:36Z</time></trkpt>
<trkpt lat="37.895757" lon="-121.988147"><ele>116.8</ele><time>2026-10-03T14:05:37Z</time></trkpt>
<trkpt lat="37.895728" lon="-121.988139"><ele>116.7</ele><time>2026-10-03T14:05:38Z</time></trkpt>
<trkpt lat="37.895699" lon="-121.988131"><ele>116.7</ele><time>2026-10-03T14:05:39Z</time></trkpt>
<trkpt lat="37.895670" lon="-121.988124"><ele>116.6</ele><time>2026-10-03T14:05:40Z</time></trkpt>
<trkpt lat="37.895640" lon="-121.988120"><ele>116.6</ele><time>2026-10-03T14:05:41Z</time></trkpt>
<trkpt lat="37.895610" lon="-121.988117"><ele>116.6</ele><time>2026-10-03T14:05:42Z</time></trkpt>
<trkpt lat="37.895580" lon="-121.988113"><ele>116.6</ele><time>2026-10-03T14:05:43Z</time></trkpt>
<trkpt lat="37.895550" lon="-121.988113"><ele>116.6</ele><time>2026-10-03T14:05:44Z</time></trkpt>
<trkpt lat="37.895520" lon="-121.988112"><ele>116.6</ele><time>2026-10-03T14:05:45Z</time></trkpt>
<trkpt lat="37.895490" lon="-121.988111"><ele>116.6</ele><time>2026-10-03T14:05:46Z</time></trkpt>
<trkpt lat="37.895460" lon="-121.988113"><ele>116.6</ele><time>2026-10-03T14:05:47Z</time></trkpt>
<trkpt lat="37.895430" lon="-121.988115"><ele>116.6</ele><time>2026-10-03T14:05:48Z</time></trkpt>
<trkpt lat="37.895401" lon="-121.988116"><ele>116.6</ele><time>2026-10-03T14:05:49Z</time></trkpt>
<trkpt lat="37.895371" lon="-121.988120"><ele>116.5</ele><time>2026-10-03T14:05:50Z</time></trkpt>
<trkpt lat="37.895341" lon="-121.988123"><ele>116.4</ele><time>2026-10-03T14:05:51Z</time></trkpt>
<trkpt lat="37.895311" lon="-121.988127"><ele>116.3</ele><time>2026-10-03T14:05:52Z</time></trkpt>
<trkpt lat="37.895281" lon="-121.988130"><ele>116.3</ele><time>2026-10-03T14:05:53Z</time></trkpt>
<trkpt lat="37.895251" lon="-121.988134"><ele>116.2</ele><time>2026-10-03T14:05:54Z</time></trkpt>
<trkpt lat="37.895221" lon="-121.988137"><ele>116.2</ele><time>2026-10-03T14:05:55Z</time></trkpt>
<trkpt lat="37.895192" lon="-121.988141"><ele>116.2</ele><time>2026-10-03T14:05:56Z</time></trkpt>
<trkpt lat="37.895162" lon="-121.988144"><ele>116.2</ele><time>2026-10-03T14:05:57Z</time></trkpt>
<trkpt lat="37.895132" lon="-121.988148"><ele>116.2</ele><time>2026-10-03T14:05:58Z</time></trkpt>
<trkpt lat="37.895102" lon="-121.988149"><ele>116.1</ele><time>2026-10-03T14:05:59Z</time></trkpt>
<trkpt lat="37.895072" lon="-121.988150"><ele>116.0</ele><time>2026-10-03T14:06:00Z</time></trkpt>
<trkpt lat="37.895042" lon="-121.988151"><ele>115.9</ele><time>2026-10-03T14:06:01Z</time></trkpt>
<trkpt lat="37.895012" lon="-121.988149"><ele>115.8</ele><time>2026-10-03T14:06:02Z</time></trkpt>
<trkpt lat="37.894982" lon="-121.988147"><ele>115.6</ele><time>2026-10-03T14:06:03Z</time></trkpt>
<trkpt lat="37.894952" lon="-121.988145"><ele>115.4</ele><time>2026-10-03T14:06:04Z</time></trkpt>
<trkpt lat="37.894923" lon="-121.988137"><ele>115.4</ele><time>2026-10-03T14:06:05Z</time></trkpt>
<trkpt lat="37.894894" lon="-121.988130"><ele>115.4</ele><time>2026-10-03T14:06:06Z</time></trkpt>
<trkpt lat="37.894864" lon="-121.988122"><ele>115.4</ele><time>2026-10-03T14:06:07Z</time></trkpt>
<trkpt lat="37.894836" lon="-121.988109"><ele>115.4</ele><time>2026-10-03T14:06:08Z</time></trkpt>
<trkpt lat="37.894808" lon="-121.988097"><ele>115.4</ele><time>2026-10-03T14:06:09Z</time></trkpt>
<trkpt lat="37.894780" lon="-121.988084"><ele>115.4</ele><time>2026-10-03T14:06:10Z</time></trkpt>
<trkpt lat="37.894753" lon="-121.988067"><ele>115.4</ele><time>2026-10-03T14:06:11Z</time></trkpt>
<trkpt lat="37.894726" lon="-121.988051"><ele>115.3</ele><time>2026-10-03T14:06:12Z</time></trkpt>
<trkpt lat="37.894699" lon="-121.988035"><ele>115.3</ele><time>2026-10-03T14:06:13Z</time></trkpt>
<trkpt lat="37.894674" lon="-121.988014"><ele>115.2</ele><time>2026-10-03T14:06:14Z</time></trkpt>
<trkpt lat="37.894648" lon="-121.987994"><ele>115.1</ele><time>2026-10-03T14:06:15Z</time></trkpt>
<trkpt lat="37.894623" lon="-121.987974"><ele>115.1</ele><time>2026-10-03T14:06:16Z</time></trkpt>
<trkpt lat="37.894598" lon="-121.987952"><ele>115.0</ele><time>2026-10-03T14:06:17Z</time></trkpt>
<trkpt lat="37.894573" lon="-121.987931"><ele>114.9</ele><time>2026-10-03T14:06:18Z</time></trkpt>
<trkpt lat="37.894549" lon="-121.987910"><ele>114.8</ele><time>2026-10-03T14:06:19Z</time></trkpt>
<trkpt lat="37.894524" lon="-121.987887"><ele>114.7</ele><time>2026-10-03T14:06:20Z</time></trkpt>
<trkpt lat="37.894500" lon="-121.987865"><ele>114.6</ele><time>2026-10-03T14:06:21Z</time></trkpt>
<trkpt lat="37.894476" lon="-121.987842"><ele>114.5</ele><time>2026-10-03T14:06:22Z</time></trkpt>
<trkpt lat="37.894453" lon="-121.987818"><ele>114.2</ele><time>2026-10-03T14:06:23Z</time></trkpt>
<trkpt lat="37.894430" lon="-121.987794"><ele>113.8</ele><time>2026-10-03T14:06:24Z</time></trkpt>
<trkpt lat="37.894406" lon="-121.987770"><ele>113.5</ele><time>2026-10-03T14:06:25Z</time></trkpt>
<trkpt lat="37.894383" lon="-121.987746"><ele>113.4</ele><time>2026-10-03T14:06:26Z</time></trkpt>
<trkpt lat="37.894361" lon="-121.987721"><ele>113.2</ele><time>2026-10-03T14:06:27Z</time></trkpt>
<trkpt lat="37.894338" lon="-121.987696"><ele>113.1</ele><time>2026-10-03T14:06:28Z</time></trkpt>
<trkpt lat="37.894316" lon="-121.987670"><ele>113.1</ele><time>2026-10-03T14:06:29Z</time></trkpt>
<trkpt lat="37.894295" lon="-121.987644"><ele>113.0</ele><time>2026-10-03T14:06:30Z</time></trkpt>
<trkpt lat="37.894273" lon="-121.987618"><ele>113.0</ele><time>2026-10-03T14:06:31Z</time></trkpt>
<trkpt lat="37.894252" lon="-121.987591"><ele>112.8</ele><time>2026-10-03T14:06:32Z</time></trkpt>
<trkpt lat="37.894231" lon="-121.987564"><ele>112.6</ele><time>2026-10-03T14:06:33Z</time></trkpt>
<trkpt lat="37.894210" lon="-121.987537"><ele>112.4</ele><time>2026-10-03T14:06:34Z</time></trkpt>
<trkpt lat="37.894189" lon="-121.987509"><ele>112.2</ele><time>2026-10-03T14:06:35Z</time></trkpt>
<trkpt lat="37.894168" lon="-121.987482"><ele>111.9</ele><time>2026-10-03T14:06:36Z</time></trkpt>
<trkpt lat="37.894147" lon="-121.987455"><ele>111.7</ele><time>2026-10-03T14:06:37Z</time></trkpt>
<trkpt lat="37.894126" lon="-121.987427"><ele>111.4</ele><time>2026-10-03T14:06:38Z</time></trkpt>
<trkpt lat="37.894106" lon="-121.987400"><ele>111.2</ele><time>2026-10-03T14:06:39Z</time></trkpt>
<trkpt lat="37.894085" lon="-121.987373"><ele>111.0</ele><time>2026-10-03T14:06:40Z</time></trkpt>
<trkpt lat="37.894063" lon="-121.987346"><ele>110.9</ele><time>2026-10-03T14:06:41Z</time></trkpt>
<trkpt lat="37.894042" lon="-121.987320"><ele>110.7</ele><time>2026-10-03T14:06:42Z</time></trkpt>
<trkpt lat="37.894020" lon="-121.987294"><ele>110.6</ele><time>2026-10-03T14:06:43Z</time></trkpt>
<trkpt lat="37.893996" lon="-121.987270"><ele>110.5</ele><time>2026-10-03T14:06:44Z</time></trkpt>
<trkpt lat="37.893973" lon="-121.987247"><ele>110.5</ele><time>2026-10-03T14:06:45Z</time></trkpt>
<trkpt lat="37.893949" lon="-121.987224"><ele>110.4</ele><time>2026-10-03T14:06:46Z</time></trkpt>
<trkpt lat="37.893925" lon="-121.987202"><ele>110.4</ele><time>2026-10-03T14:06:47Z</time></trkpt>
<trkpt lat="37.893900" lon="-121.987180"><ele>110.4</ele><time>2026-10-03T14:06:48Z</time></trkpt>
<trkpt lat="37.893876" lon="-121.987158"><ele>110.4</ele><time>2026-10-03T14:06:49Z</time></trkpt>
<trkpt lat="37.893851" lon="-121.987137"><ele>110.4</ele><time>2026-10-03T14:06:50Z</time></trkpt>
<trkpt lat="37.893826" lon="-121.987115"><ele>110.4</ele><time>2026-10-03T14:06:51Z</time></trkpt>
<trkpt lat="37.893801" lon="-121.987094"><ele>110.4</ele><time>2026-10-03T14:06:52Z</time></trkpt>
<trkpt lat="37.893777" lon="-121.987072"><ele>110.7</ele><time>2026-10-03T14:06:53Z</time></trkpt>
<trkpt lat="37.893753" lon="-121.987050"><ele>111.0</ele><time>2026-10-03T14:06:54Z</time></trkpt>
<trkpt lat="37.893728" lon="-121.987028"><ele>111.3</ele><time>2026-10-03T14:06:55Z</time></trkpt>
<trkpt lat="37.893706" lon="-121.987002"><ele>111.8</ele><time>2026-10-03T14:06:56Z</time></trkpt>
<trkpt lat="37.893685" lon="-121.986976"><ele>112.3</ele><time>2026-10-03T14:06:57Z</time></trkpt>
<trkpt lat="37.893663" lon="-121.986950"><ele>112.8</ele><time>2026-10-03T14:06:58Z</time></trkpt>
<trkpt lat="37.893644" lon="-121.986920"><ele>113.1</ele><time>2026-10-03T14:06:59Z</time></trkpt>
<trkpt lat="37.893626" lon="-121.986890"><ele>113.4</ele><time>2026-10-03T14:07:00Z</time></trkpt>
<trkpt lat="37.893607" lon="-121.986860"><ele>113.7</ele><time>2026-10-03T14:07:01Z</time></trkpt>
<trkpt lat="37.893592" lon="-121.986828"><ele>114.0</ele><time>2026-10-03T14:07:02Z</time></trkpt>
<trkpt lat="37.893576" lon="-121.986795"><ele>114.2</ele><time>2026-10-03T14:07:03Z</time></trkpt>
<trkpt lat="37.893560" lon="-121.986763"><ele>114.4</ele><time>2026-10-03T14:07:04Z</time></trkpt>
<trkpt lat="37.893544" lon="-121.986731"><ele>114.8</ele><time>2026-10-03T14:07:05Z</time></trkpt>
<trkpt lat="37.893528" lon="-121.986699"><ele>115.1</ele><time>2026-10-03T14:07:06Z</time></trkpt>
<trkpt lat="37.893511" lon="-121.986667"><ele>115.4</ele><time>2026-10-03T14:07:07Z</time></trkpt>
<trkpt lat="37.893495" lon="-121.986636"><ele>115.8</ele><time>2026-10-03T14:07:08Z</time></trkpt>
<trkpt lat="37.893479" lon="-121.986604"><ele>116.1</ele><time>2026-10-03T14:07:09Z</time></trkpt>
<trkpt lat="37.893462" lon="-121.986572"><ele>116.5</ele><time>2026-10-03T14:07:10Z</time></trkpt>
<trkpt lat="37.893445" lon="-121.986541"><ele>116.7</ele><time>2026-10-03T14:07:11Z</time></trkpt>
<trkpt lat="37.893429" lon="-121.986509"><ele>116.8</ele><time>2026-10-03T14:07:12Z</time></trkpt>
<trkpt lat="37.893412" lon="-121.986477"><ele>117.0</ele><time>2026-10-03T14:07:13Z</time></trkpt>
<trkpt lat="37.893394" lon="-121.986448"><ele>117.1</ele><time>2026-10-03T14:07:14Z</time></trkpt>
<trkpt lat="37.893375" lon="-121.986418"><ele>117.2</ele><time>2026-10-03T14:07:15Z</time></trkpt>
<trkpt lat="37.893356" lon="-121.986388"><ele>117.3</ele><time>2026-10-03T14:07:16Z</time></trkpt>
<trkpt lat="37.893337" lon="-121.986359"><ele>117.5</ele><time>2026-10-03T14:07:17Z</time></trkpt>
<trkpt lat="37.893317" lon="-121.986330"><ele>117.6</ele><time>2026-10-03T14:07:18Z</time></trkpt>
<trkpt lat="37.893298" lon="-121.986301"><ele>117.8</ele><time>2026-10-03T14:07:19Z</time></trkpt>
<trkpt lat="37.893277" lon="-121.986274"><ele>118.1</ele><time>2026-10-03T14:07:20Z</time></trkpt>
<trkpt lat="37.893256" lon="-121.986247"><ele>118.3</ele><time>2026-10-03T14:07:21Z</time></trkpt>
<trkpt lat="37.893236" lon="-121.986219"><ele>118.6</ele><time>2026-10-03T14:07:22Z</time></trkpt>
<trkpt lat="37.893215" lon="-121.986192"><ele>118.8</ele><time>2026-10-03T14:07:23Z</time></trkpt>
<trkpt lat="37.893194" lon="-121.986165"><ele>119.0</ele><time>2026-10-03T14:07:24Z</time></trkpt>
<trkpt lat="37.893173" lon="-121.986138"><ele>119.2</ele><time>2026-10-03T14:07:25Z</time></trkpt>
<trkpt lat="37.893151" lon="-121.986111"><ele>119.4</ele><time>2026-10-03T14:07:26Z</time></trkpt>
<trkpt lat="37.893130" lon="-121.986085"><ele>119.7</ele><time>2026-10-03T14:07:27Z</time></trkpt>
<trkpt lat="37.893108" lon="-121.986059"><ele>119.9</ele><time>2026-10-03T14:07:28Z</time></trkpt>
<trkpt lat="37.893087" lon="-121.986032"><ele>120.0</ele><time>2026-10-03T14:07:29Z</time></trkpt>
<trkpt lat="37.893066" lon="-121.986005"><ele>120.2</ele><time>2026-10-03T14:07:30Z</time></trkpt>
<trkpt lat="37.893045" lon="-121.985978"><ele>120.3</ele><time>2026-10-03T14:07:31Z</time></trkpt>
<trkpt lat="37.893023" lon="-121.985951"><ele>120.5</ele><time>2026-10-03T14:07:32Z</time></trkpt>
<trkpt lat="37.893002" lon="-121.985925"><ele>120.7</ele><time>2026-10-03T14:07:33Z</time></trkpt>
<trkpt lat="37.892980" lon="-121.985898"><ele>120.9</ele><time>2026-10-03T14:07:34Z</time></trkpt>
<trkpt lat="37.892957" lon="-121.985874"><ele>121.1</ele><time>2026-10-03T14:07:35Z</time></trkpt>
<trkpt lat="37.892935" lon="-121.985849"><ele>121.2</ele><time>2026-10-03T14:07:36Z</time></trkpt>
<trkpt lat="37.892912" lon="-121.985825"><ele>121.4</ele><time>2026-10-03T14:07:37Z</time></trkpt>
<trkpt lat="37.892886" lon="-121.985806"><ele>121.5</ele><time>2026-10-03T14:07:38Z</time></trkpt>
<trkpt lat="37.892860" lon="-121.985786"><ele>121.6</ele><time>2026-10-03T14:07:39Z</time></trkpt>
<trkpt lat="37.892834" lon="-121.985767"><ele>121.7</ele><time>2026-10-03T14:07:40Z</time></trkpt>
<trkpt lat="37.892806" lon="-121.985754"><ele>121.9</ele><time>2026-10-03T14:07:41Z</time></trkpt>
<trkpt lat="37.892778" lon="-121.985742"><ele>122.1</ele><time>2026-10-03T14:07:42Z</time></trkpt>
<trkpt lat="37.892750" lon="-121.985729"><ele>122.3</ele><time>2026-10-03T14:07:43Z</time></trkpt>
<trkpt lat="37.892720" lon="-121.985726"><ele>122.4</ele><time>2026-10-03T14:07:44Z</time></trkpt>
<trkpt lat="37.892690" lon="-121.985723"><ele>122.5</ele><time>2026-10-03T14:07:45Z</time></trkpt>
<trkpt lat="37.892660" lon="-121.985720"><ele>122.6</ele><time>2026-10-03T14:07:46Z</time></trkpt>
<trkpt lat="37.892631" lon="-121.985716"><ele>122.9</ele><time>2026-10-03T14:07:47Z</time></trkpt>
<trkpt lat="37.892601" lon="-121.985712"><ele>123.3</ele><time>2026-10-03T14:07:48Z</time></trkpt>
<trkpt lat="37.892571" lon="-121.985708"><ele>123.6</ele><time>2026-10-03T14:07:49Z</time></trkpt>
<trkpt lat="37.892542" lon="-121.985701"><ele>124.0</ele><time>2026-10-03T14:07:50Z</time></trkpt>
<trkpt lat="37.892512" lon="-121.985695"><ele>124.3</ele><time>2026-10-03T14:07:51Z</time></trkpt>
<trkpt lat="37.892483" lon="-121.985688"><ele>124.7</ele><time>2026-10-03T14:07:52Z</time></trkpt>
<trkpt lat="37.892453" lon="-121.985679"><ele>124.9</ele><time>2026-10-03T14:07:53Z</time></trkpt>
<trkpt lat="37.892424" lon="-121.985671"><ele>125.2</ele><time>2026-10-03T14:07:54Z</time></trkpt>
<trkpt lat="37.892395" lon="-121.985663"><ele>125.4</ele><time>2026-10-03T14:07:55Z</time></trkpt>
<trkpt lat="37.892367" lon="-121.985650"><ele>125.5</ele><time>2026-10-03T14:07:56Z</time></trkpt>
<trkpt lat="37.892339" lon="-121.985636"><ele>125.6</ele><time>2026-10-03T14:07:57Z</time></trkpt>
<trkpt lat="37.892311" lon="-121.985623"><ele>125.7</ele><time>2026-10-03T14:07:58Z</time></trkpt>
<trkpt lat="37.892284" lon="-121.985606"><ele>125.9</ele><time>2026-10-03T14:07:59Z</time></trkpt>
<trkpt lat="37.892258" lon="-121.985588"><ele>126.1</ele><time>2026-10-03T14:08:00Z</time></trkpt>
<trkpt lat="37.892231" lon="-121.985571"><ele>126.2</ele><time>2026-10-03T14:08:01Z</time></trkpt>
<trkpt lat="37.892208" lon="-121.985547"><ele>126.5</ele><time>2026-10-03T14:08:02Z</time></trkpt>
<trkpt lat="37.892185" lon="-121.985522"><ele>126.7</ele><time>2026-10-03T14:08:03Z</time></trkpt>
<trkpt lat="37.892162" lon="-121.985498"><ele>127.0</ele><time>2026-10-03T14:08:04Z</time></trkpt>
<trkpt lat="37.892144" lon="-121.985468"><ele>127.1</ele><time>2026-10-03T14:08:05Z</time></trkpt>
<trkpt lat="37.892126" lon="-121.985438"><ele>127.3</ele><time>2026-10-03T14:08:06Z</time></trkpt>
<trkpt lat="37.892108" lon="-121.985408"><ele>127.4</ele><time>2026-10-03T14:08:07Z</time></trkpt>
<trkpt lat="37.892094" lon="-121.985374"><ele>127.6</ele><time>2026-10-03T14:08:08Z</time></trkpt>
<trkpt lat="37.892080" lon="-121.985340"><ele>127.8</ele><time>2026-10-03T14:08:09Z</time></trkpt>
<trkpt lat="37.892067" lon="-121.985306"><ele>128.0</ele><time>2026-10-03T14:08:10Z</time></trkpt>
<trkpt lat="37.892056" lon="-121.985271"><ele>128.2</ele><time>2026-10-03T14:08:11Z</time></trkpt>
<trkpt lat="37.892046" lon="-121.985235"><ele>128.4</ele><time>2026-10-03T14:08:12Z</time></trkpt>
<trkpt lat="37.892035" lon="-121.985200"><ele>128.6</ele><time>2026-10-03T14:08:13Z</time></trkpt>
<trkpt lat="37.892029" lon="-121.985163"><ele>128.5</ele><time>2026-10-03T14:08:14Z</time></trkpt>
<trkpt lat="37.892023" lon="-121.985126"><ele>128.4</ele><time>2026-10-03T14:08:15Z</time></trkpt>
<trkpt lat="37.892017" lon="-121.985089"><ele>128.3</ele><time>2026-10-03T14:08:16Z</time></trkpt>
<trkpt lat="37.892010" lon="-121.985052"><ele>128.3</ele><time>2026-10-03T14:08:17Z</time></trkpt>
<trkpt lat="37.892003" lon="-121.985015"><ele>128.2</ele><time>2026-10-03T14:08:18Z</time></trkpt>
<trkpt lat="37.891997" lon="-121.984977"><ele>128.2</ele><time>2026-10-03T14:08:19Z</time></trkpt>
<trkpt lat="37.891989" lon="-121.984941"><ele>128.2</ele><time>2026-10-03T14:08:20Z</time></trkpt>
<trkpt lat="37.891981" lon="-121.984904"><ele>128.2</ele><time>2026-10-03T14:08:21Z</time></trkpt>
<trkpt lat="37.891973" lon="-121.984868"><ele>128.2</ele><time>2026-10-03T14:08:22Z</time></trkpt>
<trkpt lat="37.891965" lon="-121.984831"><ele>128.2</ele><time>2026-10-03T14:08:23Z</time></trkpt>
<trkpt lat="37.891956" lon="-121.984795"><ele>128.2</ele><time>2026-10-03T14:08:24Z</time></trkpt>
<trkpt lat="37.891948" lon="-121.984758"><ele>128.2</ele><time>2026-10-03T14:08:25Z</time></trkpt>
<trkpt lat="37.891939" lon="-121.984722"><ele>128.3</ele><time>2026-10-03T14:08:26Z</time></trkpt>
<trkpt lat="37.891929" lon="-121.984686"><ele>128.5</ele><time>2026-10-03T14:08:27Z</time></trkpt>
<trkpt lat="37.891920" lon="-121.984650"><ele>128.6</ele><time>2026-10-03T14:08:28Z</time></trkpt>
<trkpt lat="37.891910" lon="-121.984614"><ele>128.7</ele><time>2026-10-03T14:08:29Z</time></trkpt>
<trkpt lat="37.891899" lon="-121.984579"><ele>128.9</ele><time>2026-10-03T14:08:30Z</time></trkpt>
<trkpt lat="37.891889" lon="-121.984543"><ele>129.0</ele><time>2026-10-03T14:08:31Z</time></trkpt>
<trkpt lat="37.891878" lon="-121.984508"><ele>129.0</ele><time>2026-10-03T14:08:32Z</time></trkpt>
<trkpt lat="37.891867" lon="-121.984472"><ele>129.0</ele><time>2026-10-03T14:08:33Z</time></trkpt>
<trkpt lat="37.891856" lon="-121.984437"><ele>129.0</ele><time>2026-10-03T14:08:34Z</time></trkpt>
<trkpt lat="37.891843" lon="-121.984403"><ele>129.1</ele><time>2026-10-03T14:08:35Z</time></trkpt>
<trkpt lat="37.891830" lon="-121.984369"><ele>129.2</ele><time>2026-10-03T14:08:36Z</time></trkpt>
<trkpt lat="37.891817" lon="-121.984334"><ele>129.4</ele><time>2026-10-03T14:08:37Z</time></trkpt>
<trkpt lat="37.891801" lon="-121.984302"><ele>129.5</ele><time>2026-10-03T14:08:38Z</time></trkpt>
<trkpt lat="37.891785" lon="-121.984270"><ele>129.6</ele><time>2026-10-03T14:08:39Z</time></trkpt>
<trkpt lat="37.891769" lon="-121.984238"><ele>129.7</ele><time>2026-10-03T14:08:40Z</time></trkpt>
<trkpt lat="37.891750" lon="-121.984209"><ele>129.9</ele><time>2026-10-03T14:08:41Z</time></trkpt>
<trkpt lat="37.891731" lon="-121.984179"><ele>130.2</ele><time>2026-10-03T14:08:42Z</time></trkpt>
<trkpt lat="37.891713" lon="-121.984149"><ele>130.4</ele><time>2026-10-03T14:08:43Z</time></trkpt>
<trkpt lat="37.891694" lon="-121.984120"><ele>130.6</ele><time>2026-10-03T14:08:44Z</time></trkpt>
<trkpt lat="37.891675" lon="-121.984090"><ele>130.8</ele><time>2026-10-03T14:08:45Z</time></trkpt>
<trkpt lat="37.891656" lon="-121.984061"><ele>131.0</ele><time>2026-10-03T14:08:46Z</time></trkpt>
<trkpt lat="37.891637" lon="-121.984031"><ele>131.0</ele><time>2026-10-03T14:08:47Z</time></trkpt>
<trkpt lat="37.891618" lon="-121.984002"><ele>131.1</ele><time>2026-10-03T14:08:48Z</time></trkpt>
<trkpt lat="37.891599" lon="-121.983973"><ele>131.2</ele><time>2026-10-03T14:08:49Z</time></trkpt>
<trkpt lat="37.891580" lon="-121.983944"><ele>131.3</ele><time>2026-10-03T14:08:50Z</time></trkpt>
<trkpt lat="37.891561" lon="-121.983914"><ele>131.5</ele><time>2026-10-03T14:08:51Z</time></trkpt>
<trkpt lat="37.891542" lon="-121.983885"><ele>131.6</ele><time>2026-10-03T14:08:52Z</time></trkpt>
<trkpt lat="37.891521" lon="-121.983857"><ele>131.7</ele><time>2026-10-03T14:08:53Z</time></trkpt>
<trkpt lat="37.891501" lon="-121.983829"><ele>131.9</ele><time>2026-10-03T14:08:54Z</time></trkpt>
<trkpt lat="37.891481" lon="-121.983801"><ele>132.0</ele><time>2026-10-03T14:08:55Z</time></trkpt>
<trkpt lat="37.891460" lon="-121.983774"><ele>132.1</ele><time>2026-10-03T14:08:56Z</time></trkpt>
<trkpt lat="37.891439" lon="-121.983747"><ele>132.1</ele><time>2026-10-03T14:08:57Z</time></trkpt>
<trkpt lat="37.891418" lon="-121.983719"><ele>132.2</ele><time>2026-10-03T14:08:58Z</time></trkpt>
<trkpt lat="37.891398" lon="-121.983692"><ele>132.3</ele><time>2026-10-03T14:08:59Z</time></trkpt>
<trkpt lat="37.891377" lon="-121.983664"><ele>132.3</ele><time>2026-10-03T14:09:00Z</time></trkpt>
<trkpt lat="37.891357" lon="-121.983636"><ele>132.4</ele><time>2026-10-03T14:09:01Z</time></trkpt>
<trkpt lat="37.891335" lon="-121.983610"><ele>132.5</ele><time>2026-10-03T14:09:02Z</time></trkpt>
<trkpt lat="37.891314" lon="-121.983584"><ele>132.5</ele><time>2026-10-03T14:09:03Z</time></trkpt>
<trkpt lat="37.891292" lon="-121.983557"><ele>132.6</ele><time>2026-10-03T14:09:04Z</time></trkpt>
<trkpt lat="37.891270" lon="-121.983531"><ele>132.5</ele><time>2026-10-03T14:09:05Z</time></trkpt>
<trkpt lat="37.891248" lon="-121.983505"><ele>132.3</ele><time>2026-10-03T14:09:06Z</time></trkpt>
<trkpt lat="37.891227" lon="-121.983479"><ele>132.2</ele><time>2026-10-03T14:09:07Z</time></trkpt>
<trkpt lat="37.891205" lon="-121.983453"><ele>132.2</ele><time>2026-10-03T14:09:08Z</time></trkpt>
<trkpt lat="37.891184" lon="-121.983426"><ele>132.2</ele><time>2026-10-03T14:09:09Z</time></trkpt>
<trkpt lat="37.891162" lon="-121.983399"><ele>132.2</ele><time>2026-10-03T14:09:10Z</time></trkpt>
<trkpt lat="37.891141" lon="-121.983373"><ele>132.4</ele><time>2026-10-03T14:09:11Z</time></trkpt>
<trkpt lat="37.891119" lon="-121.983346"><ele>132.6</ele><time>2026-10-03T14:09:12Z</time></trkpt>
<trkpt lat="37.891098" lon="-121.983320"><ele>132.8</ele><time>2026-10-03T14:09:13Z</time></trkpt>
<trkpt lat="37.891076" lon="-121.983294"><ele>133.0</ele><time>2026-10-03T14:09:14Z</time></trkpt>
<trkpt lat="37.891054" lon="-121.983268"><ele>133.1</ele><time>2026-10-03T14:09:15Z</time></trkpt>
<trkpt lat="37.891032" lon="-121.983242"><ele>133.3</ele><time>2026-10-03T14:09:16Z</time></trkpt>
<trkpt lat="37.891011" lon="-121.983216"><ele>133.6</ele><time>2026-10-03T14:09:17Z</time></trkpt>
<trkpt lat="37.890989" lon="-121.983190"><ele>133.9</ele><time>2026-10-03T14:09:18Z</time></trkpt>
<trkpt lat="37.890967" lon="-121.983163"><ele>134.2</ele><time>2026-10-03T14:09:19Z</time></trkpt>
<trkpt lat="37.890946" lon="-121.983137"><ele>134.4</ele><time>2026-10-03T14:09:20Z</time></trkpt>
<trkpt lat="37.890925" lon="-121.983110"><ele>134.5</ele><time>2026-10-03T14:09:21Z</time></trkpt>
<trkpt lat="37.890903" lon="-121.983083"><ele>134.6</ele><time>2026-10-03T14:09:22Z</time></trkpt>
<trkpt lat="37.890882" lon="-121.983057"><ele>134.8</ele><time>2026-10-03T14:09:23Z</time></trkpt>
<trkpt lat="37.890860" lon="-121.983031"><ele>135.0</ele><time>2026-10-03T14:09:24Z</time></trkpt>
<trkpt lat="37.890838" lon="-121.983004"><ele>135.2</ele><time>2026-10-03T14:09:25Z</time></trkpt>
<trkpt lat="37.890817" lon="-121.982978"><ele>135.2</ele><time>2026-10-03T14:09:26Z</time></trkpt>
<trkpt lat="37.890796" lon="-121.982951"><ele>135.2</ele><time>2026-10-03T14:09:27Z</time></trkpt>
<trkpt lat="37.890774" lon="-121.982925"><ele>135.2</ele><time>2026-10-03T14:09:28Z</time></trkpt>
<trkpt lat="37.890752" lon="-121.982898"><ele>135.2</ele><time>2026-10-03T14:09:29Z</time></trkpt>
<trkpt lat="37.890731" lon="-121.982872"><ele>135.2</ele><time>2026-10-03T14:09:30Z</time></trkpt>
<trkpt lat="37.890709" lon="-121.982846"><ele>135.2</ele><time>2026-10-03T14:09:31Z</time></trkpt>
<trkpt lat="37.890687" lon="-121.982821"><ele>135.3</ele><time>2026-10-03T14:09:32Z</time></trkpt>
<trkpt lat="37.890665" lon="-121.982795"><ele>135.4</ele><time>2026-10-03T14:09:33Z</time></trkpt>
<trkpt lat="37.890643" lon="-121.982769"><ele>135.4</ele><time>2026-10-03T14:09:34Z</time></trkpt>
<trkpt lat="37.890620" lon="-121.982744"><ele>135.5</ele><time>2026-10-03T14:09:35Z</time></trkpt>
<trkpt lat="37.890598" lon="-121.982718"><ele>135.5</ele><time>2026-10-03T14:09:36Z</time></trkpt>
<trkpt lat="37.890576" lon="-121.982693"><ele>135.6</ele><time>2026-10-03T14:09:37Z</time></trkpt>
<trkpt lat="37.890554" lon="-121.982668"><ele>135.6</ele><time>2026-10-03T14:09:38Z</time></trkpt>
<trkpt lat="37.890531" lon="-121.982642"><ele>135.6</ele><time>2026-10-03T14:09:39Z</time></trkpt>
<trkpt lat="37.890509" lon="-121.982617"><ele>135.6</ele><time>2026-10-03T14:09:40Z</time></trkpt>
<trkpt lat="37.890486" lon="-121.982592"><ele>135.6</ele><time>2026-10-03T14:09:41Z</time></trkpt>
<trkpt lat="37.890464" lon="-121.982567"><ele>135.6</ele><time>2026-10-03T14:09:42Z</time></trkpt>
<trkpt lat="37.890442" lon="-121.982541"><ele>135.6</ele><time>2026-10-03T14:09:43Z</time></trkpt>
<trkpt lat="37.890419" lon="-121.982517"><ele>135.6</ele><time>2026-10-03T14:09:44Z</time></trkpt>
<trkpt lat="37.890396" lon="-121.982493"><ele>135.7</ele><time>2026-10-03T14:09:45Z</time></trkpt>
<trkpt lat="37.890373" lon="-121.982468"><ele>135.7</ele><time>2026-10-03T14:09:46Z</time></trkpt>
<trkpt lat="37.890350" lon="-121.982444"><ele>135.9</ele><time>2026-10-03T14:09:47Z</time></trkpt>
<trkpt lat="37.890327" lon="-121.982419"><ele>136.0</ele><time>2026-10-03T14:09:48Z</time></trkpt>
<trkpt lat="37.890304" lon="-121.982395"><ele>136.2</ele><time>2026-10-03T14:09:49Z</time></trkpt>
<trkpt lat="37.890282" lon="-121.982369"><ele>136.3</ele><time>2026-10-03T14:09:50Z</time></trkpt>
<trkpt lat="37.890260" lon="-121.982343"><ele>136.3</ele><time>2026-10-03T14:09:51Z</time></trkpt>
<trkpt lat="37.890239" lon="-121.982317"><ele>136.4</ele><time>2026-10-03T14:09:52Z</time></trkpt>
<trkpt lat="37.890219" lon="-121.982288"><ele>136.4</ele><time>2026-10-03T14:09:53Z</time></trkpt>
<trkpt lat="37.890199" lon="-121.982260"><ele>136.4</ele><time>2026-10-03T14:09:54Z</time></trkpt>
<trkpt lat="37.890178" lon="-121.982232"><ele>136.4</ele><time>2026-10-03T14:09:55Z</time></trkpt>
<trkpt lat="37.890159" lon="-121.982203"><ele>136.4</ele><time>2026-10-03T14:09:56Z</time></trkpt>
<trkpt lat="37.890139" lon="-121.982174"><ele>136.4</ele><time>2026-10-03T14:09:57Z</time></trkpt>
<trkpt lat="37.890120" lon="-121.982146"><ele>136.4</ele><time>2026-10-03T14:09:58Z</time></trkpt>
<trkpt lat="37.890100" lon="-121.982117"><ele>136.5</ele><time>2026-10-03T14:09:59Z</time></trkpt>
<trkpt lat="37.890081" lon="-121.982088"><ele>136.5</ele><time>2026-10-03T14:10:00Z</time></trkpt>
<trkpt lat="37.890061" lon="-121.982059"><ele>136.6</ele><time>2026-10-03T14:10:01Z</time></trkpt>
<trkpt lat="37.890041" lon="-121.982031"><ele>136.7</ele><time>2026-10-03T14:10:02Z</time></trkpt>
<trkpt lat="37.890022" lon="-121.982002"><ele>136.8</ele><time>2026-10-03T14:10:03Z</time></trkpt>
<trkpt lat="37.890002" lon="-121.981974"><ele>136.9</ele><time>2026-10-03T14:10:04Z</time></trkpt>
<trkpt lat="37.889981" lon="-121.981946"><ele>136.9</ele><time>2026-10-03T14:10:05Z</time></trkpt>
<trkpt lat="37.889960" lon="-121.981919"><ele>137.0</ele><time>2026-10-03T14:10:06Z</time></trkpt>
<trkpt lat="37.889939" lon="-121.981891"><ele>137.0</ele><time>2026-10-03T14:10:07Z</time></trkpt>
<trkpt lat="37.889918" lon="-121.981865"><ele>137.2</ele><time>2026-10-03T14:10:08Z</time></trkpt>
<trkpt lat="37.889896" lon="-121.981839"><ele>137.3</ele><time>2026-10-03T14:10:09Z</time></trkpt>
<trkpt lat="37.889874" lon="-121.981813"><ele>137.5</ele><time>2026-10-03T14:10:10Z</time></trkpt>
<trkpt lat="37.889852" lon="-121.981788"><ele>137.6</ele><time>2026-10-03T14:10:11Z</time></trkpt>
<trkpt lat="37.889829" lon="-121.981763"><ele>137.6</ele><time>2026-10-03T14:10:12Z</time></trkpt>
<trkpt lat="37.889806" lon="-121.981739"><ele>137.7</ele><time>2026-10-03T14:10:13Z</time></trkpt>
<trkpt lat="37.889783" lon="-121.981714"><ele>137.7</ele><time>2026-10-03T14:10:14Z</time></trkpt>
<trkpt lat="37.889761" lon="-121.981689"><ele>137.8</ele><time>2026-10-03T14:10:15Z</time></trkpt>
<trkpt lat="37.889738" lon="-121.981665"><ele>137.8</ele><time>2026-10-03T14:10:16Z</time></trkpt>
<trkpt lat="37.889715" lon="-121.981640"><ele>137.9</ele><time>2026-10-03T14:10:17Z</time></trkpt>
<trkpt lat="37.889692" lon="-121.981615"><ele>138.0</ele><time>2026-10-03T14:10:18Z</time></trkpt>
<trkpt lat="37.889669" lon="-121.981591"><ele>138.0</ele><time>2026-10-03T14:10:19Z</time></trkpt>
<trkpt lat="37.889647" lon="-121.981566"><ele>138.2</ele><time>2026-10-03T14:10:20Z</time></trkpt>
<trkpt lat="37.889624" lon="-121.981541"><ele>138.4</ele><time>2026-10-03T14:10:21Z</time></trkpt>
<trkpt lat="37.889601" lon="-121.981516"><ele>138.6</ele><time>2026-10-03T14:10:22Z</time></trkpt>
<trkpt lat="37.889578" lon="-121.981493"><ele>138.6</ele><time>2026-10-03T14:10:23Z</time></trkpt>
<trkpt lat="37.889555" lon="-121.981469"><ele>138.6</ele><time>2026-10-03T14:10:24Z</time></trkpt>
<trkpt lat="37.889531" lon="-121.981445"><ele>138.6</ele><time>2026-10-03T14:10:25Z</time></trkpt>
<trkpt lat="37.889508" lon="-121.981421"><ele>138.7</ele><time>2026-10-03T14:10:26Z</time></trkpt>
<trkpt lat="37.889485" lon="-121.981397"><ele>138.7</ele><time>2026-10-03T14:10:27Z</time></trkpt>
<trkpt lat="37.889461" lon="-121.981373"><ele>138.8</ele><time>2026-10-03T14:10:28Z</time></trkpt>
<trkpt lat="37.889438" lon="-121.981350"><ele>138.9</ele><time>2026-10-03T14:10:29Z</time></trkpt>
<trkpt lat="37.889414" lon="-121.981326"><ele>139.1</ele><time>2026-10-03T14:10:30Z</time></trkpt>
<trkpt lat="37.889391" lon="-121.981302"><ele>139.2</ele><time>2026-10-03T14:10:31Z</time></trkpt>
<trkpt lat="37.889367" lon="-121.981279"><ele>139.3</ele><time>2026-10-03T14:10:32Z</time></trkpt>
<trkpt lat="37.889343" lon="-121.981256"><ele>139.3</ele><time>2026-10-03T14:10:33Z</time></trkpt>
<trkpt lat="37.889320" lon="-121.981233"><ele>139.4</ele><time>2026-10-03T14:10:34Z</time></trkpt>
<trkpt lat="37.889296" lon="-121.981209"><ele>139.5</ele><time>2026-10-03T14:10:35Z</time></trkpt>
<trkpt lat="37.889273" lon="-121.981185"><ele>139.7</ele><time>2026-10-03T14:10:36Z</time></trkpt>
<trkpt lat="37.889249" lon="-121.981162"><ele>139.8</ele><time>2026-10-03T14:10:37Z</time></trkpt>
<trkpt lat="37.889225" lon="-121.981139"><ele>139.8</ele><time>2026-10-03T14:10:38Z</time></trkpt>
<trkpt lat="37.889201" lon="-121.981116"><ele>139.9</ele><time>2026-10-03T14:10:39Z</time></trkpt>
<trkpt lat="37.889177" lon="-121.981093"><ele>139.9</ele><time>2026-10-03T14:10:40Z</time></trkpt>
<trkpt lat="37.889153" lon="-121.981072"><ele>140.1</ele><time>2026-10-03T14:10:41Z</time></trkpt>
<trkpt lat="37.889128" lon="-121.981050"><ele>140.3</ele><time>2026-10-03T14:10:42Z</time></trkpt>
<trkpt lat="37.889103" lon="-121.981029"><ele>140.5</ele><time>2026-10-03T14:10:43Z</time></trkpt>
<trkpt lat="37.889078" lon="-121.981009"><ele>140.7</ele><time>2026-10-03T14:10:44Z</time></trkpt>
<trkpt lat="37.889053" lon="-121.980988"><ele>140.8</ele><time>2026-10-03T14:10:45Z</time></trkpt>
<trkpt lat="37.889027" lon="-121.980968"><ele>141.0</ele><time>2026-10-03T14:10:46Z</time></trkpt>
<trkpt lat="37.889002" lon="-121.980948"><ele>141.1</ele><time>2026-10-03T14:10:47Z</time></trkpt>
<trkpt lat="37.888976" lon="-121.980929"><ele>141.3</ele><time>2026-10-03T14:10:48Z</time></trkpt>
<trkpt lat="37.888951" lon="-121.980909"><ele>141.5</ele><time>2026-10-03T14:10:49Z</time></trkpt>
<trkpt lat="37.888925" lon="-121.980889"><ele>141.6</ele><time>2026-10-03T14:10:50Z</time></trkpt>
<trkpt lat="37.888899" lon="-121.980870"><ele>141.8</ele><time>2026-10-03T14:10:51Z</time></trkpt>
<trkpt lat="37.888873" lon="-121.980851"><ele>141.9</ele><time>2026-10-03T14:10:52Z</time></trkpt>
<trkpt lat="37.888848" lon="-121.980831"><ele>142.0</ele><time>2026-10-03T14:10:53Z</time></trkpt>
<trkpt lat="37.888822" lon="-121.980812"><ele>142.0</ele><time>2026-10-03T14:10:54Z</time></trkpt>
<trkpt lat="37.888796" lon="-121.980792"><ele>142.0</ele><time>2026-10-03T14:10:55Z</time></trkpt>
<trkpt lat="37.888770" lon="-121.980773"><ele>142.2</ele><time>2026-10-03T14:10:56Z</time></trkpt>
<trkpt lat="37.888745" lon="-121.980753"><ele>142.4</ele><time>2026-10-03T14:10:57Z</time></trkpt>
<trkpt lat="37.888719" lon="-121.980733"><ele>142.6</ele><time>2026-10-03T14:10:58Z</time></trkpt>
<trkpt lat="37.888693" lon="-121.980716"><ele>142.6</ele><time>2026-10-03T14:10:59Z</time></trkpt>
<trkpt lat="37.888666" lon="-121.980698"><ele>142.7</ele><time>2026-10-03T14:11:00Z</time></trkpt>
<trkpt lat="37.888640" lon="-121.980680"><ele>142.8</ele><time>2026-10-03T14:11:01Z</time></trkpt>
<trkpt lat="37.888613" lon="-121.980663"><ele>142.9</ele><time>2026-10-03T14:11:02Z</time></trkpt>
<trkpt lat="37.888586" lon="-121.980645"><ele>143.0</ele><time>2026-10-03T14:11:03Z</time></trkpt>
<trkpt lat="37.888560" lon="-121.980628"><ele>143.1</ele><time>2026-10-03T14:11:04Z</time></trkpt>
<trkpt lat="37.888533" lon="-121.980612"><ele>143.2</ele><time>2026-10-03T14:11:05Z</time></trkpt>
<trkpt lat="37.888505" lon="-121.980595"><ele>143.3</ele><time>2026-10-03T14:11:06Z</time></trkpt>
<trkpt lat="37.888478" lon="-121.980579"><ele>143.3</ele><time>2026-10-03T14:11:07Z</time></trkpt>
<trkpt lat="37.888450" lon="-121.980566"><ele>143.4</ele><time>2026-10-03T14:11:08Z</time></trkpt>
<trkpt lat="37.888422" lon="-121.980553"><ele>143.4</ele><time>2026-10-03T14:11:09Z</time></trkpt>
<trkpt lat="37.888394" lon="-121.980539"><ele>143.4</ele><time>2026-10-03T14:11:10Z</time></trkpt>
<trkpt lat="37.888366" lon="-121.980527"><ele>143.5</ele><time>2026-10-03T14:11:11Z</time></trkpt>
<trkpt lat="37.888338" lon="-121.980514"><ele>143.5</ele><time>2026-10-03T14:11:12Z</time></trkpt>
<trkpt lat="37.888310" lon="-121.980501"><ele>143.6</ele><time>2026-10-03T14:11:13Z</time></trkpt>
<trkpt lat="37.888281" lon="-121.980490"><ele>143.8</ele><time>2026-10-03T14:11:14Z</time></trkpt>
<trkpt lat="37.888252" lon="-121.980479"><ele>144.0</ele><time>2026-10-03T14:11:15Z</time></trkpt>
<trkpt lat="37.888224" lon="-121.980467"><ele>144.2</ele><time>2026-10-03T14:11:16Z</time></trkpt>
<trkpt lat="37.888195" lon="-121.980458"><ele>144.4</ele><time>2026-10-03T14:11:17Z</time></trkpt>
<trkpt lat="37.888166" lon="-121.980448"><ele>144.5</ele><time>2026-10-03T14:11:18Z</time></trkpt>
<trkpt lat="37.888137" lon="-121.980438"><ele>144.6</ele><time>2026-10-03T14:11:19Z</time></trkpt>
<trkpt lat="37.888108" lon="-121.980427"><ele>144.7</ele><time>2026-10-03T14:11:20Z</time></trkpt>
<trkpt lat="37.888079" lon="-121.980416"><ele>144.9</ele><time>2026-10-03T14:11:21Z</time></trkpt>
<trkpt lat="37.888051" lon="-121.980405"><ele>145.0</ele><time>2026-10-03T14:11:22Z</time></trkpt>
<trkpt lat="37.888022" lon="-121.980394"><ele>145.0</ele><time>2026-10-03T14:11:23Z</time></trkpt>
<trkpt lat="37.887994" lon="-121.980382"><ele>145.0</ele><time>2026-10-03T14:11:24Z</time></trkpt>
<trkpt lat="37.887965" lon="-121.980370"><ele>145.0</ele><time>2026-10-03T14:11:25Z</time></trkpt>
<trkpt lat="37.887937" lon="-121.980356"><ele>145.0</ele><time>2026-10-03T14:11:26Z</time></trkpt>
<trkpt lat="37.887909" lon="-121.980342"><ele>145.0</ele><time>2026-10-03T14:11:27Z</time></trkpt>
<trkpt lat="37.887882" lon="-121.980328"><ele>145.0</ele><time>2026-10-03T14:11:28Z</time></trkpt>
<trkpt lat="37.887854" lon="-121.980313"><ele>145.0</ele><time>2026-10-03T14:11:29Z</time></trkpt>
<trkpt lat="37.887826" lon="-121.980299"><ele>145.0</ele><time>2026-10-03T14:11:30Z</time></trkpt>
<trkpt lat="37.887798" lon="-121.980285"><ele>145.0</ele><time>2026-10-03T14:11:31Z</time></trkpt>
<trkpt lat="37.887771" lon="-121.980270"><ele>145.0</ele><time>2026-10-03T14:11:32Z</time></trkpt>
<trkpt lat="37.887743" lon="-121.980255"><ele>145.0</ele><time>2026-10-03T14:11:33Z</time></trkpt>
<trkpt lat="37.887716" lon="-121.980239"><ele>145.0</ele><time>2026-10-03T14:11:34Z</time></trkpt>
<trkpt lat="37.887690" lon="-121.980221"><ele>145.0</ele><time>2026-10-03T14:11:35Z</time></trkpt>
<trkpt lat="37.887663" lon="-121.980203"><ele>145.0</ele><time>2026-10-03T14:11:36Z</time></trkpt>
<trkpt lat="37.887637" lon="-121.980184"><ele>145.0</ele><time>2026-10-03T14:11:37Z</time></trkpt>
<trkpt lat="37.887612" lon="-121.980164"><ele>144.9</ele><time>2026-10-03T14:11:38Z</time></trkpt>
<trkpt lat="37.887587" lon="-121.980143"><ele>144.9</ele><time>2026-10-03T14:11:39Z</time></trkpt>
<trkpt lat="37.887562" lon="-121.980122"><ele>144.8</ele><time>2026-10-03T14:11:40Z</time></trkpt>
<trkpt lat="37.887540" lon="-121.980097"><ele>144.8</ele><time>2026-10-03T14:11:41Z</time></trkpt>
<trkpt lat="37.887517" lon="-121.980072"><ele>144.8</ele><time>2026-10-03T14:11:42Z</time></trkpt>
<trkpt lat="37.887495" lon="-121.980047"><ele>144.8</ele><time>2026-10-03T14:11:43Z</time></trkpt>
<trkpt lat="37.887475" lon="-121.980018"><ele>144.7</ele><time>2026-10-03T14:11:44Z</time></trkpt>
<trkpt lat="37.887455" lon="-121.979989"><ele>144.7</ele><time>2026-10-03T14:11:45Z</time></trkpt>
<trkpt lat="37.887436" lon="-121.979961"><ele>144.6</ele><time>2026-10-03T14:11:46Z</time></trkpt>
<trkpt lat="37.887417" lon="-121.979931"><ele>144.5</ele><time>2026-10-03T14:11:47Z</time></trkpt>
<trkpt lat="37.887398" lon="-121.979902"><ele>144.3</ele><time>2026-10-03T14:11:48Z</time></trkpt>
<trkpt lat="37.887379" lon="-121.979872"><ele>144.2</ele><time>2026-10-03T14:11:49Z</time></trkpt>
<trkpt lat="37.887359" lon="-121.979844"><ele>144.1</ele><time>2026-10-03T14:11:50Z</time></trkpt>
<trkpt lat="37.887340" lon="-121.979815"><ele>144.1</ele><time>2026-10-03T14:11:51Z</time></trkpt>
<trkpt lat="37.887320" lon="-121.979786"><ele>144.0</ele><time>2026-10-03T14:11:52Z</time></trkpt>
<trkpt lat="37.887300" lon="-121.979758"><ele>144.0</ele><time>2026-10-03T14:11:53Z</time></trkpt>
<trkpt lat="37.887279" lon="-121.979730"><ele>144.0</ele><time>2026-10-03T14:11:54Z</time></trkpt>
<trkpt lat="37.887259" lon="-121.979703"><ele>144.0</ele><time>2026-10-03T14:11:55Z</time></trkpt>
<trkpt lat="37.887236" lon="-121.979678"><ele>144.2</ele><time>2026-10-03T14:11:56Z</time></trkpt>
<trkpt lat="37.887214" lon="-121.979653"><ele>144.4</ele><time>2026-10-03T14:11:57Z</time></trkpt>
<trkpt lat="37.887191" lon="-121.979628"><ele>144.6</ele><time>2026-10-03T14:11:58Z</time></trkpt>
<trkpt lat="37.887168" lon="-121.979604"><ele>144.9</ele><time>2026-10-03T14:11:59Z</time></trkpt>
<trkpt lat="37.887144" lon="-121.979581"><ele>145.1</ele><time>2026-10-03T14:12:00Z</time></trkpt>
<trkpt lat="37.887121" lon="-121.979557"><ele>145.4</ele><time>2026-10-03T14:12:01Z</time></trkpt>
<trkpt lat="37.887096" lon="-121.979536"><ele>145.6</ele><time>2026-10-03T14:12:02Z</time></trkpt>
<trkpt lat="37.887071" lon="-121.979514"><ele>145.8</ele><time>2026-10-03T14:12:03Z</time></trkpt>
<trkpt lat="37.887047" lon="-121.979492"><ele>145.9</ele><time>2026-10-03T14:12:04Z</time></trkpt>
<trkpt lat="37.887023" lon="-121.979470"><ele>146.1</ele><time>2026-10-03T14:12:05Z</time></trkpt>
<trkpt lat="37.886999" lon="-121.979447"><ele>146.3</ele><time>2026-10-03T14:12:06Z</time></trkpt>
<trkpt lat="37.886975" lon="-121.979424"><ele>146.5</ele><time>2026-10-03T14:12:07Z</time></trkpt>
<trkpt lat="37.886951" lon="-121.979402"><ele>146.5</ele><time>2026-10-03T14:12:08Z</time></trkpt>
<trkpt lat="37.886926" lon="-121.979379"><ele>146.6</ele><time>2026-10-03T14:12:09Z</time></trkpt>
<trkpt lat="37.886902" lon="-121.979357"><ele>146.6</ele><time>2026-10-03T14:12:10Z</time></trkpt>
<trkpt lat="37.886878" lon="-121.979334"><ele>146.7</ele><time>2026-10-03T14:12:11Z</time></trkpt>
<trkpt lat="37.886854" lon="-121.979311"><ele>146.8</ele><time>2026-10-03T14:12:12Z</time></trkpt>
<trkpt lat="37.886831" lon="-121.979288"><ele>146.9</ele><time>2026-10-03T14:12:13Z</time></trkpt>
<trkpt lat="37.886807" lon="-121.979265"><ele>147.0</ele><time>2026-10-03T14:12:14Z</time></trkpt>
<trkpt lat="37.886783" lon="-121.979241"><ele>147.0</ele><time>2026-10-03T14:12:15Z</time></trkpt>
<trkpt lat="37.886760" lon="-121.979218"><ele>147.1</ele><time>2026-10-03T14:12:16Z</time></trkpt>
<trkpt lat="37.886736" lon="-121.979194"><ele>147.3</ele><time>2026-10-03T14:12:17Z</time></trkpt>
<trkpt lat="37.886713" lon="-121.979170"><ele>147.6</ele><time>2026-10-03T14:12:18Z</time></trkpt>
<trkpt lat="37.886690" lon="-121.979146"><ele>147.8</ele><time>2026-10-03T14:12:19Z</time></trkpt>
<trkpt lat="37.886665" lon="-121.979124"><ele>147.9</ele><time>2026-10-03T14:12:20Z</time></trkpt>
<trkpt lat="37.886641" lon="-121.979102"><ele>147.9</ele><time>2026-10-03T14:12:21Z</time></trkpt>
<trkpt lat="37.886617" lon="-121.979080"><ele>148.0</ele><time>2026-10-03T14:12:22Z</time></trkpt>
<trkpt lat="37.886591" lon="-121.979060"><ele>148.2</ele><time>2026-10-03T14:12:23Z</time></trkpt>
<trkpt lat="37.886566" lon="-121.979040"><ele>148.4</ele><time>2026-10-03T14:12:24Z</time></trkpt>
<trkpt lat="37.886541" lon="-121.979020"><ele>148.5</ele><time>2026-10-03T14:12:25Z</time></trkpt>
<trkpt lat="37.886514" lon="-121.979001"><ele>148.7</ele><time>2026-10-03T14:12:26Z</time></trkpt>
<trkpt lat="37.886488" lon="-121.978982"><ele>148.9</ele><time>2026-10-03T14:12:27Z</time></trkpt>
<trkpt lat="37.886462" lon="-121.978964"><ele>149.0</ele><time>2026-10-03T14:12:28Z</time></trkpt>
<trkpt lat="37.886435" lon="-121.978948"><ele>149.1</ele><time>2026-10-03T14:12:29Z</time></trkpt>
<trkpt lat="37.886408" lon="-121.978931"><ele>149.1</ele><time>2026-10-03T14:12:30Z</time></trkpt>
<trkpt lat="37.886381" lon="-121.978915"><ele>149.2</ele><time>2026-10-03T14:12:31Z</time></trkpt>
<trkpt lat="37.886353" lon="-121.978901"><ele>149.3</ele><time>2026-10-03T14:12:32Z</time></trkpt>
<trkpt lat="37.886325" lon="-121.978887"><ele>149.4</ele><time>2026-10-03T14:12:33Z</time></trkpt>
<trkpt lat="37.886297" lon="-121.978873"><ele>149.5</ele><time>2026-10-03T14:12:34Z</time></trkpt>
<trkpt lat="37.886269" lon="-121.978860"><ele>149.7</ele><time>2026-10-03T14:12:35Z</time></trkpt>
<trkpt lat="37.886241" lon="-121.978846"><ele>149.8</ele><time>2026-10-03T14:12:36Z</time></trkpt>
<trkpt lat="37.886213" lon="-121.978832"><ele>149.9</ele><time>2026-10-03T14:12:37Z</time></trkpt>
<trkpt lat="37.886185" lon="-121.978820"><ele>150.1</ele><time>2026-10-03T14:12:38Z</time></trkpt>
<trkpt lat="37.886157" lon="-121.978807"><ele>150.3</ele><time>2026-10-03T14:12:39Z</time></trkpt>
<trkpt lat="37.886129" lon="-121.978794"><ele>150.5</ele><time>2026-10-03T14:12:40Z</time></trkpt>
<trkpt lat="37.886101" lon="-121.978779"><ele>150.7</ele><time>2026-10-03T14:12:41Z</time></trkpt>
<trkpt lat="37.886074" lon="-121.978764"><ele>151.0</ele><time>2026-10-03T14:12:42Z</time></trkpt>
<trkpt lat="37.886046" lon="-121.978749"><ele>151.3</ele><time>2026-10-03T14:12:43Z</time></trkpt>
<trkpt lat="37.886021" lon="-121.978729"><ele>151.5</ele><time>2026-10-03T14:12:44Z</time></trkpt>
<trkpt lat="37.885995" lon="-121.978709"><ele>151.8</ele><time>2026-10-03T14:12:45Z</time></trkpt>
<trkpt lat="37.885970" lon="-121.978688"><ele>152.0</ele><time>2026-10-03T14:12:46Z</time></trkpt>
<trkpt lat="37.885947" lon="-121.978665"><ele>152.2</ele><time>2026-10-03T14:12:47Z</time></trkpt>
<trkpt lat="37.885923" lon="-121.978641"><ele>152.4</ele><time>2026-10-03T14:12:48Z</time></trkpt>
<trkpt lat="37.885900" lon="-121.978617"><ele>152.5</ele><time>2026-10-03T14:12:49Z</time></trkpt>
<trkpt lat="37.885878" lon="-121.978592"><ele>152.6</ele><time>2026-10-03T14:12:50Z</time></trkpt>
<trkpt lat="37.885855" lon="-121.978566"><ele>152.7</ele><time>2026-10-03T14:12:51Z</time></trkpt>
<trkpt lat="37.885833" lon="-121.978541"><ele>152.8</ele><time>2026-10-03T14:12:52Z</time></trkpt>
<trkpt lat="37.885812" lon="-121.978515"><ele>153.0</ele><time>2026-10-03T14:12:53Z</time></trkpt>
<trkpt lat="37.885790" lon="-121.978488"><ele>153.2</ele><time>2026-10-03T14:12:54Z</time></trkpt>
<trkpt lat="37.885768" lon="-121.978462"><ele>153.4</ele><time>2026-10-03T14:12:55Z</time></trkpt>
<trkpt lat="37.885747" lon="-121.978435"><ele>153.4</ele><time>2026-10-03T14:12:56Z</time></trkpt>
<trkpt lat="37.885726" lon="-121.978408"><ele>153.4</ele><time>2026-10-03T14:12:57Z</time></trkpt>
<trkpt lat="37.885705" lon="-121.978381"><ele>153.4</ele><time>2026-10-03T14:12:58Z</time></trkpt>
<trkpt lat="37.885684" lon="-121.978354"><ele>153.6</ele><time>2026-10-03T14:12:59Z</time></trkpt>
<trkpt lat="37.885663" lon="-121.978327"><ele>153.7</ele><time>2026-10-03T14:13:00Z</time></trkpt>
<trkpt lat="37.885642" lon="-121.978299"><ele>153.8</ele><time>2026-10-03T14:13:01Z</time></trkpt>
<trkpt lat="37.885621" lon="-121.978273"><ele>154.0</ele><time>2026-10-03T14:13:02Z</time></trkpt>
<trkpt lat="37.885600" lon="-121.978246"><ele>154.3</ele><time>2026-10-03T14:13:03Z</time></trkpt>
<trkpt lat="37.885579" lon="-121.978219"><ele>154.5</ele><time>2026-10-03T14:13:04Z</time></trkpt>
<trkpt lat="37.885559" lon="-121.978191"><ele>155.0</ele><time>2026-10-03T14:13:05Z</time></trkpt>
<trkpt lat="37.885539" lon="-121.978163"><ele>155.5</ele><time>2026-10-03T14:13:06Z</time></trkpt>
<trkpt lat="37.885518" lon="-121.978135"><ele>155.9</ele><time>2026-10-03T14:13:07Z</time></trkpt>
<trkpt lat="37.885500" lon="-121.978105"><ele>156.1</ele><time>2026-10-03T14:13:08Z</time></trkpt>
<trkpt lat="37.885481" lon="-121.978075"><ele>156.3</ele><time>2026-10-03T14:13:09Z</time></trkpt>
<trkpt lat="37.885463" lon="-121.978045"><ele>156.5</ele><time>2026-10-03T14:13:10Z</time></trkpt>
<trkpt lat="37.885445" lon="-121.978014"><ele>156.7</ele><time>2026-10-03T14:13:11Z</time></trkpt>
<trkpt lat="37.885428" lon="-121.977984"><ele>156.9</ele><time>2026-10-03T14:13:12Z</time></trkpt>
<trkpt lat="37.885410" lon="-121.977953"><ele>157.2</ele><time>2026-10-03T14:13:13Z</time></trkpt>
<trkpt lat="37.885391" lon="-121.977924"><ele>157.4</ele><time>2026-10-03T14:13:14Z</time></trkpt>
<trkpt lat="37.885371" lon="-121.977895"><ele>157.7</ele><time>2026-10-03T14:13:15Z</time></trkpt>
<trkpt lat="37.885352" lon="-121.977866"><ele>158.0</ele><time>2026-10-03T14:13:16Z</time></trkpt>
<trkpt lat="37.885334" lon="-121.977836"><ele>158.4</ele><time>2026-10-03T14:13:17Z</time></trkpt>
<trkpt lat="37.885316" lon="-121.977805"><ele>158.7</ele><time>2026-10-03T14:13:18Z</time></trkpt>
<trkpt lat="37.885298" lon="-121.977775"><ele>159.0</ele><time>2026-10-03T14:13:19Z</time></trkpt>
<trkpt lat="37.885282" lon="-121.977743"><ele>159.3</ele><time>2026-10-03T14:13:20Z</time></trkpt>
<trkpt lat="37.885266" lon="-121.977711"><ele>159.5</ele><time>2026-10-03T14:13:21Z</time></trkpt>
<trkpt lat="37.885250" lon="-121.977679"><ele>159.8</ele><time>2026-10-03T14:13:22Z</time></trkpt>
<trkpt lat="37.885232" lon="-121.977648"><ele>159.8</ele><time>2026-10-03T14:13:23Z</time></trkpt>
<trkpt lat="37.885215" lon="-121.977617"><ele>159.8</ele><time>2026-10-03T14:13:24Z</time></trkpt>
<trkpt lat="37.885198" lon="-121.977586"><ele>159.8</ele><time>2026-10-03T14:13:25Z</time></trkpt>
<trkpt lat="37.885181" lon="-121.977554"><ele>159.8</ele><time>2026-10-03T14:13:26Z</time></trkpt>
<trkpt lat="37.885165" lon="-121.977523"><ele>159.8</ele><time>2026-10-03T14:13:27Z</time></trkpt>
<trkpt lat="37.885148" lon="-121.977491"><ele>159.8</ele><time>2026-10-03T14:13:28Z</time></trkpt>
<trkpt lat="37.885129" lon="-121.977461"><ele>160.0</ele><time>2026-10-03T14:13:29Z</time></trkpt>
<trkpt lat="37.885111" lon="-121.977432"><ele>160.2</ele><time>2026-10-03T14:13:30Z</time></trkpt>
<trkpt lat="37.885092" lon="-121.977402"><ele>160.5</ele><time>2026-10-03T14:13:31Z</time></trkpt>
<trkpt lat="37.885075" lon="-121.977370"><ele>160.7</ele><time>2026-10-03T14:13:32Z</time></trkpt>
<trkpt lat="37.885059" lon="-121.977339"><ele>160.9</ele><time>2026-10-03T14:13:33Z</time></trkpt>
<trkpt lat="37.885042" lon="-121.977307"><ele>161.1</ele><time>2026-10-03T14:13:34Z</time></trkpt>
<trkpt lat="37.885025" lon="-121.977276"><ele>161.5</ele><time>2026-10-03T14:13:35Z</time></trkpt>
<trkpt lat="37.885007" lon="-121.977245"><ele>161.9</ele><time>2026-10-03T14:13:36Z</time></trkpt>
<trkpt lat="37.884990" lon="-121.977214"><ele>162.2</ele><time>2026-10-03T14:13:37Z</time></trkpt>
<trkpt lat="37.884973" lon="-121.977183"><ele>162.6</ele><time>2026-10-03T14:13:38Z</time></trkpt>
<trkpt lat="37.884956" lon="-121.977152"><ele>163.0</ele><time>2026-10-03T14:13:39Z</time></trkpt>
<trkpt lat="37.884939" lon="-121.977120"><ele>163.4</ele><time>2026-10-03T14:13:40Z</time></trkpt>
<trkpt lat="37.884922" lon="-121.977090"><ele>163.6</ele><time>2026-10-03T14:13:41Z</time></trkpt>
<trkpt lat="37.884904" lon="-121.977059"><ele>163.7</ele><time>2026-10-03T14:13:42Z</time></trkpt>
<trkpt lat="37.884886" lon="-121.977028"><ele>163.9</ele><time>2026-10-03T14:13:43Z</time></trkpt>
<trkpt lat="37.884868" lon="-121.976998"><ele>163.9</ele><time>2026-10-03T14:13:44Z</time></trkpt>
<trkpt lat="37.884850" lon="-121.976968"><ele>164.0</ele><time>2026-10-03T14:13:45Z</time></trkpt>
<trkpt lat="37.884831" lon="-121.976938"><ele>164.0</ele><time>2026-10-03T14:13:46Z</time></trkpt>
<trkpt lat="37.884813" lon="-121.976909"><ele>164.1</ele><time>2026-10-03T14:13:47Z</time></trkpt>
<trkpt lat="37.884794" lon="-121.976879"><ele>164.3</ele><time>2026-10-03T14:13:48Z</time></trkpt>
<trkpt lat="37.884775" lon="-121.976849"><ele>164.4</ele><time>2026-10-03T14:13:49Z</time></trkpt>
<trkpt lat="37.884757" lon="-121.976819"><ele>164.5</ele><time>2026-10-03T14:13:50Z</time></trkpt>
<trkpt lat="37.884739" lon="-121.976789"><ele>164.5</ele><time>2026-10-03T14:13:51Z</time></trkpt>
<trkpt lat="37.884721" lon="-121.976758"><ele>164.6</ele><time>2026-10-03T14:13:52Z</time></trkpt>
<trkpt lat="37.884702" lon="-121.976729"><ele>164.8</ele><time>2026-10-03T14:13:53Z</time></trkpt>
<trkpt lat="37.884683" lon="-121.976700"><ele>164.9</ele><time>2026-10-03T14:13:54Z</time></trkpt>
<trkpt lat="37.884664" lon="-121.976671"><ele>165.1</ele><time>2026-10-03T14:13:55Z</time></trkpt>
<trkpt lat="37.884644" lon="-121.976643"><ele>165.3</ele><time>2026-10-03T14:13:56Z</time></trkpt>
<trkpt lat="37.884623" lon="-121.976614"><ele>165.5</ele><time>2026-10-03T14:13:57Z</time></trkpt>
<trkpt lat="37.884603" lon="-121.976586"><ele>165.8</ele><time>2026-10-03T14:13:58Z</time></trkpt>
<trkpt lat="37.884583" lon="-121.976559"><ele>166.1</ele><time>2026-10-03T14:13:59Z</time></trkpt>
<trkpt lat="37.884562" lon="-121.976531"><ele>166.4</ele><time>2026-10-03T14:14:00Z</time></trkpt>
<trkpt lat="37.884542" lon="-121.976503"><ele>166.6</ele><time>2026-10-03T14:14:01Z</time></trkpt>
<trkpt lat="37.884520" lon="-121.976477"><ele>167.0</ele><time>2026-10-03T14:14:02Z</time></trkpt>
<trkpt lat="37.884499" lon="-121.976451"><ele>167.3</ele><time>2026-10-03T14:14:03Z</time></trkpt>
<trkpt lat="37.884477" lon="-121.976424"><ele>167.6</ele><time>2026-10-03T14:14:04Z</time></trkpt>
<trkpt lat="37.884454" lon="-121.976400"><ele>167.9</ele><time>2026-10-03T14:14:05Z</time></trkpt>
<trkpt lat="37.884431" lon="-121.976376"><ele>168.1</ele><time>2026-10-03T14:14:06Z</time></trkpt>
<trkpt lat="37.884408" lon="-121.976352"><ele>168.3</ele><time>2026-10-03T14:14:07Z</time></trkpt>
<trkpt lat="37.884384" lon="-121.976329"><ele>168.6</ele><time>2026-10-03T14:14:08Z</time></trkpt>
<trkpt lat="37.884360" lon="-121.976306"><ele>168.8</ele><time>2026-10-03T14:14:09Z</time></trkpt>
<trkpt lat="37.884336" lon="-121.976283"><ele>169.0</ele><time>2026-10-03T14:14:10Z</time></trkpt>
<trkpt lat="37.884312" lon="-121.976259"><ele>169.1</ele><time>2026-10-03T14:14:11Z</time></trkpt>
<trkpt lat="37.884289" lon="-121.976236"><ele>169.3</ele><time>2026-10-03T14:14:12Z</time></trkpt>
<trkpt lat="37.884265" lon="-121.976212"><ele>169.4</ele><time>2026-10-03T14:14:13Z</time></trkpt>
<trkpt lat="37.884242" lon="-121.976188"><ele>169.5</ele><time>2026-10-03T14:14:14Z</time></trkpt>
<trkpt lat="37.884219" lon="-121.976164"><ele>169.6</ele><time>2026-10-03T14:14:15Z</time></trkpt>
<trkpt lat="37.884196" lon="-121.976140"><ele>169.7</ele><time>2026-10-03T14:14:16Z</time></trkpt>
<trkpt lat="37.884172" lon="-121.976117"><ele>170.0</ele><time>2026-10-03T14:14:17Z</time></trkpt>
<trkpt lat="37.884149" lon="-121.976093"><ele>170.2</ele><time>2026-10-03T14:14:18Z</time></trkpt>
<trkpt lat="37.884125" lon="-121.976070"><ele>170.5</ele><time>2026-10-03T14:14:19Z</time></trkpt>
<trkpt lat="37.884101" lon="-121.976048"><ele>170.8</ele><time>2026-10-03T14:14:20Z</time></trkpt>
<trkpt lat="37.884076" lon="-121.976026"><ele>171.1</ele><time>2026-10-03T14:14:21Z</time></trkpt>
<trkpt lat="37.884052" lon="-121.976004"><ele>171.3</ele><time>2026-10-03T14:14:22Z</time></trkpt>
<trkpt lat="37.884027" lon="-121.975982"><ele>171.6</ele><time>2026-10-03T14:14:23Z</time></trkpt>
<trkpt lat="37.884003" lon="-121.975960"><ele>171.8</ele><time>2026-10-03T14:14:24Z</time></trkpt>
<trkpt lat="37.883979" lon="-121.975938"><ele>172.1</ele><time>2026-10-03T14:14:25Z</time></trkpt>
<trkpt lat="37.883955" lon="-121.975915"><ele>172.3</ele><time>2026-10-03T14:14:26Z</time></trkpt>
<trkpt lat="37.883930" lon="-121.975893"><ele>172.5</ele><time>2026-10-03T14:14:27Z</time></trkpt>
<trkpt lat="37.883906" lon="-121.975870"><ele>172.7</ele><time>2026-10-03T14:14:28Z</time></trkpt>
<trkpt lat="37.883883" lon="-121.975846"><ele>172.9</ele><time>2026-10-03T14:14:29Z</time></trkpt>
<trkpt lat="37.883860" lon="-121.975822"><ele>173.1</ele><time>2026-10-03T14:14:30Z</time></trkpt>
<trkpt lat="37.883837" lon="-121.975798"><ele>173.3</ele><time>2026-10-03T14:14:31Z</time></trkpt>
<trkpt lat="37.883814" lon="-121.975773"><ele>173.7</ele><time>2026-10-03T14:14:32Z</time></trkpt>
<trkpt lat="37.883791" lon="-121.975749"><ele>174.0</ele><time>2026-10-03T14:14:33Z</time></trkpt>
<trkpt lat="37.883769" lon="-121.975724"><ele>174.4</ele><time>2026-10-03T14:14:34Z</time></trkpt>
<trkpt lat="37.883747" lon="-121.975698"><ele>174.8</ele><time>2026-10-03T14:14:35Z</time></trkpt>
<trkpt lat="37.883725" lon="-121.975672"><ele>175.1</ele><time>2026-10-03T14:14:36Z</time></trkpt>
<trkpt lat="37.883704" lon="-121.975645"><ele>175.5</ele><time>2026-10-03T14:14:37Z</time></trkpt>
<trkpt lat="37.883682" lon="-121.975619"><ele>175.9</ele><time>2026-10-03T14:14:38Z</time></trkpt>
<trkpt lat="37.883660" lon="-121.975593"><ele>176.4</ele><time>2026-10-03T14:14:39Z</time></trkpt>
<trkpt lat="37.883639" lon="-121.975566"><ele>176.8</ele><time>2026-10-03T14:14:40Z</time></trkpt>
<trkpt lat="37.883620" lon="-121.975537"><ele>176.9</ele><time>2026-10-03T14:14:41Z</time></trkpt>
<trkpt lat="37.883601" lon="-121.975508"><ele>177.1</ele><time>2026-10-03T14:14:42Z</time></trkpt>
<trkpt lat="37.883582" lon="-121.975478"><ele>177.2</ele><time>2026-10-03T14:14:43Z</time></trkpt>
<trkpt lat="37.883565" lon="-121.975447"><ele>177.5</ele><time>2026-10-03T14:14:44Z</time></trkpt>
<trkpt lat="37.883547" lon="-121.975416"><ele>177.9</ele><time>2026-10-03T14:14:45Z</time></trkpt>
<trkpt lat="37.883530" lon="-121.975385"><ele>178.2</ele><time>2026-10-03T14:14:46Z</time></trkpt>
<trkpt lat="37.883513" lon="-121.975354"><ele>178.5</ele><time>2026-10-03T14:14:47Z</time></trkpt>
<trkpt lat="37.883496" lon="-121.975323"><ele>178.8</ele><time>2026-10-03T14:14:48Z</time></trkpt>
<trkpt lat="37.883479" lon="-121.975292"><ele>179.1</ele><time>2026-10-03T14:14:49Z</time></trkpt>
<trkpt lat="37.883462" lon="-121.975261"><ele>179.3</ele><time>2026-10-03T14:14:50Z</time></trkpt>
<trkpt lat="37.883444" lon="-121.975230"><ele>179.6</ele><time>2026-10-03T14:14:51Z</time></trkpt>
<trkpt lat="37.883427" lon="-121.975199"><ele>179.8</ele><time>2026-10-03T14:14:52Z</time></trkpt>
<trkpt lat="37.883409" lon="-121.975169"><ele>180.0</ele><time>2026-10-03T14:14:53Z</time></trkpt>
<trkpt lat="37.883390" lon="-121.975139"><ele>180.3</ele><time>2026-10-03T14:14:54Z</time></trkpt>
<trkpt lat="37.883371" lon="-121.975109"><ele>180.6</ele><time>2026-10-03T14:14:55Z</time></trkpt>
<trkpt lat="37.883352" lon="-121.975080"><ele>180.8</ele><time>2026-10-03T14:14:56Z</time></trkpt>
<trkpt lat="37.883333" lon="-121.975051"><ele>181.1</ele><time>2026-10-03T14:14:57Z</time></trkpt>
<trkpt lat="37.883314" lon="-121.975022"><ele>181.3</ele><time>2026-10-03T14:14:58Z</time></trkpt>
<trkpt lat="37.883295" lon="-121.974992"><ele>181.6</ele><time>2026-10-03T14:14:59Z</time></trkpt>
<trkpt lat="37.883277" lon="-121.974962"><ele>181.8</ele><time>2026-10-03T14:15:00Z</time></trkpt>
<trkpt lat="37.883258" lon="-121.974933"><ele>182.0</ele><time>2026-10-03T14:15:01Z</time></trkpt>
<trkpt lat="37.883242" lon="-121.974901"><ele>182.3</ele><time>2026-10-03T14:15:02Z</time></trkpt>
<trkpt lat="37.883226" lon="-121.974869"><ele>182.5</ele><time>2026-10-03T14:15:03Z</time></trkpt>
<trkpt lat="37.883210" lon="-121.974837"><ele>182.8</ele><time>2026-10-03T14:15:04Z</time></trkpt>
<trkpt lat="37.883194" lon="-121.974804"><ele>183.0</ele><time>2026-10-03T14:15:05Z</time></trkpt>
<trkpt lat="37.883178" lon="-121.974772"><ele>183.3</ele><time>2026-10-03T14:15:06Z</time></trkpt>
<trkpt lat="37.883162" lon="-121.974740"><ele>183.5</ele><time>2026-10-03T14:15:07Z</time></trkpt>
<trkpt lat="37.883151" lon="-121.974705"><ele>183.7</ele><time>2026-10-03T14:15:08Z</time></trkpt>
<trkpt lat="37.883139" lon="-121.974670"><ele>184.0</ele><time>2026-10-03T14:15:09Z</time></trkpt>
<trkpt lat="37.883128" lon="-121.974635"><ele>184.2</ele><time>2026-10-03T14:15:10Z</time></trkpt>
<trkpt lat="37.883118" lon="-121.974599"><ele>184.5</ele><time>2026-10-03T14:15:11Z</time></trkpt>
<trkpt lat="37.883108" lon="-121.974563"><ele>184.8</ele><time>2026-10-03T14:15:12Z</time></trkpt>
<trkpt lat="37.883098" lon="-121.974527"><ele>185.0</ele><time>2026-10-03T14:15:13Z</time></trkpt>
<trkpt lat="37.883090" lon="-121.974491"><ele>185.3</ele><time>2026-10-03T14:15:14Z</time></trkpt>
<trkpt lat="37.883082" lon="-121.974454"><ele>185.5</ele><time>2026-10-03T14:15:15Z</time></trkpt>
<trkpt lat="37.883074" lon="-121.974418"><ele>185.8</ele><time>2026-10-03T14:15:16Z</time></trkpt>
<trkpt lat="37.883070" lon="-121.974380"><ele>185.9</ele><time>2026-10-03T14:15:17Z</time></trkpt>
<trkpt lat="37.883066" lon="-121.974342"><ele>186.1</ele><time>2026-10-03T14:15:18Z</time></trkpt>
<trkpt lat="37.883061" lon="-121.974305"><ele>186.2</ele><time>2026-10-03T14:15:19Z</time></trkpt>
<trkpt lat="37.883058" lon="-121.974267"><ele>186.4</ele><time>2026-10-03T14:15:20Z</time></trkpt>
<trkpt lat="37.883054" lon="-121.974229"><ele>186.6</ele><time>2026-10-03T14:15:21Z</time></trkpt>
<trkpt lat="37.883051" lon="-121.974192"><ele>186.7</ele><time>2026-10-03T14:15:22Z</time></trkpt>
<trkpt lat="37.883048" lon="-121.974154"><ele>186.9</ele><time>2026-10-03T14:15:23Z</time></trkpt>
<trkpt lat="37.883045" lon="-121.974116"><ele>187.2</ele><time>2026-10-03T14:15:24Z</time></trkpt>
<trkpt lat="37.883042" lon="-121.974078"><ele>187.4</ele><time>2026-10-03T14:15:25Z</time></trkpt>
<trkpt lat="37.883039" lon="-121.974041"><ele>187.7</ele><time>2026-10-03T14:15:26Z</time></trkpt>
<trkpt lat="37.883037" lon="-121.974003"><ele>188.1</ele><time>2026-10-03T14:15:27Z</time></trkpt>
<trkpt lat="37.883035" lon="-121.973965"><ele>188.5</ele><time>2026-10-03T14:15:28Z</time></trkpt>
<trkpt lat="37.883036" lon="-121.973927"><ele>188.8</ele><time>2026-10-03T14:15:29Z</time></trkpt>
<trkpt lat="37.883037" lon="-121.973889"><ele>189.2</ele><time>2026-10-03T14:15:30Z</time></trkpt>
<trkpt lat="37.883038" lon="-121.973852"><ele>189.6</ele><time>2026-10-03T14:15:31Z</time></trkpt>
<trkpt lat="37.883046" lon="-121.973815"><ele>189.9</ele><time>2026-10-03T14:15:32Z</time></trkpt>
<trkpt lat="37.883054" lon="-121.973778"><ele>190.2</ele><time>2026-10-03T14:15:33Z</time></trkpt>
<trkpt lat="37.883061" lon="-121.973742"><ele>190.5</ele><time>2026-10-03T14:15:34Z</time></trkpt>
<trkpt lat="37.883073" lon="-121.973707"><ele>190.7</ele><time>2026-10-03T14:15:35Z</time></trkpt>
<trkpt lat="37.883084" lon="-121.973671"><ele>191.0</ele><time>2026-10-03T14:15:36Z</time></trkpt>
<trkpt lat="37.883095" lon="-121.973636"><ele>191.3</ele><time>2026-10-03T14:15:37Z</time></trkpt>
<trkpt lat="37.883109" lon="-121.973602"><ele>191.4</ele><time>2026-10-03T14:15:38Z</time></trkpt>
<trkpt lat="37.883122" lon="-121.973568"><ele>191.5</ele><time>2026-10-03T14:15:39Z</time></trkpt>
<trkpt lat="37.883135" lon="-121.973534"><ele>191.5</ele><time>2026-10-03T14:15:40Z</time></trkpt>
<trkpt lat="37.883150" lon="-121.973502"><ele>191.9</ele><time>2026-10-03T14:15:41Z</time></trkpt>
<trkpt lat="37.883165" lon="-121.973469"><ele>192.3</ele><time>2026-10-03T14:15:42Z</time></trkpt>
<trkpt lat="37.883180" lon="-121.973436"><ele>192.7</ele><time>2026-10-03T14:15:43Z</time></trkpt>
<trkpt lat="37.883197" lon="-121.973405"><ele>192.9</ele><time>2026-10-03T14:15:44Z</time></trkpt>
<trkpt lat="37.883214" lon="-121.973373"><ele>193.2</ele><time>2026-10-03T14:15:45Z</time></trkpt>
<trkpt lat="37.883231" lon="-121.973342"><ele>193.4</ele><time>2026-10-03T14:15:46Z</time></trkpt>
<trkpt lat="37.883248" lon="-121.973311"><ele>193.7</ele><time>2026-10-03T14:15:47Z</time></trkpt>
<trkpt lat="37.883265" lon="-121.973279"><ele>194.0</ele><time>2026-10-03T14:15:48Z</time></trkpt>
<trkpt lat="37.883281" lon="-121.973248"><ele>194.4</ele><time>2026-10-03T14:15:49Z</time></trkpt>
<trkpt lat="37.883299" lon="-121.973217"><ele>194.7</ele><time>2026-10-03T14:15:50Z</time></trkpt>
<trkpt lat="37.883317" lon="-121.973187"><ele>195.0</ele><time>2026-10-03T14:15:51Z</time></trkpt>
<trkpt lat="37.883335" lon="-121.973157"><ele>195.4</ele><time>2026-10-03T14:15:52Z</time></trkpt>
<trkpt lat="37.883350" lon="-121.973124"><ele>195.6</ele><time>2026-10-03T14:15:53Z</time></trkpt>
<trkpt lat="37.883365" lon="-121.973091"><ele>195.8</ele><time>2026-10-03T14:15:54Z</time></trkpt>
<trkpt lat="37.883380" lon="-121.973058"><ele>196.0</ele><time>2026-10-03T14:15:55Z</time></trkpt>
<trkpt lat="37.883391" lon="-121.973023"><ele>196.4</ele><time>2026-10-03T14:15:56Z</time></trkpt>
<trkpt lat="37.883403" lon="-121.972988"><ele>196.8</ele><time>2026-10-03T14:15:57Z</time></trkpt>
<trkpt lat="37.883414" lon="-121.972953"><ele>197.3</ele><time>2026-10-03T14:15:58Z</time></trkpt>
<trkpt lat="37.883423" lon="-121.972917"><ele>197.6</ele><time>2026-10-03T14:15:59Z</time></trkpt>
<trkpt lat="37.883431" lon="-121.972880"><ele>197.8</ele><time>2026-10-03T14:16:00Z</time></trkpt>
<trkpt lat="37.883440" lon="-121.972844"><ele>198.1</ele><time>2026-10-03T14:16:01Z</time></trkpt>
<trkpt lat="37.883445" lon="-121.972806"><ele>198.4</ele><time>2026-10-03T14:16:02Z</time></trkpt>
<trkpt lat="37.883451" lon="-121.972769"><ele>198.6</ele><time>2026-10-03T14:16:03Z</time></trkpt>
<trkpt lat="37.883456" lon="-121.972732"><ele>198.9</ele><time>2026-10-03T14:16:04Z</time></trkpt>
<trkpt lat="37.883455" lon="-121.972695"><ele>199.1</ele><time>2026-10-03T14:16:05Z</time></trkpt>
<trkpt lat="37.883453" lon="-121.972658"><ele>199.2</ele><time>2026-10-03T14:16:06Z</time></trkpt>
<trkpt lat="37.883452" lon="-121.972621"><ele>199.4</ele><time>2026-10-03T14:16:07Z</time></trkpt>
<trkpt lat="37.883435" lon="-121.972590"><ele>199.5</ele><time>2026-10-03T14:16:08Z</time></trkpt>
<trkpt lat="37.883419" lon="-121.972560"><ele>199.7</ele><time>2026-10-03T14:16:09Z</time></trkpt>
<trkpt lat="37.883402" lon="-121.972529"><ele>199.8</ele><time>2026-10-03T14:16:10Z</time></trkpt>
<trkpt lat="37.883374" lon="-121.972518"><ele>199.8</ele><time>2026-10-03T14:16:11Z</time></trkpt>
<trkpt lat="37.883346" lon="-121.972507"><ele>199.8</ele><time>2026-10-03T14:16:12Z</time></trkpt>
<trkpt lat="37.883317" lon="-121.972495"><ele>199.8</ele><time>2026-10-03T14:16:13Z</time></trkpt>
<trkpt lat="37.883289" lon="-121.972506"><ele>200.0</ele><time>2026-10-03T14:16:14Z</time></trkpt>
<trkpt lat="37.883261" lon="-121.972517"><ele>200.1</ele><time>2026-10-03T14:16:15Z</time></trkpt>
<trkpt lat="37.883232" lon="-121.972528"><ele>200.3</ele><time>2026-10-03T14:16:16Z</time></trkpt>
<trkpt lat="37.883207" lon="-121.972548"><ele>200.4</ele><time>2026-10-03T14:16:17Z</time></trkpt>
<trkpt lat="37.883181" lon="-121.972567"><ele>200.6</ele><time>2026-10-03T14:16:18Z</time></trkpt>
<trkpt lat="37.883155" lon="-121.972587"><ele>200.8</ele><time>2026-10-03T14:16:19Z</time></trkpt>
<trkpt lat="37.883131" lon="-121.972608"><ele>200.9</ele><time>2026-10-03T14:16:20Z</time></trkpt>
<trkpt lat="37.883106" lon="-121.972630"><ele>201.0</ele><time>2026-10-03T14:16:21Z</time></trkpt>
<trkpt lat="37.883081" lon="-121.972652"><ele>201.2</ele><time>2026-10-03T14:16:22Z</time></trkpt>
<trkpt lat="37.883054" lon="-121.972667"><ele>201.4</ele><time>2026-10-03T14:16:23Z</time></trkpt>
<trkpt lat="37.883027" lon="-121.972683"><ele>201.6</ele><time>2026-10-03T14:16:24Z</time></trkpt>
<trkpt lat="37.883000" lon="-121.972698"><ele>201.8</ele><time>2026-10-03T14:16:25Z</time></trkpt>
<trkpt lat="37.882971" lon="-121.972700"><ele>202.0</ele><time>2026-10-03T14:16:26Z</time></trkpt>
<trkpt lat="37.882941" lon="-121.972701"><ele>202.2</ele><time>2026-10-03T14:16:27Z</time></trkpt>
<trkpt lat="37.882911" lon="-121.972703"><ele>202.4</ele><time>2026-10-03T14:16:28Z</time></trkpt>
<trkpt lat="37.882883" lon="-121.972691"><ele>202.5</ele><time>2026-10-03T14:16:29Z</time></trkpt>
<trkpt lat="37.882854" lon="-121.972679"><ele>202.7</ele><time>2026-10-03T14:16:30Z</time></trkpt>
<trkpt lat="37.882826" lon="-121.972667"><ele>202.8</ele><time>2026-10-03T14:16:31Z</time></trkpt>
<trkpt lat="37.882803" lon="-121.972644"><ele>203.0</ele><time>2026-10-03T14:16:32Z</time></trkpt>
<trkpt lat="37.882780" lon="-121.972620"><ele>203.2</ele><time>2026-10-03T14:16:33Z</time></trkpt>
<trkpt lat="37.882756" lon="-121.972597"><ele>203.4</ele><time>2026-10-03T14:16:34Z</time></trkpt>
<trkpt lat="37.882744" lon="-121.972563"><ele>203.6</ele><time>2026-10-03T14:16:35Z</time></trkpt>
<trkpt lat="37.882731" lon="-121.972530"><ele>203.8</ele><time>2026-10-03T14:16:36Z</time></trkpt>
<trkpt lat="37.882718" lon="-121.972496"><ele>203.9</ele><time>2026-10-03T14:16:37Z</time></trkpt>
<trkpt lat="37.882714" lon="-121.972459"><ele>204.2</ele><time>2026-10-03T14:16:38Z</time></trkpt>
<trkpt lat="37.882709" lon="-121.972421"><ele>204.4</ele><time>2026-10-03T14:16:39Z</time></trkpt>
<trkpt lat="37.882705" lon="-121.972383"><ele>204.6</ele><time>2026-10-03T14:16:40Z</time></trkpt>
<trkpt lat="37.882705" lon="-121.972345"><ele>204.8</ele><time>2026-10-03T14:16:41Z</time></trkpt>
<trkpt lat="37.882704" lon="-121.972308"><ele>205.0</ele><time>2026-10-03T14:16:42Z</time></trkpt>
<trkpt lat="37.882703" lon="-121.972270"><ele>205.2</ele><time>2026-10-03T14:16:43Z</time></trkpt>
<trkpt lat="37.882705" lon="-121.972232"><ele>205.4</ele><time>2026-10-03T14:16:44Z</time></trkpt>
<trkpt lat="37.882706" lon="-121.972194"><ele>205.6</ele><time>2026-10-03T14:16:45Z</time></trkpt>
<trkpt lat="37.882707" lon="-121.972156"><ele>205.8</ele><time>2026-10-03T14:16:46Z</time></trkpt>
<trkpt lat="37.882710" lon="-121.972118"><ele>205.9</ele><time>2026-10-03T14:16:47Z</time></trkpt>
<trkpt lat="37.882714" lon="-121.972080"><ele>206.1</ele><time>2026-10-03T14:16:48Z</time></trkpt>
<trkpt lat="37.882717" lon="-121.972043"><ele>206.2</ele><time>2026-10-03T14:16:49Z</time></trkpt>
<trkpt lat="37.882721" lon="-121.972005"><ele>206.5</ele><time>2026-10-03T14:16:50Z</time></trkpt>
<trkpt lat="37.882724" lon="-121.971967"><ele>206.9</ele><time>2026-10-03T14:16:51Z</time></trkpt>
<trkpt lat="37.882728" lon="-121.971930"><ele>207.2</ele><time>2026-10-03T14:16:52Z</time></trkpt>
<trkpt lat="37.882733" lon="-121.971892"><ele>207.4</ele><time>2026-10-03T14:16:53Z</time></trkpt>
<trkpt lat="37.882737" lon="-121.971855"><ele>207.6</ele><time>2026-10-03T14:16:54Z</time></trkpt>
<trkpt lat="37.882742" lon="-121.971817"><ele>207.7</ele><time>2026-10-03T14:16:55Z</time></trkpt>
<trkpt lat="37.882746" lon="-121.971779"><ele>208.0</ele><time>2026-10-03T14:16:56Z</time></trkpt>
<trkpt lat="37.882750" lon="-121.971742"><ele>208.3</ele><time>2026-10-03T14:16:57Z</time></trkpt>
<trkpt lat="37.882755" lon="-121.971704"><ele>208.5</ele><time>2026-10-03T14:16:58Z</time></trkpt>
<trkpt lat="37.882755" lon="-121.971666"><ele>208.9</ele><time>2026-10-03T14:16:59Z</time></trkpt>
<trkpt lat="37.882755" lon="-121.971629"><ele>209.3</ele><time>2026-10-03T14:17:00Z</time></trkpt>
<trkpt lat="37.882756" lon="-121.971591"><ele>209.6</ele><time>2026-10-03T14:17:01Z</time></trkpt>
<trkpt lat="37.882747" lon="-121.971554"><ele>210.0</ele><time>2026-10-03T14:17:02Z</time></trkpt>
<trkpt lat="37.882739" lon="-121.971518"><ele>210.3</ele><time>2026-10-03T14:17:03Z</time></trkpt>
<trkpt lat="37.882730" lon="-121.971482"><ele>210.7</ele><time>2026-10-03T14:17:04Z</time></trkpt>
<trkpt lat="37.882709" lon="-121.971455"><ele>210.9</ele><time>2026-10-03T14:17:05Z</time></trkpt>
<trkpt lat="37.882688" lon="-121.971429"><ele>211.1</ele><time>2026-10-03T14:17:06Z</time></trkpt>
<trkpt lat="37.882668" lon="-121.971402"><ele>211.3</ele><time>2026-10-03T14:17:07Z</time></trkpt>
<trkpt lat="37.882643" lon="-121.971381"><ele>211.6</ele><time>2026-10-03T14:17:08Z</time></trkpt>
<trkpt lat="37.882618" lon="-121.971361"><ele>211.8</ele><time>2026-10-03T14:17:09Z</time></trkpt>
<trkpt lat="37.882592" lon="-121.971340"><ele>212.0</ele><time>2026-10-03T14:17:10Z</time></trkpt>
<trkpt lat="37.882566" lon="-121.971323"><ele>212.2</ele><time>2026-10-03T14:17:11Z</time></trkpt>
<trkpt lat="37.882539" lon="-121.971307"><ele>212.4</ele><time>2026-10-03T14:17:12Z</time></trkpt>
<trkpt lat="37.882512" lon="-121.971290"><ele>212.5</ele><time>2026-10-03T14:17:13Z</time></trkpt>
<trkpt lat="37.882483" lon="-121.971281"><ele>212.8</ele><time>2026-10-03T14:17:14Z</time></trkpt>
<trkpt lat="37.882454" lon="-121.971271"><ele>213.2</ele><time>2026-10-03T14:17:15Z</time></trkpt>
<trkpt lat="37.882425" lon="-121.971261"><ele>213.5</ele><time>2026-10-03T14:17:16Z</time></trkpt>
<trkpt lat="37.882396" lon="-121.971253"><ele>213.8</ele><time>2026-10-03T14:17:17Z</time></trkpt>
<trkpt lat="37.882366" lon="-121.971244"><ele>214.0</ele><time>2026-10-03T14:17:18Z</time></trkpt>
<trkpt lat="37.882337" lon="-121.971236"><ele>214.3</ele><time>2026-10-03T14:17:19Z</time></trkpt>
<trkpt lat="37.882308" lon="-121.971225"><ele>214.5</ele><time>2026-10-03T14:17:20Z</time></trkpt>
<trkpt lat="37.882280" lon="-121.971215"><ele>214.7</ele><time>2026-10-03T14:17:21Z</time></trkpt>
<trkpt lat="37.882251" lon="-121.971204"><ele>214.9</ele><time>2026-10-03T14:17:22Z</time></trkpt>
<trkpt lat="37.882223" lon="-121.971191"><ele>215.1</ele><time>2026-10-03T14:17:23Z</time></trkpt>
<trkpt lat="37.882195" lon="-121.971178"><ele>215.4</ele><time>2026-10-03T14:17:24Z</time></trkpt>
<trkpt lat="37.882166" lon="-121.971165"><ele>215.6</ele><time>2026-10-03T14:17:25Z</time></trkpt>
<trkpt lat="37.882139" lon="-121.971150"><ele>215.8</ele><time>2026-10-03T14:17:26Z</time></trkpt>
<trkpt lat="37.882112" lon="-121.971134"><ele>216.0</ele><time>2026-10-03T14:17:27Z</time></trkpt>
<trkpt lat="37.882085" lon="-121.971118"><ele>216.2</ele><time>2026-10-03T14:17:28Z</time></trkpt>
<trkpt lat="37.882059" lon="-121.971099"><ele>216.4</ele><time>2026-10-03T14:17:29Z</time></trkpt>
<trkpt lat="37.882033" lon="-121.971080"><ele>216.5</ele><time>2026-10-03T14:17:30Z</time></trkpt>
<trkpt lat="37.882007" lon="-121.971061"><ele>216.7</ele><time>2026-10-03T14:17:31Z</time></trkpt>
<trkpt lat="37.881984" lon="-121.971038"><ele>217.0</ele><time>2026-10-03T14:17:32Z</time></trkpt>
<trkpt lat="37.881960" lon="-121.971014"><ele>217.3</ele><time>2026-10-03T14:17:33Z</time></trkpt>
<trkpt lat="37.881937" lon="-121.970990"><ele>217.6</ele><time>2026-10-03T14:17:34Z</time></trkpt>
<trkpt lat="37.881918" lon="-121.970961"><ele>217.8</ele><time>2026-10-03T14:17:35Z</time></trkpt>
<trkpt lat="37.881899" lon="-121.970931"><ele>218.0</ele><time>2026-10-03T14:17:36Z</time></trkpt>
<trkpt lat="37.881880" lon="-121.970902"><ele>218.1</ele><time>2026-10-03T14:17:37Z</time></trkpt>
<trkpt lat="37.881870" lon="-121.970867"><ele>218.3</ele><time>2026-10-03T14:17:38Z</time></trkpt>
<trkpt lat="37.881859" lon="-121.970831"><ele>218.5</ele><time>2026-10-03T14:17:39Z</time></trkpt>
<trkpt lat="37.881849" lon="-121.970796"><ele>218.6</ele><time>2026-10-03T14:17:40Z</time></trkpt>
<trkpt lat="37.881851" lon="-121.970758"><ele>218.8</ele><time>2026-10-03T14:17:41Z</time></trkpt>
<trkpt lat="37.881852" lon="-121.970721"><ele>218.9</ele><time>2026-10-03T14:17:42Z</time></trkpt>
<trkpt lat="37.881854" lon="-121.970683"><ele>219.0</ele><time>2026-10-03T14:17:43Z</time></trkpt>
<trkpt lat="37.881862" lon="-121.970646"><ele>219.1</ele><time>2026-10-03T14:17:44Z</time></trkpt>
<trkpt lat="37.881870" lon="-121.970610"><ele>219.1</ele><time>2026-10-03T14:17:45Z</time></trkpt>
<trkpt lat="37.881878" lon="-121.970573"><ele>219.2</ele><time>2026-10-03T14:17:46Z</time></trkpt>
<trkpt lat="37.881887" lon="-121.970537"><ele>219.3</ele><time>2026-10-03T14:17:47Z</time></trkpt>
<trkpt lat="37.881897" lon="-121.970501"><ele>219.5</ele><time>2026-10-03T14:17:48Z</time></trkpt>
<trkpt lat="37.881906" lon="-121.970465"><ele>219.6</ele><time>2026-10-03T14:17:49Z</time></trkpt>
<trkpt lat="37.881914" lon="-121.970428"><ele>219.7</ele><time>2026-10-03T14:17:50Z</time></trkpt>
<trkpt lat="37.881921" lon="-121.970392"><ele>219.8</ele><time>2026-10-03T14:17:51Z</time></trkpt>
<trkpt lat="37.881928" lon="-121.970355"><ele>220.0</ele><time>2026-10-03T14:17:52Z</time></trkpt>
<trkpt lat="37.881932" lon="-121.970317"><ele>220.2</ele><time>2026-10-03T14:17:53Z</time></trkpt>
<trkpt lat="37.881936" lon="-121.970280"><ele>220.4</ele><time>2026-10-03T14:17:54Z</time></trkpt>
<trkpt lat="37.881940" lon="-121.970242"><ele>220.5</ele><time>2026-10-03T14:17:55Z</time></trkpt>
<trkpt lat="37.881942" lon="-121.970204"><ele>220.8</ele><time>2026-10-03T14:17:56Z</time></trkpt>
<trkpt lat="37.881944" lon="-121.970166"><ele>221.0</ele><time>2026-10-03T14:17:57Z</time></trkpt>
<trkpt lat="37.881946" lon="-121.970128"><ele>221.2</ele><time>2026-10-03T14:17:58Z</time></trkpt>
<trkpt lat="37.881942" lon="-121.970091"><ele>221.6</ele><time>2026-10-03T14:17:59Z</time></trkpt>
<trkpt lat="37.881939" lon="-121.970053"><ele>221.9</ele><time>2026-10-03T14:18:00Z</time></trkpt>
<trkpt lat="37.881935" lon="-121.970016"><ele>222.2</ele><time>2026-10-03T14:18:01Z</time></trkpt>
<trkpt lat="37.881928" lon="-121.969979"><ele>222.5</ele><time>2026-10-03T14:18:02Z</time></trkpt>
<trkpt lat="37.881922" lon="-121.969942"><ele>222.9</ele><time>2026-10-03T14:18:03Z</time></trkpt>
<trkpt lat="37.881915" lon="-121.969905"><ele>223.2</ele><time>2026-10-03T14:18:04Z</time></trkpt>
<trkpt lat="37.881909" lon="-121.969868"><ele>223.4</ele><time>2026-10-03T14:18:05Z</time></trkpt>
<trkpt lat="37.881904" lon="-121.969830"><ele>223.6</ele><time>2026-10-03T14:18:06Z</time></trkpt>
<trkpt lat="37.881898" lon="-121.969793"><ele>223.8</ele><time>2026-10-03T14:18:07Z</time></trkpt>
<trkpt lat="37.881897" lon="-121.969755"><ele>224.1</ele><time>2026-10-03T14:18:08Z</time></trkpt>
<trkpt lat="37.881895" lon="-121.969717"><ele>224.3</ele><time>2026-10-03T14:18:09Z</time></trkpt>
<trkpt lat="37.881893" lon="-121.969679"><ele>224.6</ele><time>2026-10-03T14:18:10Z</time></trkpt>
<trkpt lat="37.881893" lon="-121.969641"><ele>224.9</ele><time>2026-10-03T14:18:11Z</time></trkpt>
<trkpt lat="37.881892" lon="-121.969603"><ele>225.2</ele><time>2026-10-03T14:18:12Z</time></trkpt>
<trkpt lat="37.881891" lon="-121.969565"><ele>225.4</ele><time>2026-10-03T14:18:13Z</time></trkpt>
<trkpt lat="37.881890" lon="-121.969527"><ele>225.7</ele><time>2026-10-03T14:18:14Z</time></trkpt>
<trkpt lat="37.881889" lon="-121.969490"><ele>225.9</ele><time>2026-10-03T14:18:15Z</time></trkpt>
<trkpt lat="37.881888" lon="-121.969452"><ele>226.2</ele><time>2026-10-03T14:18:16Z</time></trkpt>
<trkpt lat="37.881886" lon="-121.969414"><ele>226.5</ele><time>2026-10-03T14:18:17Z</time></trkpt>
<trkpt lat="37.881884" lon="-121.969376"><ele>226.7</ele><time>2026-10-03T14:18:18Z</time></trkpt>
<trkpt lat="37.881882" lon="-121.969338"><ele>227.0</ele><time>2026-10-03T14:18:19Z</time></trkpt>
<trkpt lat="37.881882" lon="-121.969300"><ele>227.2</ele><time>2026-10-03T14:18:20Z</time></trkpt>
<trkpt lat="37.881883" lon="-121.969262"><ele>227.4</ele><time>2026-10-03T14:18:21Z</time></trkpt>
<trkpt lat="37.881883" lon="-121.969224"><ele>227.6</ele><time>2026-10-03T14:18:22Z</time></trkpt>
<trkpt lat="37.881886" lon="-121.969186"><ele>227.7</ele><time>2026-10-03T14:18:23Z</time></trkpt>
<trkpt lat="37.881888" lon="-121.969149"><ele>227.9</ele><time>2026-10-03T14:18:24Z</time></trkpt>
<trkpt lat="37.881891" lon="-121.969111"><ele>228.0</ele><time>2026-10-03T14:18:25Z</time></trkpt>
<trkpt lat="37.881893" lon="-121.969073"><ele>228.2</ele><time>2026-10-03T14:18:26Z</time></trkpt>
<trkpt lat="37.881895" lon="-121.969035"><ele>228.4</ele><time>2026-10-03T14:18:27Z</time></trkpt>
<trkpt lat="37.881897" lon="-121.968997"><ele>228.6</ele><time>2026-10-03T14:18:28Z</time></trkpt>
<trkpt lat="37.881898" lon="-121.968959"><ele>228.8</ele><time>2026-10-03T14:18:29Z</time></trkpt>
<trkpt lat="37.881898" lon="-121.968921"><ele>229.0</ele><time>2026-10-03T14:18:30Z</time></trkpt>
<trkpt lat="37.881898" lon="-121.968883"><ele>229.2</ele><time>2026-10-03T14:18:31Z</time></trkpt>
<trkpt lat="37.881896" lon="-121.968845"><ele>229.3</ele><time>2026-10-03T14:18:32Z</time></trkpt>
<trkpt lat="37.881894" lon="-121.968808"><ele>229.5</ele><time>2026-10-03T14:18:33Z</time></trkpt>
<trkpt lat="37.881892" lon="-121.968770"><ele>229.6</ele><time>2026-10-03T14:18:34Z</time></trkpt>
<trkpt lat="37.881884" lon="-121.968734"><ele>229.8</ele><time>2026-10-03T14:18:35Z</time></trkpt>
<trkpt lat="37.881875" lon="-121.968697"><ele>230.0</ele><time>2026-10-03T14:18:36Z</time></trkpt>
<trkpt lat="37.881866" lon="-121.968661"><ele>230.3</ele><time>2026-10-03T14:18:37Z</time></trkpt>
<trkpt lat="37.881847" lon="-121.968633"><ele>230.5</ele><time>2026-10-03T14:18:38Z</time></trkpt>
<trkpt lat="37.881827" lon="-121.968605"><ele>230.7</ele><time>2026-10-03T14:18:39Z</time></trkpt>
<trkpt lat="37.881808" lon="-121.968577"><ele>230.9</ele><time>2026-10-03T14:18:40Z</time></trkpt>
<trkpt lat="37.881780" lon="-121.968564"><ele>231.0</ele><time>2026-10-03T14:18:41Z</time></trkpt>
<trkpt lat="37.881752" lon="-121.968552"><ele>231.1</ele><time>2026-10-03T14:18:42Z</time></trkpt>
<trkpt lat="37.881724" lon="-121.968540"><ele>231.2</ele><time>2026-10-03T14:18:43Z</time></trkpt>
<trkpt lat="37.881694" lon="-121.968539"><ele>231.3</ele><time>2026-10-03T14:18:44Z</time></trkpt>
<trkpt lat="37.881664" lon="-121.968538"><ele>231.5</ele><time>2026-10-03T14:18:45Z</time></trkpt>
<trkpt lat="37.881634" lon="-121.968537"><ele>231.6</ele><time>2026-10-03T14:18:46Z</time></trkpt>
<trkpt lat="37.881604" lon="-121.968540"><ele>231.7</ele><time>2026-10-03T14:18:47Z</time></trkpt>
<trkpt lat="37.881574" lon="-121.968542"><ele>231.8</ele><time>2026-10-03T14:18:48Z</time></trkpt>
<trkpt lat="37.881544" lon="-121.968544"><ele>232.0</ele><time>2026-10-03T14:18:49Z</time></trkpt>
<trkpt lat="37.881514" lon="-121.968545"><ele>232.1</ele><time>2026-10-03T14:18:50Z</time></trkpt>
<trkpt lat="37.881484" lon="-121.968546"><ele>232.3</ele><time>2026-10-03T14:18:51Z</time></trkpt>
<trkpt lat="37.881454" lon="-121.968546"><ele>232.4</ele><time>2026-10-03T14:18:52Z</time></trkpt>
<trkpt lat="37.881425" lon="-121.968543"><ele>232.5</ele><time>2026-10-03T14:18:53Z</time></trkpt>
<trkpt lat="37.881395" lon="-121.968540"><ele>232.5</ele><time>2026-10-03T14:18:54Z</time></trkpt>
<trkpt lat="37.881365" lon="-121.968536"><ele>232.6</ele><time>2026-10-03T14:18:55Z</time></trkpt>
<trkpt lat="37.881336" lon="-121.968525"><ele>232.8</ele><time>2026-10-03T14:18:56Z</time></trkpt>
<trkpt lat="37.881308" lon="-121.968513"><ele>233.0</ele><time>2026-10-03T14:18:57Z</time></trkpt>
<trkpt lat="37.881279" lon="-121.968502"><ele>233.3</ele><time>2026-10-03T14:18:58Z</time></trkpt>
<trkpt lat="37.881255" lon="-121.968481"><ele>233.4</ele><time>2026-10-03T14:18:59Z</time></trkpt>
<trkpt lat="37.881230" lon="-121.968460"><ele>233.5</ele><time>2026-10-03T14:19:00Z</time></trkpt>
<trkpt lat="37.881205" lon="-121.968439"><ele>233.6</ele><time>2026-10-03T14:19:01Z</time></trkpt>
<trkpt lat="37.881188" lon="-121.968409"><ele>233.9</ele><time>2026-10-03T14:19:02Z</time></trkpt>
<trkpt lat="37.881170" lon="-121.968378"><ele>234.1</ele><time>2026-10-03T14:19:03Z</time></trkpt>
<trkpt lat="37.881152" lon="-121.968348"><ele>234.4</ele><time>2026-10-03T14:19:04Z</time></trkpt>
<trkpt lat="37.881142" lon="-121.968312"><ele>234.5</ele><time>2026-10-03T14:19:05Z</time></trkpt>
<trkpt lat="37.881132" lon="-121.968276"><ele>234.7</ele><time>2026-10-03T14:19:06Z</time></trkpt>
<trkpt lat="37.881122" lon="-121.968241"><ele>234.8</ele><time>2026-10-03T14:19:07Z</time></trkpt>
<trkpt lat="37.881116" lon="-121.968204"><ele>235.0</ele><time>2026-10-03T14:19:08Z</time></trkpt>
<trkpt lat="37.881110" lon="-121.968167"><ele>235.1</ele><time>2026-10-03T14:19:09Z</time></trkpt>
<trkpt lat="37.881104" lon="-121.968129"><ele>235.2</ele><time>2026-10-03T14:19:10Z</time></trkpt>
<trkpt lat="37.881101" lon="-121.968092"><ele>235.4</ele><time>2026-10-03T14:19:11Z</time></trkpt>
<trkpt lat="37.881099" lon="-121.968054"><ele>235.5</ele><time>2026-10-03T14:19:12Z</time></trkpt>
<trkpt lat="37.881096" lon="-121.968016"><ele>235.7</ele><time>2026-10-03T14:19:13Z</time></trkpt>
<trkpt lat="37.881095" lon="-121.967978"><ele>236.0</ele><time>2026-10-03T14:19:14Z</time></trkpt>
<trkpt lat="37.881094" lon="-121.967940"><ele>236.2</ele><time>2026-10-03T14:19:15Z</time></trkpt>
<trkpt lat="37.881093" lon="-121.967902"><ele>236.5</ele><time>2026-10-03T14:19:16Z</time></trkpt>
<trkpt lat="37.881090" lon="-121.967864"><ele>236.7</ele><time>2026-10-03T14:19:17Z</time></trkpt>
<trkpt lat="37.881087" lon="-121.967827"><ele>236.8</ele><time>2026-10-03T14:19:18Z</time></trkpt>
<trkpt lat="37.881084" lon="-121.967789"><ele>237.0</ele><time>2026-10-03T14:19:19Z</time></trkpt>
<trkpt lat="37.881081" lon="-121.967751"><ele>237.3</ele><time>2026-10-03T14:19:20Z</time></trkpt>
<trkpt lat="37.881077" lon="-121.967714"><ele>237.5</ele><time>2026-10-03T14:19:21Z</time></trkpt>
<trkpt lat="37.881073" lon="-121.967676"><ele>237.8</ele><time>2026-10-03T14:19:22Z</time></trkpt>
<trkpt lat="37.881069" lon="-121.967638"><ele>237.9</ele><time>2026-10-03T14:19:23Z</time></trkpt>
<trkpt lat="37.881065" lon="-121.967601"><ele>238.0</ele><time>2026-10-03T14:19:24Z</time></trkpt>
<trkpt lat="37.881061" lon="-121.967563"><ele>238.1</ele><time>2026-10-03T14:19:25Z</time></trkpt>
<trkpt lat="37.881055" lon="-121.967526"><ele>238.5</ele><time>2026-10-03T14:19:26Z</time></trkpt>
<trkpt lat="37.881049" lon="-121.967489"><ele>238.9</ele><time>2026-10-03T14:19:27Z</time></trkpt>
<trkpt lat="37.881043" lon="-121.967451"><ele>239.3</ele><time>2026-10-03T14:19:28Z</time></trkpt>
<trkpt lat="37.881038" lon="-121.967414"><ele>239.7</ele><time>2026-10-03T14:19:29Z</time></trkpt>
<trkpt lat="37.881034" lon="-121.967376"><ele>240.0</ele><time>2026-10-03T14:19:30Z</time></trkpt>
<trkpt lat="37.881029" lon="-121.967339"><ele>240.4</ele><time>2026-10-03T14:19:31Z</time></trkpt>
<trkpt lat="37.881027" lon="-121.967301"><ele>240.7</ele><time>2026-10-03T14:19:32Z</time></trkpt>
<trkpt lat="37.881025" lon="-121.967263"><ele>241.0</ele><time>2026-10-03T14:19:33Z</time></trkpt>
<trkpt lat="37.881023" lon="-121.967225"><ele>241.2</ele><time>2026-10-03T14:19:34Z</time></trkpt>
<trkpt lat="37.881023" lon="-121.967187"><ele>241.5</ele><time>2026-10-03T14:19:35Z</time></trkpt>
<trkpt lat="37.881024" lon="-121.967150"><ele>241.7</ele><time>2026-10-03T14:19:36Z</time></trkpt>
<trkpt lat="37.881024" lon="-121.967112"><ele>241.9</ele><time>2026-10-03T14:19:37Z</time></trkpt>
<trkpt lat="37.881029" lon="-121.967074"><ele>242.1</ele><time>2026-10-03T14:19:38Z</time></trkpt>
<trkpt lat="37.881034" lon="-121.967037"><ele>242.3</ele><time>2026-10-03T14:19:39Z</time></trkpt>
<trkpt lat="37.881038" lon="-121.966999"><ele>242.5</ele><time>2026-10-03T14:19:40Z</time></trkpt>
<trkpt lat="37.881046" lon="-121.966962"><ele>242.6</ele><time>2026-10-03T14:19:41Z</time></trkpt>
<trkpt lat="37.881053" lon="-121.966926"><ele>242.8</ele><time>2026-10-03T14:19:42Z</time></trkpt>
<trkpt lat="37.881061" lon="-121.966889"><ele>243.0</ele><time>2026-10-03T14:19:43Z</time></trkpt>
<trkpt lat="37.881072" lon="-121.966854"><ele>243.1</ele><time>2026-10-03T14:19:44Z</time></trkpt>
<trkpt lat="37.881082" lon="-121.966818"><ele>243.2</ele><time>2026-10-03T14:19:45Z</time></trkpt>
<trkpt lat="37.881093" lon="-121.966783"><ele>243.3</ele><time>2026-10-03T14:19:46Z</time></trkpt>
<trkpt lat="37.881107" lon="-121.966749"><ele>243.5</ele><time>2026-10-03T14:19:47Z</time></trkpt>
<trkpt lat="37.881120" lon="-121.966715"><ele>243.8</ele><time>2026-10-03T14:19:48Z</time></trkpt>
<trkpt lat="37.881133" lon="-121.966681"><ele>244.0</ele><time>2026-10-03T14:19:49Z</time></trkpt>
<trkpt lat="37.881145" lon="-121.966646"><ele>244.1</ele><time>2026-10-03T14:19:50Z</time></trkpt>
<trkpt lat="37.881157" lon="-121.966611"><ele>244.1</ele><time>2026-10-03T14:19:51Z</time></trkpt>
<trkpt lat="37.881168" lon="-121.966576"><ele>244.2</ele><time>2026-10-03T14:19:52Z</time></trkpt>
<trkpt lat="37.881177" lon="-121.966540"><ele>244.3</ele><time>2026-10-03T14:19:53Z</time></trkpt>
<trkpt lat="37.881186" lon="-121.966504"><ele>244.3</ele><time>2026-10-03T14:19:54Z</time></trkpt>
<trkpt lat="37.881195" lon="-121.966468"><ele>244.4</ele><time>2026-10-03T14:19:55Z</time></trkpt>
<trkpt lat="37.881196" lon="-121.966430"><ele>244.5</ele><time>2026-10-03T14:19:56Z</time></trkpt>
<trkpt lat="37.881197" lon="-121.966392"><ele>244.7</ele><time>2026-10-03T14:19:57Z</time></trkpt>
<trkpt lat="37.881198" lon="-121.966354"><ele>244.8</ele><time>2026-10-03T14:19:58Z</time></trkpt>
<trkpt lat="37.881193" lon="-121.966317"><ele>244.9</ele><time>2026-10-03T14:19:59Z</time></trkpt>
<trkpt lat="37.881187" lon="-121.966280"><ele>244.9</ele><time>2026-10-03T14:20:00Z</time></trkpt>
<trkpt lat="37.881182" lon="-121.966243"><ele>245.0</ele><time>2026-10-03T14:20:01Z</time></trkpt>
<trkpt lat="37.881164" lon="-121.966213"><ele>245.0</ele><time>2026-10-03T14:20:02Z</time></trkpt>
<trkpt lat="37.881147" lon="-121.966183"><ele>245.0</ele><time>2026-10-03T14:20:03Z</time></trkpt>
<trkpt lat="37.881129" lon="-121.966153"><ele>245.0</ele><time>2026-10-03T14:20:04Z</time></trkpt>
<trkpt lat="37.881102" lon="-121.966137"><ele>245.1</ele><time>2026-10-03T14:20:05Z</time></trkpt>
<trkpt lat="37.881076" lon="-121.966121"><ele>245.1</ele><time>2026-10-03T14:20:06Z</time></trkpt>
<trkpt lat="37.881049" lon="-121.966105"><ele>245.2</ele><time>2026-10-03T14:20:07Z</time></trkpt>
<trkpt lat="37.881019" lon="-121.966107"><ele>245.2</ele><time>2026-10-03T14:20:08Z</time></trkpt>
<trkpt lat="37.880990" lon="-121.966110"><ele>245.3</ele><time>2026-10-03T14:20:09Z</time></trkpt>
<trkpt lat="37.880960" lon="-121.966112"><ele>245.3</ele><time>2026-10-03T14:20:10Z</time></trkpt>
<trkpt lat="37.880931" lon="-121.966122"><ele>245.4</ele><time>2026-10-03T14:20:11Z</time></trkpt>
<trkpt lat="37.880902" lon="-121.966131"><ele>245.5</ele><time>2026-10-03T14:20:12Z</time></trkpt>
<trkpt lat="37.880873" lon="-121.966141"><ele>245.7</ele><time>2026-10-03T14:20:13Z</time></trkpt>
<trkpt lat="37.880844" lon="-121.966150"><ele>245.8</ele><time>2026-10-03T14:20:14Z</time></trkpt>
<trkpt lat="37.880815" lon="-121.966158"><ele>245.9</ele><time>2026-10-03T14:20:15Z</time></trkpt>
<trkpt lat="37.880786" lon="-121.966167"><ele>246.0</ele><time>2026-10-03T14:20:16Z</time></trkpt>
<trkpt lat="37.880756" lon="-121.966173"><ele>246.2</ele><time>2026-10-03T14:20:17Z</time></trkpt>
<trkpt lat="37.880727" lon="-121.966179"><ele>246.5</ele><time>2026-10-03T14:20:18Z</time></trkpt>
<trkpt lat="37.880697" lon="-121.966186"><ele>246.7</ele><time>2026-10-03T14:20:19Z</time></trkpt>
<trkpt lat="37.880667" lon="-121.966189"><ele>246.9</ele><time>2026-10-03T14:20:20Z</time></trkpt>
<trkpt lat="37.880638" lon="-121.966192"><ele>247.2</ele><time>2026-10-03T14:20:21Z</time></trkpt>
<trkpt lat="37.880608" lon="-121.966195"><ele>247.4</ele><time>2026-10-03T14:20:22Z</time></trkpt>
<trkpt lat="37.880578" lon="-121.966192"><ele>247.6</ele><time>2026-10-03T14:20:23Z</time></trkpt>
<trkpt lat="37.880548" lon="-121.966189"><ele>247.9</ele><time>2026-10-03T14:20:24Z</time></trkpt>
<trkpt lat="37.880518" lon="-121.966186"><ele>248.1</ele><time>2026-10-03T14:20:25Z</time></trkpt>
<trkpt lat="37.880489" lon="-121.966180"><ele>248.5</ele><time>2026-10-03T14:20:26Z</time></trkpt>
<trkpt lat="37.880459" lon="-121.966174"><ele>248.9</ele><time>2026-10-03T14:20:27Z</time></trkpt>
<trkpt lat="37.880430" lon="-121.966167"><ele>249.3</ele><time>2026-10-03T14:20:28Z</time></trkpt>
<trkpt lat="37.880402" lon="-121.966153"><ele>249.5</ele><time>2026-10-03T14:20:29Z</time></trkpt>
<trkpt lat="37.880374" lon="-121.966138"><ele>249.8</ele><time>2026-10-03T14:20:30Z</time></trkpt>
<trkpt lat="37.880347" lon="-121.966123"><ele>250.1</ele><time>2026-10-03T14:20:31Z</time></trkpt>
<trkpt lat="37.880322" lon="-121.966103"><ele>250.3</ele><time>2026-10-03T14:20:32Z</time></trkpt>
<trkpt lat="37.880296" lon="-121.966082"><ele>250.5</ele><time>2026-10-03T14:20:33Z</time></trkpt>
<trkpt lat="37.880271" lon="-121.966062"><ele>250.8</ele><time>2026-10-03T14:20:34Z</time></trkpt>
<trkpt lat="37.880252" lon="-121.966033"><ele>251.0</ele><time>2026-10-03T14:20:35Z</time></trkpt>
<trkpt lat="37.880233" lon="-121.966004"><ele>251.3</ele><time>2026-10-03T14:20:36Z</time></trkpt>
<trkpt lat="37.880214" lon="-121.965975"><ele>251.5</ele><time>2026-10-03T14:20:37Z</time></trkpt>
<trkpt lat="37.880202" lon="-121.965941"><ele>251.7</ele><time>2026-10-03T14:20:38Z</time></trkpt>
<trkpt lat="37.880190" lon="-121.965906"><ele>251.8</ele><time>2026-10-03T14:20:39Z</time></trkpt>
<trkpt lat="37.880179" lon="-121.965871"><ele>251.9</ele><time>2026-10-03T14:20:40Z</time></trkpt>
<trkpt lat="37.880175" lon="-121.965833"><ele>252.0</ele><time>2026-10-03T14:20:41Z</time></trkpt>
<trkpt lat="37.880172" lon="-121.965796"><ele>252.1</ele><time>2026-10-03T14:20:42Z</time></trkpt>
<trkpt lat="37.880168" lon="-121.965758"><ele>252.2</ele><time>2026-10-03T14:20:43Z</time></trkpt>
<trkpt lat="37.880172" lon="-121.965721"><ele>252.3</ele><time>2026-10-03T14:20:44Z</time></trkpt>
<trkpt lat="37.880175" lon="-121.965683"><ele>252.3</ele><time>2026-10-03T14:20:45Z</time></trkpt>
<trkpt lat="37.880178" lon="-121.965646"><ele>252.4</ele><time>2026-10-03T14:20:46Z</time></trkpt>
<trkpt lat="37.880188" lon="-121.965610"><ele>252.6</ele><time>2026-10-03T14:20:47Z</time></trkpt>
<trkpt lat="37.880198" lon="-121.965574"><ele>252.8</ele><time>2026-10-03T14:20:48Z</time></trkpt>
<trkpt lat="37.880208" lon="-121.965538"><ele>253.0</ele><time>2026-10-03T14:20:49Z</time></trkpt>
<trkpt lat="37.880220" lon="-121.965503"><ele>253.1</ele><time>2026-10-03T14:20:50Z</time></trkpt>
<trkpt lat="37.880231" lon="-121.965468"><ele>253.3</ele><time>2026-10-03T14:20:51Z</time></trkpt>
<trkpt lat="37.880243" lon="-121.965433"><ele>253.5</ele><time>2026-10-03T14:20:52Z</time></trkpt>
<trkpt lat="37.880253" lon="-121.965397"><ele>253.7</ele><time>2026-10-03T14:20:53Z</time></trkpt>
<trkpt lat="37.880263" lon="-121.965362"><ele>253.8</ele><time>2026-10-03T14:20:54Z</time></trkpt>
<trkpt lat="37.880274" lon="-121.965326"><ele>254.0</ele><time>2026-10-03T14:20:55Z</time></trkpt>
<trkpt lat="37.880277" lon="-121.965289"><ele>254.1</ele><time>2026-10-03T14:20:56Z</time></trkpt>
<trkpt lat="37.880280" lon="-121.965251"><ele>254.2</ele><time>2026-10-03T14:20:57Z</time></trkpt>
<trkpt lat="37.880283" lon="-121.965214"><ele>254.3</ele><time>2026-10-03T14:20:58Z</time></trkpt>
<trkpt lat="37.880276" lon="-121.965178"><ele>254.5</ele><time>2026-10-03T14:20:59Z</time></trkpt>
<trkpt lat="37.880268" lon="-121.965142"><ele>254.6</ele><time>2026-10-03T14:21:00Z</time></trkpt>
<trkpt lat="37.880261" lon="-121.965106"><ele>254.8</ele><time>2026-10-03T14:21:01Z</time></trkpt>
<trkpt lat="37.880240" lon="-121.965079"><ele>254.8</ele><time>2026-10-03T14:21:02Z</time></trkpt>
<trkpt lat="37.880218" lon="-121.965053"><ele>254.9</ele><time>2026-10-03T14:21:03Z</time></trkpt>
<trkpt lat="37.880197" lon="-121.965027"><ele>255.0</ele><time>2026-10-03T14:21:04Z</time></trkpt>
<trkpt lat="37.880168" lon="-121.965016"><ele>255.1</ele><time>2026-10-03T14:21:05Z</time></trkpt>
<trkpt lat="37.880140" lon="-121.965006"><ele>255.3</ele><time>2026-10-03T14:21:06Z</time></trkpt>
<trkpt lat="37.880111" lon="-121.964995"><ele>255.4</ele><time>2026-10-03T14:21:07Z</time></trkpt>
<trkpt lat="37.880081" lon="-121.964994"><ele>255.5</ele><time>2026-10-03T14:21:08Z</time></trkpt>
<trkpt lat="37.880052" lon="-121.964994"><ele>255.5</ele><time>2026-10-03T14:21:09Z</time></trkpt>
<trkpt lat="37.880022" lon="-121.964993"><ele>255.6</ele><time>2026-10-03T14:21:10Z</time></trkpt>
<trkpt lat="37.879992" lon="-121.964995"><ele>255.7</ele><time>2026-10-03T14:21:11Z</time></trkpt>
<trkpt lat="37.879962" lon="-121.964998"><ele>255.9</ele><time>2026-10-03T14:21:12Z</time></trkpt>
<trkpt lat="37.879932" lon="-121.965001"><ele>256.0</ele><time>2026-10-03T14:21:13Z</time></trkpt>
<trkpt lat="37.879902" lon="-121.965004"><ele>256.2</ele><time>2026-10-03T14:21:14Z</time></trkpt>
<trkpt lat="37.879872" lon="-121.965007"><ele>256.3</ele><time>2026-10-03T14:21:15Z</time></trkpt>
<trkpt lat="37.879842" lon="-121.965010"><ele>256.5</ele><time>2026-10-03T14:21:16Z</time></trkpt>
<trkpt lat="37.879813" lon="-121.965015"><ele>256.6</ele><time>2026-10-03T14:21:17Z</time></trkpt>
<trkpt lat="37.879783" lon="-121.965020"><ele>256.7</ele><time>2026-10-03T14:21:18Z</time></trkpt>
<trkpt lat="37.879753" lon="-121.965025"><ele>256.8</ele><time>2026-10-03T14:21:19Z</time></trkpt>
<trkpt lat="37.879723" lon="-121.965026"><ele>257.0</ele><time>2026-10-03T14:21:20Z</time></trkpt>
<trkpt lat="37.879693" lon="-121.965027"><ele>257.1</ele><time>2026-10-03T14:21:21Z</time></trkpt>
<trkpt lat="37.879664" lon="-121.965028"><ele>257.3</ele><time>2026-10-03T14:21:22Z</time></trkpt>
<trkpt lat="37.879634" lon="-121.965020"><ele>257.4</ele><time>2026-10-03T14:21:23Z</time></trkpt>
<trkpt lat="37.879605" lon="-121.965013"><ele>257.5</ele><time>2026-10-03T14:21:24Z</time></trkpt>
<trkpt lat="37.879575" lon="-121.965006"><ele>257.6</ele><time>2026-10-03T14:21:25Z</time></trkpt>
<trkpt lat="37.879549" lon="-121.964988"><ele>257.9</ele><time>2026-10-03T14:21:26Z</time></trkpt>
<trkpt lat="37.879523" lon="-121.964970"><ele>258.2</ele><time>2026-10-03T14:21:27Z</time></trkpt>
<trkpt lat="37.879497" lon="-121.964952"><ele>258.5</ele><time>2026-10-03T14:21:28Z</time></trkpt>
<trkpt lat="37.879476" lon="-121.964925"><ele>258.7</ele><time>2026-10-03T14:21:29Z</time></trkpt>
<trkpt lat="37.879455" lon="-121.964898"><ele>259.0</ele><time>2026-10-03T14:21:30Z</time></trkpt>
<trkpt lat="37.879434" lon="-121.964871"><ele>259.2</ele><time>2026-10-03T14:21:31Z</time></trkpt>
<trkpt lat="37.879417" lon="-121.964839"><ele>259.3</ele><time>2026-10-03T14:21:32Z</time></trkpt>
<trkpt lat="37.879401" lon="-121.964807"><ele>259.3</ele><time>2026-10-03T14:21:33Z</time></trkpt>
<trkpt lat="37.879385" lon="-121.964776"><ele>259.4</ele><time>2026-10-03T14:21:34Z</time></trkpt>
<trkpt lat="37.879375" lon="-121.964740"><ele>259.7</ele><time>2026-10-03T14:21:35Z</time></trkpt>
<trkpt lat="37.879365" lon="-121.964704"><ele>259.9</ele><time>2026-10-03T14:21:36Z</time></trkpt>
<trkpt lat="37.879356" lon="-121.964668"><ele>260.2</ele><time>2026-10-03T14:21:37Z</time></trkpt>
<trkpt lat="37.879345" lon="-121.964632"><ele>260.5</ele><time>2026-10-03T14:21:38Z</time></trkpt>
<trkpt lat="37.879335" lon="-121.964597"><ele>260.7</ele><time>2026-10-03T14:21:39Z</time></trkpt>
<trkpt lat="37.879325" lon="-121.964561"><ele>260.9</ele><time>2026-10-03T14:21:40Z</time></trkpt>
<trkpt lat="37.879314" lon="-121.964526"><ele>261.3</ele><time>2026-10-03T14:21:41Z</time></trkpt>
<trkpt lat="37.879303" lon="-121.964491"><ele>261.6</ele><time>2026-10-03T14:21:42Z</time></trkpt>
<trkpt lat="37.879292" lon="-121.964455"><ele>261.9</ele><time>2026-10-03T14:21:43Z</time></trkpt>
<trkpt lat="37.879282" lon="-121.964419"><ele>262.1</ele><time>2026-10-03T14:21:44Z</time></trkpt>
<trkpt lat="37.879273" lon="-121.964383"><ele>262.4</ele><time>2026-10-03T14:21:45Z</time></trkpt>
<trkpt lat="37.879263" lon="-121.964347"><ele>262.6</ele><time>2026-10-03T14:21:46Z</time></trkpt>
<trkpt lat="37.879259" lon="-121.964310"><ele>262.9</ele><time>2026-10-03T14:21:47Z</time></trkpt>
<trkpt lat="37.879256" lon="-121.964272"><ele>263.2</ele><time>2026-10-03T14:21:48Z</time></trkpt>
<trkpt lat="37.879252" lon="-121.964235"><ele>263.4</ele><time>2026-10-03T14:21:49Z</time></trkpt>
<trkpt lat="37.879255" lon="-121.964197"><ele>263.7</ele><time>2026-10-03T14:21:50Z</time></trkpt>
<trkpt lat="37.879258" lon="-121.964159"><ele>263.9</ele><time>2026-10-03T14:21:51Z</time></trkpt>
<trkpt lat="37.879261" lon="-121.964122"><ele>264.2</ele><time>2026-10-03T14:21:52Z</time></trkpt>
<trkpt lat="37.879267" lon="-121.964084"><ele>264.5</ele><time>2026-10-03T14:21:53Z</time></trkpt>
<trkpt lat="37.879272" lon="-121.964047"><ele>264.8</ele><time>2026-10-03T14:21:54Z</time></trkpt>
<trkpt lat="37.879278" lon="-121.964010"><ele>265.1</ele><time>2026-10-03T14:21:55Z</time></trkpt>
<trkpt lat="37.879282" lon="-121.963972"><ele>265.4</ele><time>2026-10-03T14:21:56Z</time></trkpt>
<trkpt lat="37.879286" lon="-121.963934"><ele>265.6</ele><time>2026-10-03T14:21:57Z</time></trkpt>
<trkpt lat="37.879290" lon="-121.963897"><ele>265.8</ele><time>2026-10-03T14:21:58Z</time></trkpt>
<trkpt lat="37.879292" lon="-121.963859"><ele>265.9</ele><time>2026-10-03T14:21:59Z</time></trkpt>
<trkpt lat="37.879293" lon="-121.963821"><ele>266.1</ele><time>2026-10-03T14:22:00Z</time></trkpt>
<trkpt lat="37.879295" lon="-121.963784"><ele>266.2</ele><time>2026-10-03T14:22:01Z</time></trkpt>
<trkpt lat="37.879284" lon="-121.963749"><ele>266.3</ele><time>2026-10-03T14:22:02Z</time></trkpt>
<trkpt lat="37.879274" lon="-121.963714"><ele>266.5</ele><time>2026-10-03T14:22:03Z</time></trkpt>
<trkpt lat="37.879263" lon="-121.963679"><ele>266.6</ele><time>2026-10-03T14:22:04Z</time></trkpt>
<trkpt lat="37.879239" lon="-121.963656"><ele>266.7</ele><time>2026-10-03T14:22:05Z</time></trkpt>
<trkpt lat="37.879216" lon="-121.963634"><ele>266.7</ele><time>2026-10-03T14:22:06Z</time></trkpt>
<trkpt lat="37.879192" lon="-121.963611"><ele>266.8</ele><time>2026-10-03T14:22:07Z</time></trkpt>
<trkpt lat="37.879163" lon="-121.963602"><ele>266.9</ele><time>2026-10-03T14:22:08Z</time></trkpt>
<trkpt lat="37.879134" lon="-121.963592"><ele>267.1</ele><time>2026-10-03T14:22:09Z</time></trkpt>
<trkpt lat="37.879106" lon="-121.963583"><ele>267.2</ele><time>2026-10-03T14:22:10Z</time></trkpt>
<trkpt lat="37.879076" lon="-121.963577"><ele>267.3</ele><time>2026-10-03T14:22:11Z</time></trkpt>
<trkpt lat="37.879046" lon="-121.963571"><ele>267.3</ele><time>2026-10-03T14:22:12Z</time></trkpt>
<trkpt lat="37.879017" lon="-121.963565"><ele>267.4</ele><time>2026-10-03T14:22:13Z</time></trkpt>
<trkpt lat="37.878989" lon="-121.963553"><ele>267.4</ele><time>2026-10-03T14:22:14Z</time></trkpt>
<trkpt lat="37.878960" lon="-121.963540"><ele>267.4</ele><time>2026-10-03T14:22:15Z</time></trkpt>
<trkpt lat="37.878932" lon="-121.963528"><ele>267.4</ele><time>2026-10-03T14:22:16Z</time></trkpt>
<trkpt lat="37.878907" lon="-121.963508"><ele>267.4</ele><time>2026-10-03T14:22:17Z</time></trkpt>
<trkpt lat="37.878881" lon="-121.963488"><ele>267.4</ele><time>2026-10-03T14:22:18Z</time></trkpt>
<trkpt lat="37.878856" lon="-121.963469"><ele>267.4</ele><time>2026-10-03T14:22:19Z</time></trkpt>
<trkpt lat="37.878831" lon="-121.963447"><ele>267.4</ele><time>2026-10-03T14:22:20Z</time></trkpt>
<trkpt lat="37.878807" lon="-121.963425"><ele>267.4</ele><time>2026-10-03T14:22:21Z</time></trkpt>
<trkpt lat="37.878782" lon="-121.963403"><ele>267.4</ele><time>2026-10-03T14:22:22Z</time></trkpt>
<trkpt lat="37.878758" lon="-121.963380"><ele>267.4</ele><time>2026-10-03T14:22:23Z</time></trkpt>
<trkpt lat="37.878734" lon="-121.963358"><ele>267.4</ele><time>2026-10-03T14:22:24Z</time></trkpt>
<trkpt lat="37.878710" lon="-121.963335"><ele>267.4</ele><time>2026-10-03T14:22:25Z</time></trkpt>
<trkpt lat="37.878686" lon="-121.963313"><ele>267.5</ele><time>2026-10-03T14:22:26Z</time></trkpt>
<trkpt lat="37.878661" lon="-121.963290"><ele>267.5</ele><time>2026-10-03T14:22:27Z</time></trkpt>
<trkpt lat="37.878637" lon="-121.963267"><ele>267.6</ele><time>2026-10-03T14:22:28Z</time></trkpt>
<trkpt lat="37.878614" lon="-121.963244"><ele>267.7</ele><time>2026-10-03T14:22:29Z</time></trkpt>
<trkpt lat="37.878591" lon="-121.963220"><ele>267.9</ele><time>2026-10-03T14:22:30Z</time></trkpt>
<trkpt lat="37.878567" lon="-121.963196"><ele>268.0</ele><time>2026-10-03T14:22:31Z</time></trkpt>
<trkpt lat="37.878546" lon="-121.963170"><ele>268.1</ele><time>2026-10-03T14:22:32Z</time></trkpt>
<trkpt lat="37.878524" lon="-121.963143"><ele>268.2</ele><time>2026-10-03T14:22:33Z</time></trkpt>
<trkpt lat="37.878503" lon="-121.963117"><ele>268.3</ele><time>2026-10-03T14:22:34Z</time></trkpt>
<trkpt lat="37.878485" lon="-121.963087"><ele>268.3</ele><time>2026-10-03T14:22:35Z</time></trkpt>
<trkpt lat="37.878466" lon="-121.963057"><ele>268.4</ele><time>2026-10-03T14:22:36Z</time></trkpt>
<trkpt lat="37.878448" lon="-121.963027"><ele>268.4</ele><time>2026-10-03T14:22:37Z</time></trkpt>
<trkpt lat="37.878433" lon="-121.962994"><ele>268.5</ele><time>2026-10-03T14:22:38Z</time></trkpt>
<trkpt lat="37.878418" lon="-121.962961"><ele>268.7</ele><time>2026-10-03T14:22:39Z</time></trkpt>
<trkpt lat="37.878403" lon="-121.962929"><ele>268.8</ele><time>2026-10-03T14:22:40Z</time></trkpt>
<trkpt lat="37.878390" lon="-121.962894"><ele>268.8</ele><time>2026-10-03T14:22:41Z</time></trkpt>
<trkpt lat="37.878377" lon="-121.962860"><ele>268.9</ele><time>2026-10-03T14:22:42Z</time></trkpt>
<trkpt lat="37.878364" lon="-121.962826"><ele>268.9</ele><time>2026-10-03T14:22:43Z</time></trkpt>
<trkpt lat="37.878352" lon="-121.962791"><ele>269.0</ele><time>2026-10-03T14:22:44Z</time></trkpt>
<trkpt lat="37.878341" lon="-121.962756"><ele>269.1</ele><time>2026-10-03T14:22:45Z</time></trkpt>
<trkpt lat="37.878329" lon="-121.962721"><ele>269.2</ele><time>2026-10-03T14:22:46Z</time></trkpt>
<trkpt lat="37.878316" lon="-121.962687"><ele>269.3</ele><time>2026-10-03T14:22:47Z</time></trkpt>
<trkpt lat="37.878303" lon="-121.962652"><ele>269.4</ele><time>2026-10-03T14:22:48Z</time></trkpt>
<trkpt lat="37.878290" lon="-121.962618"><ele>269.5</ele><time>2026-10-03T14:22:49Z</time></trkpt>
<trkpt lat="37.878278" lon="-121.962584"><ele>269.7</ele><time>2026-10-03T14:22:50Z</time></trkpt>
<trkpt lat="37.878265" lon="-121.962549"><ele>270.0</ele><time>2026-10-03T14:22:51Z</time></trkpt>
<trkpt lat="37.878252" lon="-121.962515"><ele>270.2</ele><time>2026-10-03T14:22:52Z</time></trkpt>
<trkpt lat="37.878238" lon="-121.962481"><ele>270.3</ele><time>2026-10-03T14:22:53Z</time></trkpt>
<trkpt lat="37.878224" lon="-121.962448"><ele>270.5</ele><time>2026-10-03T14:22:54Z</time></trkpt>
<trkpt lat="37.878210" lon="-121.962414"><ele>270.6</ele><time>2026-10-03T14:22:55Z</time></trkpt>
<trkpt lat="37.878196" lon="-121.962380"><ele>270.8</ele><time>2026-10-03T14:22:56Z</time></trkpt>
<trkpt lat="37.878182" lon="-121.962347"><ele>270.9</ele><time>2026-10-03T14:22:57Z</time></trkpt>
<trkpt lat="37.878168" lon="-121.962313"><ele>271.1</ele><time>2026-10-03T14:22:58Z</time></trkpt>
<trkpt lat="37.878152" lon="-121.962282"><ele>271.3</ele><time>2026-10-03T14:22:59Z</time></trkpt>
<trkpt lat="37.878135" lon="-121.962250"><ele>271.4</ele><time>2026-10-03T14:23:00Z</time></trkpt>
<trkpt lat="37.878119" lon="-121.962218"><ele>271.6</ele><time>2026-10-03T14:23:01Z</time></trkpt>
<trkpt lat="37.878102" lon="-121.962187"><ele>271.7</ele><time>2026-10-03T14:23:02Z</time></trkpt>
<trkpt lat="37.878085" lon="-121.962155"><ele>271.8</ele><time>2026-10-03T14:23:03Z</time></trkpt>
<trkpt lat="37.878069" lon="-121.962124"><ele>271.9</ele><time>2026-10-03T14:23:04Z</time></trkpt>
<trkpt lat="37.878051" lon="-121.962093"><ele>272.1</ele><time>2026-10-03T14:23:05Z</time></trkpt>
<trkpt lat="37.878034" lon="-121.962062"><ele>272.3</ele><time>2026-10-03T14:23:06Z</time></trkpt>
<trkpt lat="37.878016" lon="-121.962031"><ele>272.5</ele><time>2026-10-03T14:23:07Z</time></trkpt>
<trkpt lat="37.877999" lon="-121.962000"><ele>272.7</ele><time>2026-10-03T14:23:08Z</time></trkpt>
<trkpt lat="37.877982" lon="-121.961969"><ele>273.0</ele><time>2026-10-03T14:23:09Z</time></trkpt>
<trkpt lat="37.877965" lon="-121.961938"><ele>273.2</ele><time>2026-10-03T14:23:10Z</time></trkpt>
<trkpt lat="37.877948" lon="-121.961906"><ele>273.3</ele><time>2026-10-03T14:23:11Z</time></trkpt>
<trkpt lat="37.877932" lon="-121.961874"><ele>273.4</ele><time>2026-10-03T14:23:12Z</time></trkpt>
<trkpt lat="37.877916" lon="-121.961842"><ele>273.5</ele><time>2026-10-03T14:23:13Z</time></trkpt>
<trkpt lat="37.877900" lon="-121.961810"><ele>273.6</ele><time>2026-10-03T14:23:14Z</time></trkpt>
<trkpt lat="37.877885" lon="-121.961777"><ele>273.7</ele><time>2026-10-03T14:23:15Z</time></trkpt>
<trkpt lat="37.877870" lon="-121.961744"><ele>273.8</ele><time>2026-10-03T14:23:16Z</time></trkpt>
<trkpt lat="37.877854" lon="-121.961712"><ele>273.9</ele><time>2026-10-03T14:23:17Z</time></trkpt>
<trkpt lat="37.877838" lon="-121.961680"><ele>273.9</ele><time>2026-10-03T14:23:18Z</time></trkpt>
<trkpt lat="37.877823" lon="-121.961647"><ele>274.0</ele><time>2026-10-03T14:23:19Z</time></trkpt>
<trkpt lat="37.877804" lon="-121.961618"><ele>274.0</ele><time>2026-10-03T14:23:20Z</time></trkpt>
<trkpt lat="37.877785" lon="-121.961588"><ele>274.1</ele><time>2026-10-03T14:23:21Z</time></trkpt>
<trkpt lat="37.877767" lon="-121.961558"><ele>274.1</ele><time>2026-10-03T14:23:22Z</time></trkpt>
<trkpt lat="37.877742" lon="-121.961537"><ele>274.2</ele><time>2026-10-03T14:23:23Z</time></trkpt>
<trkpt lat="37.877717" lon="-121.961516"><ele>274.3</ele><time>2026-10-03T14:23:24Z</time></trkpt>
<trkpt lat="37.877693" lon="-121.961495"><ele>274.3</ele><time>2026-10-03T14:23:25Z</time></trkpt>
<trkpt lat="37.877665" lon="-121.961481"><ele>274.4</ele><time>2026-10-03T14:23:26Z</time></trkpt>
<trkpt lat="37.877637" lon="-121.961467"><ele>274.5</ele><time>2026-10-03T14:23:27Z</time></trkpt>
<trkpt lat="37.877609" lon="-121.961453"><ele>274.5</ele><time>2026-10-03T14:23:28Z</time></trkpt>
<trkpt lat="37.877580" lon="-121.961444"><ele>274.6</ele><time>2026-10-03T14:23:29Z</time></trkpt>
<trkpt lat="37.877551" lon="-121.961436"><ele>274.7</ele><time>2026-10-03T14:23:30Z</time></trkpt>
<trkpt lat="37.877522" lon="-121.961427"><ele>274.8</ele><time>2026-10-03T14:23:31Z</time></trkpt>
<trkpt lat="37.877492" lon="-121.961419"><ele>274.9</ele><time>2026-10-03T14:23:32Z</time></trkpt>
<trkpt lat="37.877463" lon="-121.961411"><ele>274.9</ele><time>2026-10-03T14:23:33Z</time></trkpt>
<trkpt lat="37.877434" lon="-121.961403"><ele>275.0</ele><time>2026-10-03T14:23:34Z</time></trkpt>
<trkpt lat="37.877405" lon="-121.961393"><ele>275.1</ele><time>2026-10-03T14:23:35Z</time></trkpt>
<trkpt lat="37.877376" lon="-121.961384"><ele>275.1</ele><time>2026-10-03T14:23:36Z</time></trkpt>
<trkpt lat="37.877347" lon="-121.961374"><ele>275.2</ele><time>2026-10-03T14:23:37Z</time></trkpt>
<trkpt lat="37.877318" lon="-121.961365"><ele>275.5</ele><time>2026-10-03T14:23:38Z</time></trkpt>
<trkpt lat="37.877289" lon="-121.961355"><ele>275.7</ele><time>2026-10-03T14:23:39Z</time></trkpt>
<trkpt lat="37.877260" lon="-121.961345"><ele>276.0</ele><time>2026-10-03T14:23:40Z</time></trkpt>
<trkpt lat="37.877231" lon="-121.961335"><ele>276.3</ele><time>2026-10-03T14:23:41Z</time></trkpt>
<trkpt lat="37.877202" lon="-121.961326"><ele>276.7</ele><time>2026-10-03T14:23:42Z</time></trkpt>
<trkpt lat="37.877173" lon="-121.961316"><ele>277.0</ele><time>2026-10-03T14:23:43Z</time></trkpt>
<trkpt lat="37.877144" lon="-121.961308"><ele>277.2</ele><time>2026-10-03T14:23:44Z</time></trkpt>
<trkpt lat="37.877115" lon="-121.961299"><ele>277.4</ele><time>2026-10-03T14:23:45Z</time></trkpt>
<trkpt lat="37.877085" lon="-121.961291"><ele>277.6</ele><time>2026-10-03T14:23:46Z</time></trkpt>
<trkpt lat="37.877056" lon="-121.961284"><ele>277.8</ele><time>2026-10-03T14:23:47Z</time></trkpt>
<trkpt lat="37.877026" lon="-121.961277"><ele>278.1</ele><time>2026-10-03T14:23:48Z</time></trkpt>
<trkpt lat="37.876997" lon="-121.961270"><ele>278.4</ele><time>2026-10-03T14:23:49Z</time></trkpt>
<trkpt lat="37.876967" lon="-121.961266"><ele>278.6</ele><time>2026-10-03T14:23:50Z</time></trkpt>
<trkpt lat="37.876938" lon="-121.961261"><ele>278.9</ele><time>2026-10-03T14:23:51Z</time></trkpt>
<trkpt lat="37.876908" lon="-121.961257"><ele>279.1</ele><time>2026-10-03T14:23:52Z</time></trkpt>
<trkpt lat="37.876879" lon="-121.961268"><ele>279.3</ele><time>2026-10-03T14:23:53Z</time></trkpt>
<trkpt lat="37.876851" lon="-121.961278"><ele>279.5</ele><time>2026-10-03T14:23:54Z</time></trkpt>
<trkpt lat="37.876823" lon="-121.961289"><ele>279.7</ele><time>2026-10-03T14:23:55Z</time></trkpt>
<trkpt lat="37.876803" lon="-121.961316"><ele>280.0</ele><time>2026-10-03T14:23:56Z</time></trkpt>
<trkpt lat="37.876782" lon="-121.961343"><ele>280.2</ele><time>2026-10-03T14:23:57Z</time></trkpt>
<trkpt lat="37.876762" lon="-121.961370"><ele>280.5</ele><time>2026-10-03T14:23:58Z</time></trkpt>
<trkpt lat="37.876758" lon="-121.961407"><ele>280.7</ele><time>2026-10-03T14:23:59Z</time></trkpt>
<trkpt lat="37.876754" lon="-121.961444"><ele>281.0</ele><time>2026-10-03T14:24:00Z</time></trkpt>
<trkpt lat="37.876750" lon="-121.961481"><ele>281.2</ele><time>2026-10-03T14:24:01Z</time></trkpt>
<trkpt lat="37.876761" lon="-121.961516"><ele>281.5</ele><time>2026-10-03T14:24:02Z</time></trkpt>
<trkpt lat="37.876771" lon="-121.961551"><ele>281.7</ele><time>2026-10-03T14:24:03Z</time></trkpt>
<trkpt lat="37.876782" lon="-121.961586"><ele>282.0</ele><time>2026-10-03T14:24:04Z</time></trkpt>
<trkpt lat="37.876802" lon="-121.961615"><ele>282.2</ele><time>2026-10-03T14:24:05Z</time></trkpt>
<trkpt lat="37.876821" lon="-121.961643"><ele>282.5</ele><time>2026-10-03T14:24:06Z</time></trkpt>
<trkpt lat="37.876841" lon="-121.961672"><ele>282.8</ele><time>2026-10-03T14:24:07Z</time></trkpt>
<trkpt lat="37.876861" lon="-121.961700"><ele>283.0</ele><time>2026-10-03T14:24:08Z</time></trkpt>
<trkpt lat="37.876881" lon="-121.961728"><ele>283.1</ele><time>2026-10-03T14:24:09Z</time></trkpt>
<trkpt lat="37.876901" lon="-121.961756"><ele>283.3</ele><time>2026-10-03T14:24:10Z</time></trkpt>
<trkpt lat="37.876917" lon="-121.961789"><ele>283.6</ele><time>2026-10-03T14:24:11Z</time></trkpt>
<trkpt lat="37.876932" lon="-121.961821"><ele>283.8</ele><time>2026-10-03T14:24:12Z</time></trkpt>
<trkpt lat="37.876947" lon="-121.961854"><ele>284.0</ele><time>2026-10-03T14:24:13Z</time></trkpt>
<trkpt lat="37.876955" lon="-121.961890"><ele>284.2</ele><time>2026-10-03T14:24:14Z</time></trkpt>
<trkpt lat="37.876963" lon="-121.961927"><ele>284.4</ele><time>2026-10-03T14:24:15Z</time></trkpt>
<trkpt lat="37.876972" lon="-121.961963"><ele>284.6</ele><time>2026-10-03T14:24:16Z</time></trkpt>
<trkpt lat="37.876972" lon="-121.962001"><ele>284.8</ele><time>2026-10-03T14:24:17Z</time></trkpt>
<trkpt lat="37.876973" lon="-121.962038"><ele>284.9</ele><time>2026-10-03T14:24:18Z</time></trkpt>
<trkpt lat="37.876974" lon="-121.962076"><ele>285.1</ele><time>2026-10-03T14:24:19Z</time></trkpt>
<trkpt lat="37.876966" lon="-121.962113"><ele>285.4</ele><time>2026-10-03T14:24:20Z</time></trkpt>
<trkpt lat="37.876958" lon="-121.962149"><ele>285.6</ele><time>2026-10-03T14:24:21Z</time></trkpt>
<trkpt lat="37.876949" lon="-121.962186"><ele>285.9</ele><time>2026-10-03T14:24:22Z</time></trkpt>
<trkpt lat="37.876937" lon="-121.962220"><ele>286.3</ele><time>2026-10-03T14:24:23Z</time></trkpt>
<trkpt lat="37.876925" lon="-121.962255"><ele>286.6</ele><time>2026-10-03T14:24:24Z</time></trkpt>
<trkpt lat="37.876913" lon="-121.962290"><ele>287.0</ele><time>2026-10-03T14:24:25Z</time></trkpt>
<trkpt lat="37.876895" lon="-121.962320"><ele>287.3</ele><time>2026-10-03T14:24:26Z</time></trkpt>
<trkpt lat="37.876877" lon="-121.962350"><ele>287.6</ele><time>2026-10-03T14:24:27Z</time></trkpt>
<trkpt lat="37.876860" lon="-121.962380"><ele>287.9</ele><time>2026-10-03T14:24:28Z</time></trkpt>
<trkpt lat="37.876836" lon="-121.962403"><ele>288.3</ele><time>2026-10-03T14:24:29Z</time></trkpt>
<trkpt lat="37.876812" lon="-121.962427"><ele>288.6</ele><time>2026-10-03T14:24:30Z</time></trkpt>
<trkpt lat="37.876789" lon="-121.962450"><ele>289.0</ele><time>2026-10-03T14:24:31Z</time></trkpt>
<trkpt lat="37.876766" lon="-121.962474"><ele>289.3</ele><time>2026-10-03T14:24:32Z</time></trkpt>
<trkpt lat="37.876743" lon="-121.962499"><ele>289.5</ele><time>2026-10-03T14:24:33Z</time></trkpt>
<trkpt lat="37.876720" lon="-121.962523"><ele>289.8</ele><time>2026-10-03T14:24:34Z</time></trkpt>
<trkpt lat="37.876693" lon="-121.962538"><ele>290.1</ele><time>2026-10-03T14:24:35Z</time></trkpt>
<trkpt lat="37.876665" lon="-121.962552"><ele>290.3</ele><time>2026-10-03T14:24:36Z</time></trkpt>
<trkpt lat="37.876638" lon="-121.962567"><ele>290.5</ele><time>2026-10-03T14:24:37Z</time></trkpt>
<trkpt lat="37.876608" lon="-121.962572"><ele>290.9</ele><time>2026-10-03T14:24:38Z</time></trkpt>
<trkpt lat="37.876579" lon="-121.962576"><ele>291.2</ele><time>2026-10-03T14:24:39Z</time></trkpt>
<trkpt lat="37.876549" lon="-121.962581"><ele>291.5</ele><time>2026-10-03T14:24:40Z</time></trkpt>
<trkpt lat="37.876519" lon="-121.962583"><ele>291.8</ele><time>2026-10-03T14:24:41Z</time></trkpt>
<trkpt lat="37.876489" lon="-121.962585"><ele>292.1</ele><time>2026-10-03T14:24:42Z</time></trkpt>
<trkpt lat="37.876459" lon="-121.962587"><ele>292.4</ele><time>2026-10-03T14:24:43Z</time></trkpt>
<trkpt lat="37.876429" lon="-121.962589"><ele>292.6</ele><time>2026-10-03T14:24:44Z</time></trkpt>
<trkpt lat="37.876399" lon="-121.962591"><ele>292.8</ele><time>2026-10-03T14:24:45Z</time></trkpt>
<trkpt lat="37.876369" lon="-121.962592"><ele>293.0</ele><time>2026-10-03T14:24:46Z</time></trkpt>
<trkpt lat="37.876340" lon="-121.962594"><ele>293.3</ele><time>2026-10-03T14:24:47Z</time></trkpt>
<trkpt lat="37.876310" lon="-121.962596"><ele>293.6</ele><time>2026-10-03T14:24:48Z</time></trkpt>
<trkpt lat="37.876280" lon="-121.962598"><ele>294.0</ele><time>2026-10-03T14:24:49Z</time></trkpt>
<trkpt lat="37.876250" lon="-121.962599"><ele>294.3</ele><time>2026-10-03T14:24:50Z</time></trkpt>
<trkpt lat="37.876220" lon="-121.962599"><ele>294.6</ele><time>2026-10-03T14:24:51Z</time></trkpt>
<trkpt lat="37.876190" lon="-121.962600"><ele>294.9</ele><time>2026-10-03T14:24:52Z</time></trkpt>
<trkpt lat="37.876160" lon="-121.962605"><ele>295.2</ele><time>2026-10-03T14:24:53Z</time></trkpt>
<trkpt lat="37.876131" lon="-121.962610"><ele>295.5</ele><time>2026-10-03T14:24:54Z</time></trkpt>
<trkpt lat="37.876101" lon="-121.962614"><ele>295.8</ele><time>2026-10-03T14:24:55Z</time></trkpt>
<trkpt lat="37.876072" lon="-121.962623"><ele>296.2</ele><time>2026-10-03T14:24:56Z</time></trkpt>
<trkpt lat="37.876043" lon="-121.962632"><ele>296.5</ele><time>2026-10-03T14:24:57Z</time></trkpt>
<trkpt lat="37.876014" lon="-121.962641"><ele>296.9</ele><time>2026-10-03T14:24:58Z</time></trkpt>
<trkpt lat="37.875987" lon="-121.962658"><ele>297.4</ele><time>2026-10-03T14:24:59Z</time></trkpt>
<trkpt lat="37.875961" lon="-121.962675"><ele>297.8</ele><time>2026-10-03T14:25:00Z</time></trkpt>
<trkpt lat="37.875935" lon="-121.962692"><ele>298.2</ele><time>2026-10-03T14:25:01Z</time></trkpt>
<trkpt lat="37.875909" lon="-121.962710"><ele>298.4</ele><time>2026-10-03T14:25:02Z</time></trkpt>
<trkpt lat="37.875882" lon="-121.962728"><ele>298.6</ele><time>2026-10-03T14:25:03Z</time></trkpt>
<trkpt lat="37.875856" lon="-121.962746"><ele>298.8</ele><time>2026-10-03T14:25:04Z</time></trkpt>
<trkpt lat="37.875829" lon="-121.962762"><ele>299.2</ele><time>2026-10-03T14:25:05Z</time></trkpt>
<trkpt lat="37.875802" lon="-121.962777"><ele>299.5</ele><time>2026-10-03T14:25:06Z</time></trkpt>
<trkpt lat="37.875774" lon="-121.962793"><ele>299.8</ele><time>2026-10-03T14:25:07Z</time></trkpt>
<trkpt lat="37.875747" lon="-121.962808"><ele>300.1</ele><time>2026-10-03T14:25:08Z</time></trkpt>
<trkpt lat="37.875719" lon="-121.962822"><ele>300.5</ele><time>2026-10-03T14:25:09Z</time></trkpt>
<trkpt lat="37.875691" lon="-121.962837"><ele>300.8</ele><time>2026-10-03T14:25:10Z</time></trkpt>
<trkpt lat="37.875664" lon="-121.962852"><ele>301.1</ele><time>2026-10-03T14:25:11Z</time></trkpt>
<trkpt lat="37.875637" lon="-121.962868"><ele>301.5</ele><time>2026-10-03T14:25:12Z</time></trkpt>
<trkpt lat="37.875609" lon="-121.962883"><ele>301.8</ele><time>2026-10-03T14:25:13Z</time></trkpt>
<trkpt lat="37.875582" lon="-121.962899"><ele>302.2</ele><time>2026-10-03T14:25:14Z</time></trkpt>
<trkpt lat="37.875555" lon="-121.962915"><ele>302.6</ele><time>2026-10-03T14:25:15Z</time></trkpt>
<trkpt lat="37.875528" lon="-121.962930"><ele>303.0</ele><time>2026-10-03T14:25:16Z</time></trkpt>
<trkpt lat="37.875499" lon="-121.962943"><ele>303.4</ele><time>2026-10-03T14:25:17Z</time></trkpt>
<trkpt lat="37.875471" lon="-121.962955"><ele>303.7</ele><time>2026-10-03T14:25:18Z</time></trkpt>
<trkpt lat="37.875443" lon="-121.962968"><ele>304.1</ele><time>2026-10-03T14:25:19Z</time></trkpt>
<trkpt lat="37.875414" lon="-121.962980"><ele>304.3</ele><time>2026-10-03T14:25:20Z</time></trkpt>
<trkpt lat="37.875386" lon="-121.962992"><ele>304.6</ele><time>2026-10-03T14:25:21Z</time></trkpt>
<trkpt lat="37.875358" lon="-121.963003"><ele>304.8</ele><time>2026-10-03T14:25:22Z</time></trkpt>
<trkpt lat="37.875328" lon="-121.963002"><ele>305.2</ele><time>2026-10-03T14:25:23Z</time></trkpt>
<trkpt lat="37.875298" lon="-121.963001"><ele>305.6</ele><time>2026-10-03T14:25:24Z</time></trkpt>
<trkpt lat="37.875269" lon="-121.963000"><ele>306.0</ele><time>2026-10-03T14:25:25Z</time></trkpt>
<trkpt lat="37.875240" lon="-121.962989"><ele>306.3</ele><time>2026-10-03T14:25:26Z</time></trkpt>
<trkpt lat="37.875211" lon="-121.962979"><ele>306.6</ele><time>2026-10-03T14:25:27Z</time></trkpt>
<trkpt lat="37.875183" lon="-121.962968"><ele>307.0</ele><time>2026-10-03T14:25:28Z</time></trkpt>
<trkpt lat="37.875155" lon="-121.962953"><ele>307.4</ele><time>2026-10-03T14:25:29Z</time></trkpt>
<trkpt lat="37.875127" lon="-121.962939"><ele>307.8</ele><time>2026-10-03T14:25:30Z</time></trkpt>
<trkpt lat="37.875099" lon="-121.962925"><ele>308.2</ele><time>2026-10-03T14:25:31Z</time></trkpt>
<trkpt lat="37.875073" lon="-121.962908"><ele>308.7</ele><time>2026-10-03T14:25:32Z</time></trkpt>
<trkpt lat="37.875046" lon="-121.962891"><ele>309.2</ele><time>2026-10-03T14:25:33Z</time></trkpt>
<trkpt lat="37.875019" lon="-121.962874"><ele>309.7</ele><time>2026-10-03T14:25:34Z</time></trkpt>
<trkpt lat="37.874994" lon="-121.962853"><ele>310.0</ele><time>2026-10-03T14:25:35Z</time></trkpt>
<trkpt lat="37.874969" lon="-121.962832"><ele>310.4</ele><time>2026-10-03T14:25:36Z</time></trkpt>
<trkpt lat="37.874944" lon="-121.962811"><ele>310.7</ele><time>2026-10-03T14:25:37Z</time></trkpt>
<trkpt lat="37.874922" lon="-121.962786"><ele>311.1</ele><time>2026-10-03T14:25:38Z</time></trkpt>
<trkpt lat="37.874900" lon="-121.962760"><ele>311.4</ele><time>2026-10-03T14:25:39Z</time></trkpt>
<trkpt lat="37.874878" lon="-121.962734"><ele>311.7</ele><time>2026-10-03T14:25:40Z</time></trkpt>
<trkpt lat="37.874860" lon="-121.962704"><ele>312.0</ele><time>2026-10-03T14:25:41Z</time></trkpt>
<trkpt lat="37.874841" lon="-121.962674"><ele>312.4</ele><time>2026-10-03T14:25:42Z</time></trkpt>
<trkpt lat="37.874823" lon="-121.962644"><ele>312.7</ele><time>2026-10-03T14:25:43Z</time></trkpt>
<trkpt lat="37.874806" lon="-121.962613"><ele>313.0</ele><time>2026-10-03T14:25:44Z</time></trkpt>
<trkpt lat="37.874790" lon="-121.962581"><ele>313.4</ele><time>2026-10-03T14:25:45Z</time></trkpt>
<trkpt lat="37.874773" lon="-121.962550"><ele>313.7</ele><time>2026-10-03T14:25:46Z</time></trkpt>
<trkpt lat="37.874759" lon="-121.962516"><ele>314.1</ele><time>2026-10-03T14:25:47Z</time></trkpt>
<trkpt lat="37.874745" lon="-121.962483"><ele>314.5</ele><time>2026-10-03T14:25:48Z</time></trkpt>
<trkpt lat="37.874731" lon="-121.962449"><ele>314.9</ele><time>2026-10-03T14:25:49Z</time></trkpt>
<trkpt lat="37.874719" lon="-121.962414"><ele>315.0</ele><time>2026-10-03T14:25:50Z</time></trkpt>
<trkpt lat="37.874707" lon="-121.962380"><ele>315.2</ele><time>2026-10-03T14:25:51Z</time></trkpt>
<trkpt lat="37.874695" lon="-121.962345"><ele>315.4</ele><time>2026-10-03T14:25:52Z</time></trkpt>
<trkpt lat="37.874686" lon="-121.962309"><ele>315.6</ele><time>2026-10-03T14:25:53Z</time></trkpt>
<trkpt lat="37.874678" lon="-121.962272"><ele>315.8</ele><time>2026-10-03T14:25:54Z</time></trkpt>
<trkpt lat="37.874669" lon="-121.962236"><ele>316.0</ele><time>2026-10-03T14:25:55Z</time></trkpt>
<trkpt lat="37.874662" lon="-121.962199"><ele>316.1</ele><time>2026-10-03T14:25:56Z</time></trkpt>
<trkpt lat="37.874655" lon="-121.962162"><ele>316.2</ele><time>2026-10-03T14:25:57Z</time></trkpt>
<trkpt lat="37.874648" lon="-121.962125"><ele>316.3</ele><time>2026-10-03T14:25:58Z</time></trkpt>
<trkpt lat="37.874641" lon="-121.962088"><ele>316.6</ele><time>2026-10-03T14:25:59Z</time></trkpt>
<trkpt lat="37.874633" lon="-121.962052"><ele>317.0</ele><time>2026-10-03T14:26:00Z</time></trkpt>
<trkpt lat="37.874625" lon="-121.962015"><ele>317.3</ele><time>2026-10-03T14:26:01Z</time></trkpt>
<trkpt lat="37.874616" lon="-121.961979"><ele>317.6</ele><time>2026-10-03T14:26:02Z</time></trkpt>
<trkpt lat="37.874606" lon="-121.961943"><ele>317.8</ele><time>2026-10-03T14:26:03Z</time></trkpt>
<trkpt lat="37.874597" lon="-121.961907"><ele>318.1</ele><time>2026-10-03T14:26:04Z</time></trkpt>
<trkpt lat="37.874589" lon="-121.961870"><ele>318.3</ele><time>2026-10-03T14:26:05Z</time></trkpt>
<trkpt lat="37.874582" lon="-121.961833"><ele>318.5</ele><time>2026-10-03T14:26:06Z</time></trkpt>
<trkpt lat="37.874575" lon="-121.961797"><ele>318.7</ele><time>2026-10-03T14:26:07Z</time></trkpt>
<trkpt lat="37.874564" lon="-121.961761"><ele>319.0</ele><time>2026-10-03T14:26:08Z</time></trkpt>
<trkpt lat="37.874553" lon="-121.961726"><ele>319.2</ele><time>2026-10-03T14:26:09Z</time></trkpt>
<trkpt lat="37.874543" lon="-121.961691"><ele>319.5</ele><time>2026-10-03T14:26:10Z</time></trkpt>
<trkpt lat="37.874534" lon="-121.961654"><ele>319.7</ele><time>2026-10-03T14:26:11Z</time></trkpt>
<trkpt lat="37.874526" lon="-121.961618"><ele>320.0</ele><time>2026-10-03T14:26:12Z</time></trkpt>
<trkpt lat="37.874517" lon="-121.961581"><ele>320.2</ele><time>2026-10-03T14:26:13Z</time></trkpt>
<trkpt lat="37.874505" lon="-121.961547"><ele>320.6</ele><time>2026-10-03T14:26:14Z</time></trkpt>
<trkpt lat="37.874493" lon="-121.961512"><ele>321.0</ele><time>2026-10-03T14:26:15Z</time></trkpt>
<trkpt lat="37.874481" lon="-121.961478"><ele>321.3</ele><time>2026-10-03T14:26:16Z</time></trkpt>
<trkpt lat="37.874467" lon="-121.961444"><ele>321.8</ele><time>2026-10-03T14:26:17Z</time></trkpt>
<trkpt lat="37.874452" lon="-121.961411"><ele>322.2</ele><time>2026-10-03T14:26:18Z</time></trkpt>
<trkpt lat="37.874438" lon="-121.961377"><ele>322.7</ele><time>2026-10-03T14:26:19Z</time></trkpt>
<trkpt lat="37.874420" lon="-121.961347"><ele>323.0</ele><time>2026-10-03T14:26:20Z</time></trkpt>
<trkpt lat="37.874402" lon="-121.961317"><ele>323.3</ele><time>2026-10-03T14:26:21Z</time></trkpt>
<trkpt lat="37.874384" lon="-121.961287"><ele>323.5</ele><time>2026-10-03T14:26:22Z</time></trkpt>
<trkpt lat="37.874366" lon="-121.961257"><ele>324.0</ele><time>2026-10-03T14:26:23Z</time></trkpt>
<trkpt lat="37.874348" lon="-121.961226"><ele>324.4</ele><time>2026-10-03T14:26:24Z</time></trkpt>
<trkpt lat="37.874330" lon="-121.961196"><ele>324.8</ele><time>2026-10-03T14:26:25Z</time></trkpt>
<trkpt lat="37.874311" lon="-121.961167"><ele>325.2</ele><time>2026-10-03T14:26:26Z</time></trkpt>
<trkpt lat="37.874293" lon="-121.961137"><ele>325.6</ele><time>2026-10-03T14:26:27Z</time></trkpt>
<trkpt lat="37.874274" lon="-121.961107"><ele>326.0</ele><time>2026-10-03T14:26:28Z</time></trkpt>
<trkpt lat="37.874254" lon="-121.961080"><ele>326.4</ele><time>2026-10-03T14:26:29Z</time></trkpt>
<trkpt lat="37.874233" lon="-121.961053"><ele>326.8</ele><time>2026-10-03T14:26:30Z</time></trkpt>
<trkpt lat="37.874212" lon="-121.961026"><ele>327.2</ele><time>2026-10-03T14:26:31Z</time></trkpt>
<trkpt lat="37.874191" lon="-121.960999"><ele>327.5</ele><time>2026-10-03T14:26:32Z</time></trkpt>
<trkpt lat="37.874170" lon="-121.960971"><ele>327.7</ele><time>2026-10-03T14:26:33Z</time></trkpt>
<trkpt lat="37.874149" lon="-121.960944"><ele>328.0</ele><time>2026-10-03T14:26:34Z</time></trkpt>
<trkpt lat="37.874125" lon="-121.960922"><ele>328.4</ele><time>2026-10-03T14:26:35Z</time></trkpt>
<trkpt lat="37.874101" lon="-121.960901"><ele>328.7</ele><time>2026-10-03T14:26:36Z</time></trkpt>
<trkpt lat="37.874076" lon="-121.960879"><ele>329.0</ele><time>2026-10-03T14:26:37Z</time></trkpt>
<trkpt lat="37.874056" lon="-121.960850"><ele>329.3</ele><time>2026-10-03T14:26:38Z</time></trkpt>
<trkpt lat="37.874036" lon="-121.960822"><ele>329.5</ele><time>2026-10-03T14:26:39Z</time></trkpt>
<trkpt lat="37.874017" lon="-121.960794"><ele>329.8</ele><time>2026-10-03T14:26:40Z</time></trkpt>
<trkpt lat="37.873999" lon="-121.960763"><ele>330.0</ele><time>2026-10-03T14:26:41Z</time></trkpt>
<trkpt lat="37.873981" lon="-121.960733"><ele>330.2</ele><time>2026-10-03T14:26:42Z</time></trkpt>
<trkpt lat="37.873963" lon="-121.960702"><ele>330.4</ele><time>2026-10-03T14:26:43Z</time></trkpt>
<trkpt lat="37.873950" lon="-121.960668"><ele>330.6</ele><time>2026-10-03T14:26:44Z</time></trkpt>
<trkpt lat="37.873937" lon="-121.960634"><ele>330.8</ele><time>2026-10-03T14:26:45Z</time></trkpt>
<trkpt lat="37.873924" lon="-121.960600"><ele>331.0</ele><time>2026-10-03T14:26:46Z</time></trkpt>
<trkpt lat="37.873913" lon="-121.960565"><ele>331.4</ele><time>2026-10-03T14:26:47Z</time></trkpt>
<trkpt lat="37.873901" lon="-121.960530"><ele>331.7</ele><time>2026-10-03T14:26:48Z</time></trkpt>
<trkpt lat="37.873890" lon="-121.960495"><ele>332.0</ele><time>2026-10-03T14:26:49Z</time></trkpt>
<trkpt lat="37.873879" lon="-121.960460"><ele>332.2</ele><time>2026-10-03T14:26:50Z</time></trkpt>
<trkpt lat="37.873867" lon="-121.960425"><ele>332.5</ele><time>2026-10-03T14:26:51Z</time></trkpt>
<trkpt lat="37.873856" lon="-121.960389"><ele>332.7</ele><time>2026-10-03T14:26:52Z</time></trkpt>
<trkpt lat="37.873839" lon="-121.960358"><ele>332.9</ele><time>2026-10-03T14:26:53Z</time></trkpt>
<trkpt lat="37.873822" lon="-121.960326"><ele>333.0</ele><time>2026-10-03T14:26:54Z</time></trkpt>
<trkpt lat="37.873806" lon="-121.960295"><ele>333.2</ele><time>2026-10-03T14:26:55Z</time></trkpt>
<trkpt lat="37.873783" lon="-121.960272"><ele>333.3</ele><time>2026-10-03T14:26:56Z</time></trkpt>
<trkpt lat="37.873759" lon="-121.960249"><ele>333.4</ele><time>2026-10-03T14:26:57Z</time></trkpt>
<trkpt lat="37.873736" lon="-121.960226"><ele>333.5</ele><time>2026-10-03T14:26:58Z</time></trkpt>
<trkpt lat="37.873707" lon="-121.960218"><ele>333.8</ele><time>2026-10-03T14:26:59Z</time></trkpt>
<trkpt lat="37.873678" lon="-121.960210"><ele>334.0</ele><time>2026-10-03T14:27:00Z</time></trkpt>
<trkpt lat="37.873648" lon="-121.960202"><ele>334.3</ele><time>2026-10-03T14:27:01Z</time></trkpt>
<trkpt lat="37.873619" lon="-121.960201"><ele>334.4</ele><time>2026-10-03T14:27:02Z</time></trkpt>
<trkpt lat="37.873589" lon="-121.960200"><ele>334.5</ele><time>2026-10-03T14:27:03Z</time></trkpt>
<trkpt lat="37.873559" lon="-121.960199"><ele>334.6</ele><time>2026-10-03T14:27:04Z</time></trkpt>
<trkpt lat="37.873530" lon="-121.960190"><ele>334.8</ele><time>2026-10-03T14:27:05Z</time></trkpt>
<trkpt lat="37.873501" lon="-121.960181"><ele>335.0</ele><time>2026-10-03T14:27:06Z</time></trkpt>
<trkpt lat="37.873471" lon="-121.960173"><ele>335.1</ele><time>2026-10-03T14:27:07Z</time></trkpt>
<trkpt lat="37.873444" lon="-121.960157"><ele>335.2</ele><time>2026-10-03T14:27:08Z</time></trkpt>
<trkpt lat="37.873417" lon="-121.960142"><ele>335.3</ele><time>2026-10-03T14:27:09Z</time></trkpt>
<trkpt lat="37.873389" lon="-121.960127"><ele>335.4</ele><time>2026-10-03T14:27:10Z</time></trkpt>
<trkpt lat="37.873366" lon="-121.960104"><ele>335.6</ele><time>2026-10-03T14:27:11Z</time></trkpt>
<trkpt lat="37.873342" lon="-121.960081"><ele>335.8</ele><time>2026-10-03T14:27:12Z</time></trkpt>
<trkpt lat="37.873319" lon="-121.960057"><ele>336.0</ele><time>2026-10-03T14:27:13Z</time></trkpt>
<trkpt lat="37.873301" lon="-121.960027"><ele>336.0</ele><time>2026-10-03T14:27:14Z</time></trkpt>
<trkpt lat="37.873284" lon="-121.959996"><ele>336.1</ele><time>2026-10-03T14:27:15Z</time></trkpt>
<trkpt lat="37.873266" lon="-121.959965"><ele>336.2</ele><time>2026-10-03T14:27:16Z</time></trkpt>
<trkpt lat="37.873254" lon="-121.959930"><ele>336.3</ele><time>2026-10-03T14:27:17Z</time></trkpt>
<trkpt lat="37.873242" lon="-121.959896"><ele>336.5</ele><time>2026-10-03T14:27:18Z</time></trkpt>
<trkpt lat="37.873230" lon="-121.959861"><ele>336.6</ele><time>2026-10-03T14:27:19Z</time></trkpt>
<trkpt lat="37.873220" lon="-121.959825"><ele>336.8</ele><time>2026-10-03T14:27:20Z</time></trkpt>
<trkpt lat="37.873210" lon="-121.959790"><ele>337.0</ele><time>2026-10-03T14:27:21Z</time></trkpt>
<trkpt lat="37.873200" lon="-121.959754"><ele>337.2</ele><time>2026-10-03T14:27:22Z</time></trkpt>
<trkpt lat="37.873190" lon="-121.959718"><ele>337.5</ele><time>2026-10-03T14:27:23Z</time></trkpt>
<trkpt lat="37.873180" lon="-121.959682"><ele>337.7</ele><time>2026-10-03T14:27:24Z</time></trkpt>
<trkpt lat="37.873170" lon="-121.959646"><ele>338.0</ele><time>2026-10-03T14:27:25Z</time></trkpt>
<trkpt lat="37.873163" lon="-121.959610"><ele>338.2</ele><time>2026-10-03T14:27:26Z</time></trkpt>
<trkpt lat="37.873155" lon="-121.959573"><ele>338.4</ele><time>2026-10-03T14:27:27Z</time></trkpt>
<trkpt lat="37.873147" lon="-121.959536"><ele>338.6</ele><time>2026-10-03T14:27:28Z</time></trkpt>
<trkpt lat="37.873142" lon="-121.959499"><ele>338.9</ele><time>2026-10-03T14:27:29Z</time></trkpt>
<trkpt lat="37.873137" lon="-121.959461"><ele>339.1</ele><time>2026-10-03T14:27:30Z</time></trkpt>
<trkpt lat="37.873132" lon="-121.959424"><ele>339.4</ele><time>2026-10-03T14:27:31Z</time></trkpt>
<trkpt lat="37.873133" lon="-121.959386"><ele>339.7</ele><time>2026-10-03T14:27:32Z</time></trkpt>
<trkpt lat="37.873135" lon="-121.959348"><ele>339.9</ele><time>2026-10-03T14:27:33Z</time></trkpt>
<trkpt lat="37.873137" lon="-121.959310"><ele>340.2</ele><time>2026-10-03T14:27:34Z</time></trkpt>
<trkpt lat="37.873141" lon="-121.959273"><ele>340.4</ele><time>2026-10-03T14:27:35Z</time></trkpt>
<trkpt lat="37.873145" lon="-121.959235"><ele>340.6</ele><time>2026-10-03T14:27:36Z</time></trkpt>
<trkpt lat="37.873150" lon="-121.959198"><ele>340.8</ele><time>2026-10-03T14:27:37Z</time></trkpt>
<trkpt lat="37.873155" lon="-121.959161"><ele>341.0</ele><time>2026-10-03T14:27:38Z</time></trkpt>
<trkpt lat="37.873160" lon="-121.959123"><ele>341.2</ele><time>2026-10-03T14:27:39Z</time></trkpt>
<trkpt lat="37.873165" lon="-121.959086"><ele>341.4</ele><time>2026-10-03T14:27:40Z</time></trkpt>
<trkpt lat="37.873175" lon="-121.959050"><ele>341.5</ele><time>2026-10-03T14:27:41Z</time></trkpt>
<trkpt lat="37.873185" lon="-121.959014"><ele>341.7</ele><time>2026-10-03T14:27:42Z</time></trkpt>
<trkpt lat="37.873195" lon="-121.958978"><ele>341.9</ele><time>2026-10-03T14:27:43Z</time></trkpt>
<trkpt lat="37.873203" lon="-121.958942"><ele>342.1</ele><time>2026-10-03T14:27:44Z</time></trkpt>
<trkpt lat="37.873210" lon="-121.958905"><ele>342.3</ele><time>2026-10-03T14:27:45Z</time></trkpt>
<trkpt lat="37.873218" lon="-121.958869"><ele>342.5</ele><time>2026-10-03T14:27:46Z</time></trkpt>
<trkpt lat="37.873219" lon="-121.958831"><ele>342.8</ele><time>2026-10-03T14:27:47Z</time></trkpt>
<trkpt lat="37.873220" lon="-121.958793"><ele>343.1</ele><time>2026-10-03T14:27:48Z</time></trkpt>
<trkpt lat="37.873221" lon="-121.958755"><ele>343.4</ele><time>2026-10-03T14:27:49Z</time></trkpt>
<trkpt lat="37.873210" lon="-121.958720"><ele>343.6</ele><time>2026-10-03T14:27:50Z</time></trkpt>
<trkpt lat="37.873200" lon="-121.958684"><ele>343.8</ele><time>2026-10-03T14:27:51Z</time></trkpt>
<trkpt lat="37.873190" lon="-121.958649"><ele>344.0</ele><time>2026-10-03T14:27:52Z</time></trkpt>
<trkpt lat="37.873175" lon="-121.958616"><ele>344.3</ele><time>2026-10-03T14:27:53Z</time></trkpt>
<trkpt lat="37.873160" lon="-121.958584"><ele>344.6</ele><time>2026-10-03T14:27:54Z</time></trkpt>
<trkpt lat="37.873144" lon="-121.958551"><ele>344.9</ele><time>2026-10-03T14:27:55Z</time></trkpt>
<trkpt lat="37.873128" lon="-121.958519"><ele>345.1</ele><time>2026-10-03T14:27:56Z</time></trkpt>
<trkpt lat="37.873111" lon="-121.958487"><ele>345.2</ele><time>2026-10-03T14:27:57Z</time></trkpt>
<trkpt lat="37.873095" lon="-121.958456"><ele>345.4</ele><time>2026-10-03T14:27:58Z</time></trkpt>
<trkpt lat="37.873082" lon="-121.958421"><ele>345.7</ele><time>2026-10-03T14:27:59Z</time></trkpt>
<trkpt lat="37.873070" lon="-121.958387"><ele>346.0</ele><time>2026-10-03T14:28:00Z</time></trkpt>
<trkpt lat="37.873057" lon="-121.958353"><ele>346.3</ele><time>2026-10-03T14:28:01Z</time></trkpt>
<trkpt lat="37.873047" lon="-121.958317"><ele>346.4</ele><time>2026-10-03T14:28:02Z</time></trkpt>
<trkpt lat="37.873036" lon="-121.958281"><ele>346.6</ele><time>2026-10-03T14:28:03Z</time></trkpt>
<trkpt lat="37.873026" lon="-121.958246"><ele>346.7</ele><time>2026-10-03T14:28:04Z</time></trkpt>
<trkpt lat="37.873015" lon="-121.958210"><ele>346.9</ele><time>2026-10-03T14:28:05Z</time></trkpt>
<trkpt lat="37.873004" lon="-121.958175"><ele>347.0</ele><time>2026-10-03T14:28:06Z</time></trkpt>
<trkpt lat="37.872993" lon="-121.958140"><ele>347.2</ele><time>2026-10-03T14:28:07Z</time></trkpt>
<trkpt lat="37.872975" lon="-121.958110"><ele>347.4</ele><time>2026-10-03T14:28:08Z</time></trkpt>
<trkpt lat="37.872956" lon="-121.958081"><ele>347.6</ele><time>2026-10-03T14:28:09Z</time></trkpt>
<trkpt lat="37.872938" lon="-121.958051"><ele>347.8</ele><time>2026-10-03T14:28:10Z</time></trkpt>
<trkpt lat="37.872912" lon="-121.958032"><ele>348.0</ele><time>2026-10-03T14:28:11Z</time></trkpt>
<trkpt lat="37.872886" lon="-121.958014"><ele>348.2</ele><time>2026-10-03T14:28:12Z</time></trkpt>
<trkpt lat="37.872860" lon="-121.957995"><ele>348.4</ele><time>2026-10-03T14:28:13Z</time></trkpt>
<trkpt lat="37.872831" lon="-121.957983"><ele>348.5</ele><time>2026-10-03T14:28:14Z</time></trkpt>
<trkpt lat="37.872803" lon="-121.957972"><ele>348.7</ele><time>2026-10-03T14:28:15Z</time></trkpt>
<trkpt lat="37.872774" lon="-121.957960"><ele>348.8</ele><time>2026-10-03T14:28:16Z</time></trkpt>
<trkpt lat="37.872747" lon="-121.957943"><ele>349.1</ele><time>2026-10-03T14:28:17Z</time></trkpt>
<trkpt lat="37.872721" lon="-121.957926"><ele>349.4</ele><time>2026-10-03T14:28:18Z</time></trkpt>
<trkpt lat="37.872694" lon="-121.957909"><ele>349.7</ele><time>2026-10-03T14:28:19Z</time></trkpt>
<trkpt lat="37.872676" lon="-121.957880"><ele>349.9</ele><time>2026-10-03T14:28:20Z</time></trkpt>
<trkpt lat="37.872657" lon="-121.957850"><ele>350.2</ele><time>2026-10-03T14:28:21Z</time></trkpt>
<trkpt lat="37.872639" lon="-121.957821"><ele>350.4</ele><time>2026-10-03T14:28:22Z</time></trkpt>
<trkpt lat="37.872632" lon="-121.957784"><ele>350.5</ele><time>2026-10-03T14:28:23Z</time></trkpt>
<trkpt lat="37.872625" lon="-121.957748"><ele>350.7</ele><time>2026-10-03T14:28:24Z</time></trkpt>
<trkpt lat="37.872618" lon="-121.957712"><ele>350.8</ele><time>2026-10-03T14:28:25Z</time></trkpt>
<trkpt lat="37.872620" lon="-121.957674"><ele>351.0</ele><time>2026-10-03T14:28:26Z</time></trkpt>
<trkpt lat="37.872622" lon="-121.957636"><ele>351.2</ele><time>2026-10-03T14:28:27Z</time></trkpt>
<trkpt lat="37.872625" lon="-121.957598"><ele>351.4</ele><time>2026-10-03T14:28:28Z</time></trkpt>
<trkpt lat="37.872632" lon="-121.957561"><ele>351.5</ele><time>2026-10-03T14:28:29Z</time></trkpt>
<trkpt lat="37.872639" lon="-121.957525"><ele>351.7</ele><time>2026-10-03T14:28:30Z</time></trkpt>
<trkpt lat="37.872646" lon="-121.957488"><ele>351.8</ele><time>2026-10-03T14:28:31Z</time></trkpt>
<trkpt lat="37.872653" lon="-121.957451"><ele>352.0</ele><time>2026-10-03T14:28:32Z</time></trkpt>
<trkpt lat="37.872660" lon="-121.957414"><ele>352.1</ele><time>2026-10-03T14:28:33Z</time></trkpt>
<trkpt lat="37.872667" lon="-121.957377"><ele>352.3</ele><time>2026-10-03T14:28:34Z</time></trkpt>
<trkpt lat="37.872671" lon="-121.957340"><ele>352.6</ele><time>2026-10-03T14:28:35Z</time></trkpt>
<trkpt lat="37.872676" lon="-121.957302"><ele>352.9</ele><time>2026-10-03T14:28:36Z</time></trkpt>
<trkpt lat="37.872680" lon="-121.957264"><ele>353.1</ele><time>2026-10-03T14:28:37Z</time></trkpt>
<trkpt lat="37.872683" lon="-121.957227"><ele>353.3</ele><time>2026-10-03T14:28:38Z</time></trkpt>
<trkpt lat="37.872687" lon="-121.957189"><ele>353.5</ele><time>2026-10-03T14:28:39Z</time></trkpt>
<trkpt lat="37.872690" lon="-121.957151"><ele>353.7</ele><time>2026-10-03T14:28:40Z</time></trkpt>
<trkpt lat="37.872693" lon="-121.957114"><ele>354.0</ele><time>2026-10-03T14:28:41Z</time></trkpt>
<trkpt lat="37.872696" lon="-121.957076"><ele>354.2</ele><time>2026-10-03T14:28:42Z</time></trkpt>
<trkpt lat="37.872699" lon="-121.957038"><ele>354.4</ele><time>2026-10-03T14:28:43Z</time></trkpt>
<trkpt lat="37.872698" lon="-121.957000"><ele>354.7</ele><time>2026-10-03T14:28:44Z</time></trkpt>
<trkpt lat="37.872698" lon="-121.956962"><ele>354.9</ele><time>2026-10-03T14:28:45Z</time></trkpt>
<trkpt lat="37.872697" lon="-121.956924"><ele>355.1</ele><time>2026-10-03T14:28:46Z</time></trkpt>
<trkpt lat="37.872696" lon="-121.956887"><ele>355.3</ele><time>2026-10-03T14:28:47Z</time></trkpt>
<trkpt lat="37.872694" lon="-121.956849"><ele>355.5</ele><time>2026-10-03T14:28:48Z</time></trkpt>
<trkpt lat="37.872693" lon="-121.956811"><ele>355.7</ele><time>2026-10-03T14:28:49Z</time></trkpt>
<trkpt lat="37.872689" lon="-121.956773"><ele>355.8</ele><time>2026-10-03T14:28:50Z</time></trkpt>
<trkpt lat="37.872685" lon="-121.956735"><ele>355.9</ele><time>2026-10-03T14:28:51Z</time></trkpt>
<trkpt lat="37.872681" lon="-121.956698"><ele>356.1</ele><time>2026-10-03T14:28:52Z</time></trkpt>
<trkpt lat="37.872676" lon="-121.956661"><ele>356.2</ele><time>2026-10-03T14:28:53Z</time></trkpt>
<trkpt lat="37.872670" lon="-121.956623"><ele>356.4</ele><time>2026-10-03T14:28:54Z</time></trkpt>
<trkpt lat="37.872665" lon="-121.956586"><ele>356.6</ele><time>2026-10-03T14:28:55Z</time></trkpt>
<trkpt lat="37.872658" lon="-121.956549"><ele>356.7</ele><time>2026-10-03T14:28:56Z</time></trkpt>
<trkpt lat="37.872651" lon="-121.956512"><ele>356.7</ele><time>2026-10-03T14:28:57Z</time></trkpt>
<trkpt lat="37.872643" lon="-121.956475"><ele>356.8</ele><time>2026-10-03T14:28:58Z</time></trkpt>
<trkpt lat="37.872630" lon="-121.956441"><ele>356.9</ele><time>2026-10-03T14:28:59Z</time></trkpt>
<trkpt lat="37.872617" lon="-121.956407"><ele>357.0</ele><time>2026-10-03T14:29:00Z</time></trkpt>
<trkpt lat="37.872604" lon="-121.956373"><ele>357.0</ele><time>2026-10-03T14:29:01Z</time></trkpt>
<trkpt lat="37.872587" lon="-121.956342"><ele>357.1</ele><time>2026-10-03T14:29:02Z</time></trkpt>
<trkpt lat="37.872570" lon="-121.956311"><ele>357.1</ele><time>2026-10-03T14:29:03Z</time></trkpt>
<trkpt lat="37.872554" lon="-121.956279"><ele>357.2</ele><time>2026-10-03T14:29:04Z</time></trkpt>
<trkpt lat="37.872536" lon="-121.956248"><ele>357.5</ele><time>2026-10-03T14:29:05Z</time></trkpt>
<trkpt lat="37.872519" lon="-121.956217"><ele>357.8</ele><time>2026-10-03T14:29:06Z</time></trkpt>
<trkpt lat="37.872502" lon="-121.956186"><ele>358.1</ele><time>2026-10-03T14:29:07Z</time></trkpt>
<trkpt lat="37.872488" lon="-121.956152"><ele>358.3</ele><time>2026-10-03T14:29:08Z</time></trkpt>
<trkpt lat="37.872475" lon="-121.956118"><ele>358.5</ele><time>2026-10-03T14:29:09Z</time></trkpt>
<trkpt lat="37.872462" lon="-121.956084"><ele>358.7</ele><time>2026-10-03T14:29:10Z</time></trkpt>
<trkpt lat="37.872452" lon="-121.956048"><ele>358.9</ele><time>2026-10-03T14:29:11Z</time></trkpt>
<trkpt lat="37.872443" lon="-121.956012"><ele>359.2</ele><time>2026-10-03T14:29:12Z</time></trkpt>
<trkpt lat="37.872434" lon="-121.955977"><ele>359.4</ele><time>2026-10-03T14:29:13Z</time></trkpt>
<trkpt lat="37.872435" lon="-121.955939"><ele>359.6</ele><time>2026-10-03T14:29:14Z</time></trkpt>
<trkpt lat="37.872437" lon="-121.955901"><ele>359.9</ele><time>2026-10-03T14:29:15Z</time></trkpt>
<trkpt lat="37.872439" lon="-121.955863"><ele>360.1</ele><time>2026-10-03T14:29:16Z</time></trkpt>
<trkpt lat="37.872444" lon="-121.955826"><ele>360.4</ele><time>2026-10-03T14:29:17Z</time></trkpt>
<trkpt lat="37.872449" lon="-121.955788"><ele>360.7</ele><time>2026-10-03T14:29:18Z</time></trkpt>
<trkpt lat="37.872454" lon="-121.955751"><ele>360.9</ele><time>2026-10-03T14:29:19Z</time></trkpt>
<trkpt lat="37.872462" lon="-121.955714"><ele>361.3</ele><time>2026-10-03T14:29:20Z</time></trkpt>
<trkpt lat="37.872469" lon="-121.955677"><ele>361.6</ele><time>2026-10-03T14:29:21Z</time></trkpt>
<trkpt lat="37.872477" lon="-121.955641"><ele>362.0</ele><time>2026-10-03T14:29:22Z</time></trkpt>
<trkpt lat="37.872483" lon="-121.955604"><ele>362.3</ele><time>2026-10-03T14:29:23Z</time></trkpt>
<trkpt lat="37.872488" lon="-121.955566"><ele>362.7</ele><time>2026-10-03T14:29:24Z</time></trkpt>
<trkpt lat="37.872494" lon="-121.955529"><ele>363.0</ele><time>2026-10-03T14:29:25Z</time></trkpt>
<trkpt lat="37.872494" lon="-121.955491"><ele>363.3</ele><time>2026-10-03T14:29:26Z</time></trkpt>
<trkpt lat="37.872494" lon="-121.955453"><ele>363.5</ele><time>2026-10-03T14:29:27Z</time></trkpt>
<trkpt lat="37.872494" lon="-121.955415"><ele>363.7</ele><time>2026-10-03T14:29:28Z</time></trkpt>
<trkpt lat="37.872491" lon="-121.955378"><ele>364.0</ele><time>2026-10-03T14:29:29Z</time></trkpt>
<trkpt lat="37.872488" lon="-121.955340"><ele>364.2</ele><time>2026-10-03T14:29:30Z</time></trkpt>
<trkpt lat="37.872485" lon="-121.955302"><ele>364.5</ele><time>2026-10-03T14:29:31Z</time></trkpt>
<trkpt lat="37.872478" lon="-121.955265"><ele>364.6</ele><time>2026-10-03T14:29:32Z</time></trkpt>
<trkpt lat="37.872472" lon="-121.955228"><ele>364.8</ele><time>2026-10-03T14:29:33Z</time></trkpt>
<trkpt lat="37.872466" lon="-121.955191"><ele>365.0</ele><time>2026-10-03T14:29:34Z</time></trkpt>
<trkpt lat="37.872460" lon="-121.955154"><ele>365.2</ele><time>2026-10-03T14:29:35Z</time></trkpt>
<trkpt lat="37.872455" lon="-121.955117"><ele>365.4</ele><time>2026-10-03T14:29:36Z</time></trkpt>
<trkpt lat="37.872449" lon="-121.955079"><ele>365.6</ele><time>2026-10-03T14:29:37Z</time></trkpt>
<trkpt lat="37.872445" lon="-121.955042"><ele>365.7</ele><time>2026-10-03T14:29:38Z</time></trkpt>
<trkpt lat="37.872441" lon="-121.955004"><ele>365.9</ele><time>2026-10-03T14:29:39Z</time></trkpt>
<trkpt lat="37.872437" lon="-121.954967"><ele>366.0</ele><time>2026-10-03T14:29:40Z</time></trkpt>
<trkpt lat="37.872440" lon="-121.954929"><ele>366.2</ele><time>2026-10-03T14:29:41Z</time></trkpt>
<trkpt lat="37.872442" lon="-121.954891"><ele>366.4</ele><time>2026-10-03T14:29:42Z</time></trkpt>
<trkpt lat="37.872445" lon="-121.954853"><ele>366.6</ele><time>2026-10-03T14:29:43Z</time></trkpt>
<trkpt lat="37.872450" lon="-121.954816"><ele>366.7</ele><time>2026-10-03T14:29:44Z</time></trkpt>
<trkpt lat="37.872455" lon="-121.954778"><ele>366.7</ele><time>2026-10-03T14:29:45Z</time></trkpt>
<trkpt lat="37.872460" lon="-121.954741"><ele>366.8</ele><time>2026-10-03T14:29:46Z</time></trkpt>
<trkpt lat="37.872469" lon="-121.954705"><ele>366.9</ele><time>2026-10-03T14:29:47Z</time></trkpt>
<trkpt lat="37.872479" lon="-121.954669"><ele>367.0</ele><time>2026-10-03T14:29:48Z</time></trkpt>
<trkpt lat="37.872488" lon="-121.954633"><ele>367.1</ele><time>2026-10-03T14:29:49Z</time></trkpt>
<trkpt lat="37.872500" lon="-121.954599"><ele>367.3</ele><time>2026-10-03T14:29:50Z</time></trkpt>
<trkpt lat="37.872513" lon="-121.954564"><ele>367.4</ele><time>2026-10-03T14:29:51Z</time></trkpt>
<trkpt lat="37.872525" lon="-121.954530"><ele>367.6</ele><time>2026-10-03T14:29:52Z</time></trkpt>
<trkpt lat="37.872541" lon="-121.954498"><ele>367.8</ele><time>2026-10-03T14:29:53Z</time></trkpt>
<trkpt lat="37.872557" lon="-121.954465"><ele>368.0</ele><time>2026-10-03T14:29:54Z</time></trkpt>
<trkpt lat="37.872573" lon="-121.954433"><ele>368.2</ele><time>2026-10-03T14:29:55Z</time></trkpt>
<trkpt lat="37.872588" lon="-121.954400"><ele>368.5</ele><time>2026-10-03T14:29:56Z</time></trkpt>
<trkpt lat="37.872603" lon="-121.954367"><ele>368.8</ele><time>2026-10-03T14:29:57Z</time></trkpt>
<trkpt lat="37.872618" lon="-121.954334"><ele>369.0</ele><time>2026-10-03T14:29:58Z</time></trkpt>
<trkpt lat="37.872633" lon="-121.954302"><ele>369.4</ele><time>2026-10-03T14:29:59Z</time></trkpt>
<trkpt lat="37.872649" lon="-121.954270"><ele>369.7</ele><time>2026-10-03T14:30:00Z</time></trkpt>
<trkpt lat="37.872665" lon="-121.954238"><ele>370.0</ele><time>2026-10-03T14:30:01Z</time></trkpt>
<trkpt lat="37.872682" lon="-121.954207"><ele>370.1</ele><time>2026-10-03T14:30:02Z</time></trkpt>
<trkpt lat="37.872699" lon="-121.954176"><ele>370.3</ele><time>2026-10-03T14:30:03Z</time></trkpt>
<trkpt lat="37.872717" lon="-121.954145"><ele>370.4</ele><time>2026-10-03T14:30:04Z</time></trkpt>
<trkpt lat="37.872737" lon="-121.954117"><ele>370.5</ele><time>2026-10-03T14:30:05Z</time></trkpt>
<trkpt lat="37.872757" lon="-121.954089"><ele>370.5</ele><time>2026-10-03T14:30:06Z</time></trkpt>
<trkpt lat="37.872777" lon="-121.954060"><ele>370.6</ele><time>2026-10-03T14:30:07Z</time></trkpt>
<trkpt lat="37.872800" lon="-121.954036"><ele>370.7</ele><time>2026-10-03T14:30:08Z</time></trkpt>
<trkpt lat="37.872823" lon="-121.954012"><ele>370.8</ele><time>2026-10-03T14:30:09Z</time></trkpt>
<trkpt lat="37.872846" lon="-121.953988"><ele>370.9</ele><time>2026-10-03T14:30:10Z</time></trkpt>
<trkpt lat="37.872870" lon="-121.953966"><ele>370.9</ele><time>2026-10-03T14:30:11Z</time></trkpt>
<trkpt lat="37.872894" lon="-121.953943"><ele>371.0</ele><time>2026-10-03T14:30:12Z</time></trkpt>
<trkpt lat="37.872918" lon="-121.953920"><ele>371.0</ele><time>2026-10-03T14:30:13Z</time></trkpt>
<trkpt lat="37.872943" lon="-121.953898"><ele>371.1</ele><time>2026-10-03T14:30:14Z</time></trkpt>
<trkpt lat="37.872967" lon="-121.953877"><ele>371.1</ele><time>2026-10-03T14:30:15Z</time></trkpt>
<trkpt lat="37.872992" lon="-121.953855"><ele>371.2</ele><time>2026-10-03T14:30:16Z</time></trkpt>
<trkpt lat="37.873015" lon="-121.953831"><ele>371.3</ele><time>2026-10-03T14:30:17Z</time></trkpt>
<trkpt lat="37.873038" lon="-121.953806"><ele>371.5</ele><time>2026-10-03T14:30:18Z</time></trkpt>
<trkpt lat="37.873061" lon="-121.953782"><ele>371.6</ele><time>2026-10-03T14:30:19Z</time></trkpt>
<trkpt lat="37.873081" lon="-121.953754"><ele>371.6</ele><time>2026-10-03T14:30:20Z</time></trkpt>
<trkpt lat="37.873100" lon="-121.953725"><ele>371.7</ele><time>2026-10-03T14:30:21Z</time></trkpt>
<trkpt lat="37.873119" lon="-121.953696"><ele>371.7</ele><time>2026-10-03T14:30:22Z</time></trkpt>
<trkpt lat="37.873132" lon="-121.953662"><ele>371.7</ele><time>2026-10-03T14:30:23Z</time></trkpt>
<trkpt lat="37.873145" lon="-121.953628"><ele>371.8</ele><time>2026-10-03T14:30:24Z</time></trkpt>
<trkpt lat="37.873158" lon="-121.953593"><ele>371.8</ele><time>2026-10-03T14:30:25Z</time></trkpt>
<trkpt lat="37.873166" lon="-121.953557"><ele>371.9</ele><time>2026-10-03T14:30:26Z</time></trkpt>
<trkpt lat="37.873174" lon="-121.953520"><ele>371.9</ele><time>2026-10-03T14:30:27Z</time></trkpt>
<trkpt lat="37.873182" lon="-121.953484"><ele>372.0</ele><time>2026-10-03T14:30:28Z</time></trkpt>
<trkpt lat="37.873184" lon="-121.953446"><ele>372.0</ele><time>2026-10-03T14:30:29Z</time></trkpt>
<trkpt lat="37.873185" lon="-121.953408"><ele>372.0</ele><time>2026-10-03T14:30:30Z</time></trkpt>
<trkpt lat="37.873186" lon="-121.953371"><ele>371.9</ele><time>2026-10-03T14:30:31Z</time></trkpt>
<trkpt lat="37.873175" lon="-121.953336"><ele>371.9</ele><time>2026-10-03T14:30:32Z</time></trkpt>
<trkpt lat="37.873164" lon="-121.953302"><ele>371.8</ele><time>2026-10-03T14:30:33Z</time></trkpt>
<trkpt lat="37.873152" lon="-121.953268"><ele>371.8</ele><time>2026-10-03T14:30:34Z</time></trkpt>
<trkpt lat="37.873127" lon="-121.953248"><ele>371.8</ele><time>2026-10-03T14:30:35Z</time></trkpt>
<trkpt lat="37.873102" lon="-121.953227"><ele>371.8</ele><time>2026-10-03T14:30:36Z</time></trkpt>
<trkpt lat="37.873078" lon="-121.953207"><ele>371.8</ele><time>2026-10-03T14:30:37Z</time></trkpt>
<trkpt lat="37.873050" lon="-121.953193"><ele>371.8</ele><time>2026-10-03T14:30:38Z</time></trkpt>
<trkpt lat="37.873022" lon="-121.953180"><ele>371.8</ele><time>2026-10-03T14:30:39Z</time></trkpt>
<trkpt lat="37.872994" lon="-121.953166"><ele>371.8</ele><time>2026-10-03T14:30:40Z</time></trkpt>
<trkpt lat="37.872966" lon="-121.953152"><ele>371.8</ele><time>2026-10-03T14:30:41Z</time></trkpt>
<trkpt lat="37.872938" lon="-121.953138"><ele>371.8</ele><time>2026-10-03T14:30:42Z</time></trkpt>
<trkpt lat="37.872910" lon="-121.953124"><ele>371.8</ele><time>2026-10-03T14:30:43Z</time></trkpt>
<trkpt lat="37.872886" lon="-121.953102"><ele>371.8</ele><time>2026-10-03T14:30:44Z</time></trkpt>
<trkpt lat="37.872862" lon="-121.953079"><ele>371.8</ele><time>2026-10-03T14:30:45Z</time></trkpt>
<trkpt lat="37.872839" lon="-121.953056"><ele>371.8</ele><time>2026-10-03T14:30:46Z</time></trkpt>
<trkpt lat="37.872823" lon="-121.953025"><ele>371.9</ele><time>2026-10-03T14:30:47Z</time></trkpt>
<trkpt lat="37.872807" lon="-121.952993"><ele>372.1</ele><time>2026-10-03T14:30:48Z</time></trkpt>
<trkpt lat="37.872791" lon="-121.952961"><ele>372.2</ele><time>2026-10-03T14:30:49Z</time></trkpt>
<trkpt lat="37.872783" lon="-121.952925"><ele>372.3</ele><time>2026-10-03T14:30:50Z</time></trkpt>
<trkpt lat="37.872776" lon="-121.952888"><ele>372.3</ele><time>2026-10-03T14:30:51Z</time></trkpt>
<trkpt lat="37.872768" lon="-121.952851"><ele>372.4</ele><time>2026-10-03T14:30:52Z</time></trkpt>
<trkpt lat="37.872769" lon="-121.952814"><ele>372.5</ele><time>2026-10-03T14:30:53Z</time></trkpt>
<trkpt lat="37.872769" lon="-121.952776"><ele>372.7</ele><time>2026-10-03T14:30:54Z</time></trkpt>
<trkpt lat="37.872769" lon="-121.952738"><ele>372.8</ele><time>2026-10-03T14:30:55Z</time></trkpt>
<trkpt lat="37.872776" lon="-121.952701"><ele>372.9</ele><time>2026-10-03T14:30:56Z</time></trkpt>
<trkpt lat="37.872783" lon="-121.952664"><ele>372.9</ele><time>2026-10-03T14:30:57Z</time></trkpt>
<trkpt lat="37.872789" lon="-121.952627"><ele>373.0</ele><time>2026-10-03T14:30:58Z</time></trkpt>
<trkpt lat="37.872797" lon="-121.952590"><ele>373.1</ele><time>2026-10-03T14:30:59Z</time></trkpt>
<trkpt lat="37.872804" lon="-121.952553"><ele>373.3</ele><time>2026-10-03T14:31:00Z</time></trkpt>
<trkpt lat="37.872811" lon="-121.952517"><ele>373.4</ele><time>2026-10-03T14:31:01Z</time></trkpt>
<trkpt lat="37.872819" lon="-121.952480"><ele>373.4</ele><time>2026-10-03T14:31:02Z</time></trkpt>
<trkpt lat="37.872826" lon="-121.952443"><ele>373.5</ele><time>2026-10-03T14:31:03Z</time></trkpt>
<trkpt lat="37.872834" lon="-121.952406"><ele>373.5</ele><time>2026-10-03T14:31:04Z</time></trkpt>
<trkpt lat="37.872837" lon="-121.952369"><ele>373.6</ele><time>2026-10-03T14:31:05Z</time></trkpt>
<trkpt lat="37.872841" lon="-121.952331"><ele>373.6</ele><time>2026-10-03T14:31:06Z</time></trkpt>
<trkpt lat="37.872845" lon="-121.952293"><ele>373.7</ele><time>2026-10-03T14:31:07Z</time></trkpt>
<trkpt lat="37.872849" lon="-121.952256"><ele>373.8</ele><time>2026-10-03T14:31:08Z</time></trkpt>
<trkpt lat="37.872853" lon="-121.952218"><ele>373.9</ele><time>2026-10-03T14:31:09Z</time></trkpt>
<trkpt lat="37.872857" lon="-121.952181"><ele>374.0</ele><time>2026-10-03T14:31:10Z</time></trkpt>
<trkpt lat="37.872861" lon="-121.952143"><ele>374.0</ele><time>2026-10-03T14:31:11Z</time></trkpt>
<trkpt lat="37.872866" lon="-121.952106"><ele>374.0</ele><time>2026-10-03T14:31:12Z</time></trkpt>
<trkpt lat="37.872870" lon="-121.952068"><ele>374.0</ele><time>2026-10-03T14:31:13Z</time></trkpt>
<trkpt lat="37.872874" lon="-121.952030"><ele>374.1</ele><time>2026-10-03T14:31:14Z</time></trkpt>
<trkpt lat="37.872878" lon="-121.951993"><ele>374.1</ele><time>2026-10-03T14:31:15Z</time></trkpt>
<trkpt lat="37.872882" lon="-121.951955"><ele>374.2</ele><time>2026-10-03T14:31:16Z</time></trkpt>
<trkpt lat="37.872885" lon="-121.951917"><ele>374.2</ele><time>2026-10-03T14:31:17Z</time></trkpt>
<trkpt lat="37.872888" lon="-121.951880"><ele>374.2</ele><time>2026-10-03T14:31:18Z</time></trkpt>
<trkpt lat="37.872892" lon="-121.951842"><ele>374.2</ele><time>2026-10-03T14:31:19Z</time></trkpt>
<trkpt lat="37.872894" lon="-121.951804"><ele>374.3</ele><time>2026-10-03T14:31:20Z</time></trkpt>
<trkpt lat="37.872896" lon="-121.951766"><ele>374.3</ele><time>2026-10-03T14:31:21Z</time></trkpt>
<trkpt lat="37.872898" lon="-121.951728"><ele>374.4</ele><time>2026-10-03T14:31:22Z</time></trkpt>
<trkpt lat="37.872902" lon="-121.951691"><ele>374.4</ele><time>2026-10-03T14:31:23Z</time></trkpt>
<trkpt lat="37.872906" lon="-121.951653"><ele>374.4</ele><time>2026-10-03T14:31:24Z</time></trkpt>
<trkpt lat="37.872911" lon="-121.951616"><ele>374.4</ele><time>2026-10-03T14:31:25Z</time></trkpt>
<trkpt lat="37.872917" lon="-121.951578"><ele>374.4</ele><time>2026-10-03T14:31:26Z</time></trkpt>
<trkpt lat="37.872922" lon="-121.951541"><ele>374.5</ele><time>2026-10-03T14:31:27Z</time></trkpt>
<trkpt lat="37.872928" lon="-121.951504"><ele>374.5</ele><time>2026-10-03T14:31:28Z</time></trkpt>
<trkpt lat="37.872937" lon="-121.951467"><ele>374.6</ele><time>2026-10-03T14:31:29Z</time></trkpt>
<trkpt lat="37.872945" lon="-121.951431"><ele>374.7</ele><time>2026-10-03T14:31:30Z</time></trkpt>
<trkpt lat="37.872954" lon="-121.951395"><ele>374.8</ele><time>2026-10-03T14:31:31Z</time></trkpt>
<trkpt lat="37.872966" lon="-121.951360"><ele>374.9</ele><time>2026-10-03T14:31:32Z</time></trkpt>
<trkpt lat="37.872979" lon="-121.951326"><ele>375.1</ele><time>2026-10-03T14:31:33Z</time></trkpt>
<trkpt lat="37.872991" lon="-121.951291"><ele>375.2</ele><time>2026-10-03T14:31:34Z</time></trkpt>
<trkpt lat="37.873010" lon="-121.951262"><ele>375.4</ele><time>2026-10-03T14:31:35Z</time></trkpt>
<trkpt lat="37.873029" lon="-121.951233"><ele>375.5</ele><time>2026-10-03T14:31:36Z</time></trkpt>
<trkpt lat="37.873048" lon="-121.951204"><ele>375.6</ele><time>2026-10-03T14:31:37Z</time></trkpt>
<trkpt lat="37.873070" lon="-121.951177"><ele>375.8</ele><time>2026-10-03T14:31:38Z</time></trkpt>
<trkpt lat="37.873091" lon="-121.951151"><ele>376.0</ele><time>2026-10-03T14:31:39Z</time></trkpt>
<trkpt lat="37.873113" lon="-121.951124"><ele>376.2</ele><time>2026-10-03T14:31:40Z</time></trkpt>
<trkpt lat="37.873136" lon="-121.951101"><ele>376.4</ele><time>2026-10-03T14:31:41Z</time></trkpt>
<trkpt lat="37.873160" lon="-121.951078"><ele>376.5</ele><time>2026-10-03T14:31:42Z</time></trkpt>
<trkpt lat="37.873184" lon="-121.951055"><ele>376.7</ele><time>2026-10-03T14:31:43Z</time></trkpt>
<trkpt lat="37.873206" lon="-121.951030"><ele>376.8</ele><time>2026-10-03T14:31:44Z</time></trkpt>
<trkpt lat="37.873229" lon="-121.951004"><ele>376.9</ele><time>2026-10-03T14:31:45Z</time></trkpt>
<trkpt lat="37.873251" lon="-121.950979"><ele>377.0</ele><time>2026-10-03T14:31:46Z</time></trkpt>
<trkpt lat="37.873272" lon="-121.950953"><ele>377.1</ele><time>2026-10-03T14:31:47Z</time></trkpt>
<trkpt lat="37.873294" lon="-121.950926"><ele>377.2</ele><time>2026-10-03T14:31:48Z</time></trkpt>
<trkpt lat="37.873315" lon="-121.950900"><ele>377.3</ele><time>2026-10-03T14:31:49Z</time></trkpt>
<trkpt lat="37.873332" lon="-121.950869"><ele>377.3</ele><time>2026-10-03T14:31:50Z</time></trkpt>
<trkpt lat="37.873349" lon="-121.950838"><ele>377.4</ele><time>2026-10-03T14:31:51Z</time></trkpt>
<trkpt lat="37.873366" lon="-121.950807"><ele>377.4</ele><time>2026-10-03T14:31:52Z</time></trkpt>
<trkpt lat="37.873373" lon="-121.950770"><ele>377.6</ele><time>2026-10-03T14:31:53Z</time></trkpt>
<trkpt lat="37.873380" lon="-121.950733"><ele>377.8</ele><time>2026-10-03T14:31:54Z</time></trkpt>
<trkpt lat="37.873387" lon="-121.950697"><ele>378.0</ele><time>2026-10-03T14:31:55Z</time></trkpt>
<trkpt lat="37.873384" lon="-121.950659"><ele>378.2</ele><time>2026-10-03T14:31:56Z</time></trkpt>
<trkpt lat="37.873382" lon="-121.950621"><ele>378.3</ele><time>2026-10-03T14:31:57Z</time></trkpt>
<trkpt lat="37.873379" lon="-121.950584"><ele>378.5</ele><time>2026-10-03T14:31:58Z</time></trkpt>
<trkpt lat="37.873367" lon="-121.950549"><ele>378.7</ele><time>2026-10-03T14:31:59Z</time></trkpt>
<trkpt lat="37.873355" lon="-121.950515"><ele>378.9</ele><time>2026-10-03T14:32:00Z</time></trkpt>
<trkpt lat="37.873343" lon="-121.950480"><ele>379.1</ele><time>2026-10-03T14:32:01Z</time></trkpt>
<trkpt lat="37.873323" lon="-121.950453"><ele>379.3</ele><time>2026-10-03T14:32:02Z</time></trkpt>
<trkpt lat="37.873302" lon="-121.950425"><ele>379.6</ele><time>2026-10-03T14:32:03Z</time></trkpt>
<trkpt lat="37.873282" lon="-121.950397"><ele>379.8</ele><time>2026-10-03T14:32:04Z</time></trkpt>
<trkpt lat="37.873256" lon="-121.950379"><ele>380.0</ele><time>2026-10-03T14:32:05Z</time></trkpt>
<trkpt lat="37.873230" lon="-121.950361"><ele>380.3</ele><time>2026-10-03T14:32:06Z</time></trkpt>
<trkpt lat="37.873204" lon="-121.950342"><ele>380.5</ele><time>2026-10-03T14:32:07Z</time></trkpt>
<trkpt lat="37.873175" lon="-121.950330"><ele>380.7</ele><time>2026-10-03T14:32:08Z</time></trkpt>
<trkpt lat="37.873147" lon="-121.950317"><ele>380.9</ele><time>2026-10-03T14:32:09Z</time></trkpt>
<trkpt lat="37.873119" lon="-121.950305"><ele>381.1</ele><time>2026-10-03T14:32:10Z</time></trkpt>
<trkpt lat="37.873093" lon="-121.950287"><ele>381.3</ele><time>2026-10-03T14:32:11Z</time></trkpt>
<trkpt lat="37.873066" lon="-121.950269"><ele>381.5</ele><time>2026-10-03T14:32:12Z</time></trkpt>
<trkpt lat="37.873040" lon="-121.950251"><ele>381.7</ele><time>2026-10-03T14:32:13Z</time></trkpt>
<trkpt lat="37.873019" lon="-121.950225"><ele>381.9</ele><time>2026-10-03T14:32:14Z</time></trkpt>
<trkpt lat="37.872997" lon="-121.950198"><ele>382.0</ele><time>2026-10-03T14:32:15Z</time></trkpt>
<trkpt lat="37.872976" lon="-121.950172"><ele>382.2</ele><time>2026-10-03T14:32:16Z</time></trkpt>
<trkpt lat="37.872966" lon="-121.950136"><ele>382.4</ele><time>2026-10-03T14:32:17Z</time></trkpt>
<trkpt lat="37.872956" lon="-121.950101"><ele>382.5</ele><time>2026-10-03T14:32:18Z</time></trkpt>
<trkpt lat="37.872946" lon="-121.950066"><ele>382.7</ele><time>2026-10-03T14:32:19Z</time></trkpt>
<trkpt lat="37.872942" lon="-121.950028"><ele>382.8</ele><time>2026-10-03T14:32:20Z</time></trkpt>
<trkpt lat="37.872938" lon="-121.949990"><ele>382.9</ele><time>2026-10-03T14:32:21Z</time></trkpt>
<trkpt lat="37.872934" lon="-121.949953"><ele>383.1</ele><time>2026-10-03T14:32:22Z</time></trkpt>
<trkpt lat="37.872932" lon="-121.949915"><ele>383.2</ele><time>2026-10-03T14:32:23Z</time></trkpt>
<trkpt lat="37.872930" lon="-121.949877"><ele>383.4</ele><time>2026-10-03T14:32:24Z</time></trkpt>
<trkpt lat="37.872927" lon="-121.949839"><ele>383.6</ele><time>2026-10-03T14:32:25Z</time></trkpt>
<trkpt lat="37.872929" lon="-121.949801"><ele>383.8</ele><time>2026-10-03T14:32:26Z</time></trkpt>
<trkpt lat="37.872932" lon="-121.949764"><ele>383.9</ele><time>2026-10-03T14:32:27Z</time></trkpt>
<trkpt lat="37.872934" lon="-121.949726"><ele>384.0</ele><time>2026-10-03T14:32:28Z</time></trkpt>
<trkpt lat="37.872945" lon="-121.949691"><ele>384.2</ele><time>2026-10-03T14:32:29Z</time></trkpt>
<trkpt lat="37.872956" lon="-121.949656"><ele>384.5</ele><time>2026-10-03T14:32:30Z</time></trkpt>
<trkpt lat="37.872967" lon="-121.949620"><ele>384.7</ele><time>2026-10-03T14:32:31Z</time></trkpt>
<trkpt lat="37.872981" lon="-121.949587"><ele>384.9</ele><time>2026-10-03T14:32:32Z</time></trkpt>
<trkpt lat="37.872995" lon="-121.949554"><ele>385.2</ele><time>2026-10-03T14:32:33Z</time></trkpt>
<trkpt lat="37.873010" lon="-121.949520"><ele>385.4</ele><time>2026-10-03T14:32:34Z</time></trkpt>
<trkpt lat="37.873021" lon="-121.949485"><ele>385.6</ele><time>2026-10-03T14:32:35Z</time></trkpt>
<trkpt lat="37.873033" lon="-121.949450"><ele>385.7</ele><time>2026-10-03T14:32:36Z</time></trkpt>
<trkpt lat="37.873044" lon="-121.949415"><ele>385.9</ele><time>2026-10-03T14:32:37Z</time></trkpt>
<trkpt lat="37.873049" lon="-121.949378"><ele>386.0</ele><time>2026-10-03T14:32:38Z</time></trkpt>
<trkpt lat="37.873053" lon="-121.949340"><ele>386.2</ele><time>2026-10-03T14:32:39Z</time></trkpt>
<trkpt lat="37.873058" lon="-121.949303"><ele>386.4</ele><time>2026-10-03T14:32:40Z</time></trkpt>
<trkpt lat="37.873055" lon="-121.949266"><ele>386.5</ele><time>2026-10-03T14:32:41Z</time></trkpt>
<trkpt lat="37.873052" lon="-121.949228"><ele>386.7</ele><time>2026-10-03T14:32:42Z</time></trkpt>
<trkpt lat="37.873049" lon="-121.949191"><ele>386.9</ele><time>2026-10-03T14:32:43Z</time></trkpt>
<trkpt lat="37.873018" lon="-121.949152"><ele>387.3</ele><time>2026-10-03T14:32:44Z</time></trkpt>
<trkpt lat="37.872987" lon="-121.949114"><ele>387.7</ele><time>2026-10-03T14:32:45Z</time></trkpt>
<trkpt lat="37.872957" lon="-121.949112"><ele>387.8</ele><time>2026-10-03T14:32:46Z</time></trkpt>
<trkpt lat="37.872928" lon="-121.949110"><ele>387.9</ele><time>2026-10-03T14:32:47Z</time></trkpt>
<trkpt lat="37.872899" lon="-121.949109"><ele>388.1</ele><time>2026-10-03T14:32:48Z</time></trkpt>
<trkpt lat="37.872871" lon="-121.949121"><ele>388.3</ele><time>2026-10-03T14:32:49Z</time></trkpt>
<trkpt lat="37.872843" lon="-121.949134"><ele>388.5</ele><time>2026-10-03T14:32:50Z</time></trkpt>
<trkpt lat="37.872814" lon="-121.949147"><ele>388.7</ele><time>2026-10-03T14:32:51Z</time></trkpt>
<trkpt lat="37.872786" lon="-121.949158"><ele>388.9</ele><time>2026-10-03T14:32:52Z</time></trkpt>
<trkpt lat="37.872757" lon="-121.949170"><ele>389.0</ele><time>2026-10-03T14:32:53Z</time></trkpt>
<trkpt lat="37.872729" lon="-121.949181"><ele>389.2</ele><time>2026-10-03T14:32:54Z</time></trkpt>
<trkpt lat="37.872701" lon="-121.949197"><ele>389.3</ele><time>2026-10-03T14:32:55Z</time></trkpt>
<trkpt lat="37.872674" lon="-121.949212"><ele>389.3</ele><time>2026-10-03T14:32:56Z</time></trkpt>
<trkpt lat="37.872647" lon="-121.949228"><ele>389.4</ele><time>2026-10-03T14:32:57Z</time></trkpt>
<trkpt lat="37.872619" lon="-121.949244"><ele>389.4</ele><time>2026-10-03T14:32:58Z</time></trkpt>
<trkpt lat="37.872592" lon="-121.949260"><ele>389.5</ele><time>2026-10-03T14:32:59Z</time></trkpt>
<trkpt lat="37.872565" lon="-121.949276"><ele>389.6</ele><time>2026-10-03T14:33:00Z</time></trkpt>
<trkpt lat="37.872543" lon="-121.949302"><ele>389.7</ele><time>2026-10-03T14:33:01Z</time></trkpt>
<trkpt lat="37.872522" lon="-121.949327"><ele>389.9</ele><time>2026-10-03T14:33:02Z</time></trkpt>
<trkpt lat="37.872500" lon="-121.949353"><ele>390.0</ele><time>2026-10-03T14:33:03Z</time></trkpt>
<trkpt lat="37.872483" lon="-121.949385"><ele>390.1</ele><time>2026-10-03T14:33:04Z</time></trkpt>
<trkpt lat="37.872466" lon="-121.949416"><ele>390.3</ele><time>2026-10-03T14:33:05Z</time></trkpt>
<trkpt lat="37.872449" lon="-121.949447"><ele>390.4</ele><time>2026-10-03T14:33:06Z</time></trkpt>
<trkpt lat="37.872437" lon="-121.949481"><ele>390.6</ele><time>2026-10-03T14:33:07Z</time></trkpt>
<trkpt lat="37.872424" lon="-121.949516"><ele>390.7</ele><time>2026-10-03T14:33:08Z</time></trkpt>
<trkpt lat="37.872411" lon="-121.949550"><ele>390.8</ele><time>2026-10-03T14:33:09Z</time></trkpt>
<trkpt lat="37.872399" lon="-121.949585"><ele>391.0</ele><time>2026-10-03T14:33:10Z</time></trkpt>
<trkpt lat="37.872387" lon="-121.949619"><ele>391.1</ele><time>2026-10-03T14:33:11Z</time></trkpt>
<trkpt lat="37.872374" lon="-121.949654"><ele>391.2</ele><time>2026-10-03T14:33:12Z</time></trkpt>
<trkpt lat="37.872362" lon="-121.949688"><ele>391.3</ele><time>2026-10-03T14:33:13Z</time></trkpt>
<trkpt lat="37.872349" lon="-121.949723"><ele>391.5</ele><time>2026-10-03T14:33:14Z</time></trkpt>
<trkpt lat="37.872337" lon="-121.949757"><ele>391.6</ele><time>2026-10-03T14:33:15Z</time></trkpt>
<trkpt lat="37.872319" lon="-121.949787"><ele>391.8</ele><time>2026-10-03T14:33:16Z</time></trkpt>
<trkpt lat="37.872301" lon="-121.949818"><ele>392.1</ele><time>2026-10-03T14:33:17Z</time></trkpt>
<trkpt lat="37.872283" lon="-121.949848"><ele>392.4</ele><time>2026-10-03T14:33:18Z</time></trkpt>
<trkpt lat="37.872261" lon="-121.949872"><ele>392.6</ele><time>2026-10-03T14:33:19Z</time></trkpt>
<trkpt lat="37.872238" lon="-121.949897"><ele>392.9</ele><time>2026-10-03T14:33:20Z</time></trkpt>
<trkpt lat="37.872215" lon="-121.949921"><ele>393.1</ele><time>2026-10-03T14:33:21Z</time></trkpt>
<trkpt lat="37.872187" lon="-121.949932"><ele>393.4</ele><time>2026-10-03T14:33:22Z</time></trkpt>
<trkpt lat="37.872158" lon="-121.949943"><ele>393.6</ele><time>2026-10-03T14:33:23Z</time></trkpt>
<trkpt lat="37.872129" lon="-121.949954"><ele>393.9</ele><time>2026-10-03T14:33:24Z</time></trkpt>
<trkpt lat="37.872100" lon="-121.949963"><ele>394.0</ele><time>2026-10-03T14:33:25Z</time></trkpt>
<trkpt lat="37.872071" lon="-121.949971"><ele>394.2</ele><time>2026-10-03T14:33:26Z</time></trkpt>
<trkpt lat="37.872042" lon="-121.949979"><ele>394.4</ele><time>2026-10-03T14:33:27Z</time></trkpt>
<trkpt lat="37.872015" lon="-121.949995"><ele>394.6</ele><time>2026-10-03T14:33:28Z</time></trkpt>
<trkpt lat="37.871988" lon="-121.950012"><ele>394.7</ele><time>2026-10-03T14:33:29Z</time></trkpt>
<trkpt lat="37.871961" lon="-121.950028"><ele>394.9</ele><time>2026-10-03T14:33:30Z</time></trkpt>
<trkpt lat="37.871942" lon="-121.950057"><ele>395.1</ele><time>2026-10-03T14:33:31Z</time></trkpt>
<trkpt lat="37.871923" lon="-121.950086"><ele>395.2</ele><time>2026-10-03T14:33:32Z</time></trkpt>
<trkpt lat="37.871904" lon="-121.950115"><ele>395.4</ele><time>2026-10-03T14:33:33Z</time></trkpt>
<trkpt lat="37.871895" lon="-121.950151"><ele>395.5</ele><time>2026-10-03T14:33:34Z</time></trkpt>
<trkpt lat="37.871885" lon="-121.950187"><ele>395.7</ele><time>2026-10-03T14:33:35Z</time></trkpt>
<trkpt lat="37.871875" lon="-121.950223"><ele>395.8</ele><time>2026-10-03T14:33:36Z</time></trkpt>
<trkpt lat="37.871865" lon="-121.950258"><ele>396.0</ele><time>2026-10-03T14:33:37Z</time></trkpt>
<trkpt lat="37.871854" lon="-121.950293"><ele>396.2</ele><time>2026-10-03T14:33:38Z</time></trkpt>
<trkpt lat="37.871843" lon="-121.950329"><ele>396.4</ele><time>2026-10-03T14:33:39Z</time></trkpt>
<trkpt lat="37.871825" lon="-121.950359"><ele>396.5</ele><time>2026-10-03T14:33:40Z</time></trkpt>
<trkpt lat="37.871807" lon="-121.950389"><ele>396.7</ele><time>2026-10-03T14:33:41Z</time></trkpt>
<trkpt lat="37.871789" lon="-121.950419"><ele>396.8</ele><time>2026-10-03T14:33:42Z</time></trkpt>
<trkpt lat="37.871766" lon="-121.950443"><ele>397.0</ele><time>2026-10-03T14:33:43Z</time></trkpt>
<trkpt lat="37.871743" lon="-121.950468"><ele>397.1</ele><time>2026-10-03T14:33:44Z</time></trkpt>
<trkpt lat="37.871720" lon="-121.950492"><ele>397.3</ele><time>2026-10-03T14:33:45Z</time></trkpt>
<trkpt lat="37.871694" lon="-121.950511"><ele>397.5</ele><time>2026-10-03T14:33:46Z</time></trkpt>
<trkpt lat="37.871668" lon="-121.950530"><ele>397.6</ele><time>2026-10-03T14:33:47Z</time></trkpt>
<trkpt lat="37.871642" lon="-121.950549"><ele>397.8</ele><time>2026-10-03T14:33:48Z</time></trkpt>
<trkpt lat="37.871614" lon="-121.950562"><ele>398.0</ele><time>2026-10-03T14:33:49Z</time></trkpt>
<trkpt lat="37.871586" lon="-121.950575"><ele>398.2</ele><time>2026-10-03T14:33:50Z</time></trkpt>
<trkpt lat="37.871558" lon="-121.950589"><ele>398.4</ele><time>2026-10-03T14:33:51Z</time></trkpt>
<trkpt lat="37.871529" lon="-121.950599"><ele>398.5</ele><time>2026-10-03T14:33:52Z</time></trkpt>
<trkpt lat="37.871500" lon="-121.950609"><ele>398.7</ele><time>2026-10-03T14:33:53Z</time></trkpt>
<trkpt lat="37.871472" lon="-121.950620"><ele>398.8</ele><time>2026-10-03T14:33:54Z</time></trkpt>
<trkpt lat="37.871442" lon="-121.950626"><ele>399.0</ele><time>2026-10-03T14:33:55Z</time></trkpt>
<trkpt lat="37.871413" lon="-121.950633"><ele>399.2</ele><time>2026-10-03T14:33:56Z</time></trkpt>
<trkpt lat="37.871383" lon="-121.950640"><ele>399.5</ele><time>2026-10-03T14:33:57Z</time></trkpt>
<trkpt lat="37.871353" lon="-121.950639"><ele>399.6</ele><time>2026-10-03T14:33:58Z</time></trkpt>
<trkpt lat="37.871323" lon="-121.950639"><ele>399.7</ele><time>2026-10-03T14:33:59Z</time></trkpt>
<trkpt lat="37.871294" lon="-121.950639"><ele>399.8</ele><time>2026-10-03T14:34:00Z</time></trkpt>
<trkpt lat="37.871265" lon="-121.950630"><ele>400.1</ele><time>2026-10-03T14:34:01Z</time></trkpt>
<trkpt lat="37.871235" lon="-121.950621"><ele>400.3</ele><time>2026-10-03T14:34:02Z</time></trkpt>
<trkpt lat="37.871206" lon="-121.950612"><ele>400.6</ele><time>2026-10-03T14:34:03Z</time></trkpt>
<trkpt lat="37.871179" lon="-121.950598"><ele>400.8</ele><time>2026-10-03T14:34:04Z</time></trkpt>
<trkpt lat="37.871151" lon="-121.950584"><ele>401.0</ele><time>2026-10-03T14:34:05Z</time></trkpt>
<trkpt lat="37.871123" lon="-121.950570"><ele>401.3</ele><time>2026-10-03T14:34:06Z</time></trkpt>
<trkpt lat="37.871096" lon="-121.950554"><ele>401.5</ele><time>2026-10-03T14:34:07Z</time></trkpt>
<trkpt lat="37.871069" lon="-121.950537"><ele>401.6</ele><time>2026-10-03T14:34:08Z</time></trkpt>
<trkpt lat="37.871042" lon="-121.950520"><ele>401.8</ele><time>2026-10-03T14:34:09Z</time></trkpt>
<trkpt lat="37.871017" lon="-121.950501"><ele>401.9</ele><time>2026-10-03T14:34:10Z</time></trkpt>
<trkpt lat="37.870991" lon="-121.950482"><ele>402.0</ele><time>2026-10-03T14:34:11Z</time></trkpt>
<trkpt lat="37.870965" lon="-121.950462"><ele>402.2</ele><time>2026-10-03T14:34:12Z</time></trkpt>
<trkpt lat="37.870938" lon="-121.950445"><ele>402.3</ele><time>2026-10-03T14:34:13Z</time></trkpt>
<trkpt lat="37.870912" lon="-121.950427"><ele>402.5</ele><time>2026-10-03T14:34:14Z</time></trkpt>
<trkpt lat="37.870885" lon="-121.950410"><ele>402.6</ele><time>2026-10-03T14:34:15Z</time></trkpt>
<trkpt lat="37.870858" lon="-121.950394"><ele>402.7</ele><time>2026-10-03T14:34:16Z</time></trkpt>
<trkpt lat="37.870831" lon="-121.950378"><ele>402.7</ele><time>2026-10-03T14:34:17Z</time></trkpt>
<trkpt lat="37.870804" lon="-121.950362"><ele>402.8</ele><time>2026-10-03T14:34:18Z</time></trkpt>
<trkpt lat="37.870779" lon="-121.950341"><ele>403.0</ele><time>2026-10-03T14:34:19Z</time></trkpt>
<trkpt lat="37.870753" lon="-121.950321"><ele>403.2</ele><time>2026-10-03T14:34:20Z</time></trkpt>
<trkpt lat="37.870728" lon="-121.950300"><ele>403.4</ele><time>2026-10-03T14:34:21Z</time></trkpt>
<trkpt lat="37.870705" lon="-121.950276"><ele>403.5</ele><time>2026-10-03T14:34:22Z</time></trkpt>
<trkpt lat="37.870682" lon="-121.950251"><ele>403.5</ele><time>2026-10-03T14:34:23Z</time></trkpt>
<trkpt lat="37.870660" lon="-121.950227"><ele>403.6</ele><time>2026-10-03T14:34:24Z</time></trkpt>
<trkpt lat="37.870639" lon="-121.950199"><ele>403.8</ele><time>2026-10-03T14:34:25Z</time></trkpt>
<trkpt lat="37.870619" lon="-121.950171"><ele>404.0</ele><time>2026-10-03T14:34:26Z</time></trkpt>
<trkpt lat="37.870598" lon="-121.950144"><ele>404.2</ele><time>2026-10-03T14:34:27Z</time></trkpt>
<trkpt lat="37.870579" lon="-121.950114"><ele>404.5</ele><time>2026-10-03T14:34:28Z</time></trkpt>
<trkpt lat="37.870560" lon="-121.950085"><ele>404.7</ele><time>2026-10-03T14:34:29Z</time></trkpt>
<trkpt lat="37.870541" lon="-121.950055"><ele>405.0</ele><time>2026-10-03T14:34:30Z</time></trkpt>
<trkpt lat="37.870523" lon="-121.950025"><ele>405.2</ele><time>2026-10-03T14:34:31Z</time></trkpt>
<trkpt lat="37.870505" lon="-121.949995"><ele>405.4</ele><time>2026-10-03T14:34:32Z</time></trkpt>
<trkpt lat="37.870486" lon="-121.949965"><ele>405.5</ele><time>2026-10-03T14:34:33Z</time></trkpt>
<trkpt lat="37.870467" lon="-121.949936"><ele>405.8</ele><time>2026-10-03T14:34:34Z</time></trkpt>
<trkpt lat="37.870448" lon="-121.949907"><ele>406.0</ele><time>2026-10-03T14:34:35Z</time></trkpt>
<trkpt lat="37.870429" lon="-121.949878"><ele>406.3</ele><time>2026-10-03T14:34:36Z</time></trkpt>
<trkpt lat="37.870410" lon="-121.949848"><ele>406.5</ele><time>2026-10-03T14:34:37Z</time></trkpt>
<trkpt lat="37.870391" lon="-121.949818"><ele>406.8</ele><time>2026-10-03T14:34:38Z</time></trkpt>
<trkpt lat="37.870373" lon="-121.949789"><ele>407.0</ele><time>2026-10-03T14:34:39Z</time></trkpt>
<trkpt lat="37.870356" lon="-121.949758"><ele>407.2</ele><time>2026-10-03T14:34:40Z</time></trkpt>
<trkpt lat="37.870339" lon="-121.949727"><ele>407.4</ele><time>2026-10-03T14:34:41Z</time></trkpt>
<trkpt lat="37.870322" lon="-121.949695"><ele>407.5</ele><time>2026-10-03T14:34:42Z</time></trkpt>
<trkpt lat="37.870310" lon="-121.949660"><ele>407.7</ele><time>2026-10-03T14:34:43Z</time></trkpt>
<trkpt lat="37.870299" lon="-121.949625"><ele>407.9</ele><time>2026-10-03T14:34:44Z</time></trkpt>
<trkpt lat="37.870288" lon="-121.949590"><ele>408.1</ele><time>2026-10-03T14:34:45Z</time></trkpt>
<trkpt lat="37.870285" lon="-121.949552"><ele>408.3</ele><time>2026-10-03T14:34:46Z</time></trkpt>
<trkpt lat="37.870281" lon="-121.949515"><ele>408.6</ele><time>2026-10-03T14:34:47Z</time></trkpt>
<trkpt lat="37.870277" lon="-121.949477"><ele>408.8</ele><time>2026-10-03T14:34:48Z</time></trkpt>
<trkpt lat="37.870278" lon="-121.949440"><ele>409.1</ele><time>2026-10-03T14:34:49Z</time></trkpt>
<trkpt lat="37.870280" lon="-121.949402"><ele>409.3</ele><time>2026-10-03T14:34:50Z</time></trkpt>
<trkpt lat="37.870282" lon="-121.949364"><ele>409.6</ele><time>2026-10-03T14:34:51Z</time></trkpt>
<trkpt lat="37.870277" lon="-121.949326"><ele>409.8</ele><time>2026-10-03T14:34:52Z</time></trkpt>
<trkpt lat="37.870273" lon="-121.949289"><ele>410.1</ele><time>2026-10-03T14:34:53Z</time></trkpt>
<trkpt lat="37.870269" lon="-121.949251"><ele>410.3</ele><time>2026-10-03T14:34:54Z</time></trkpt>
<trkpt lat="37.870254" lon="-121.949219"><ele>410.6</ele><time>2026-10-03T14:34:55Z</time></trkpt>
<trkpt lat="37.870239" lon="-121.949187"><ele>410.8</ele><time>2026-10-03T14:34:56Z</time></trkpt>
<trkpt lat="37.870224" lon="-121.949154"><ele>411.0</ele><time>2026-10-03T14:34:57Z</time></trkpt>
<trkpt lat="37.870200" lon="-121.949132"><ele>411.2</ele><time>2026-10-03T14:34:58Z</time></trkpt>
<trkpt lat="37.870176" lon="-121.949109"><ele>411.4</ele><time>2026-10-03T14:34:59Z</time></trkpt>
<trkpt lat="37.870152" lon="-121.949087"><ele>411.6</ele><time>2026-10-03T14:35:00Z</time></trkpt>
<trkpt lat="37.870124" lon="-121.949074"><ele>411.8</ele><time>2026-10-03T14:35:01Z</time></trkpt>
<trkpt lat="37.870096" lon="-121.949061"><ele>412.0</ele><time>2026-10-03T14:35:02Z</time></trkpt>
<trkpt lat="37.870068" lon="-121.949048"><ele>412.3</ele><time>2026-10-03T14:35:03Z</time></trkpt>
<trkpt lat="37.870039" lon="-121.949041"><ele>412.3</ele><time>2026-10-03T14:35:04Z</time></trkpt>
<trkpt lat="37.870009" lon="-121.949033"><ele>412.4</ele><time>2026-10-03T14:35:05Z</time></trkpt>
<trkpt lat="37.869980" lon="-121.949026"><ele>412.5</ele><time>2026-10-03T14:35:06Z</time></trkpt>
<trkpt lat="37.869950" lon="-121.949025"><ele>412.8</ele><time>2026-10-03T14:35:07Z</time></trkpt>
<trkpt lat="37.869920" lon="-121.949023"><ele>413.0</ele><time>2026-10-03T14:35:08Z</time></trkpt>
<trkpt lat="37.869890" lon="-121.949022"><ele>413.2</ele><time>2026-10-03T14:35:09Z</time></trkpt>
<trkpt lat="37.869860" lon="-121.949027"><ele>413.4</ele><time>2026-10-03T14:35:10Z</time></trkpt>
<trkpt lat="37.869831" lon="-121.949031"><ele>413.5</ele><time>2026-10-03T14:35:11Z</time></trkpt>
<trkpt lat="37.869801" lon="-121.949035"><ele>413.6</ele><time>2026-10-03T14:35:12Z</time></trkpt>
<trkpt lat="37.869771" lon="-121.949041"><ele>413.9</ele><time>2026-10-03T14:35:13Z</time></trkpt>
<trkpt lat="37.869742" lon="-121.949046"><ele>414.1</ele><time>2026-10-03T14:35:14Z</time></trkpt>
<trkpt lat="37.869712" lon="-121.949051"><ele>414.4</ele><time>2026-10-03T14:35:15Z</time></trkpt>
<trkpt lat="37.869682" lon="-121.949050"><ele>414.6</ele><time>2026-10-03T14:35:16Z</time></trkpt>
<trkpt lat="37.869652" lon="-121.949049"><ele>414.7</ele><time>2026-10-03T14:35:17Z</time></trkpt>
<trkpt lat="37.869623" lon="-121.949048"><ele>414.9</ele><time>2026-10-03T14:35:18Z</time></trkpt>
<trkpt lat="37.869597" lon="-121.949029"><ele>415.1</ele><time>2026-10-03T14:35:19Z</time></trkpt>
<trkpt lat="37.869572" lon="-121.949009"><ele>415.2</ele><time>2026-10-03T14:35:20Z</time></trkpt>
<trkpt lat="37.869547" lon="-121.948990"><ele>415.3</ele><time>2026-10-03T14:35:21Z</time></trkpt>
<trkpt lat="37.869534" lon="-121.948956"><ele>415.5</ele><time>2026-10-03T14:35:22Z</time></trkpt>
<trkpt lat="37.869521" lon="-121.948923"><ele>415.8</ele><time>2026-10-03T14:35:23Z</time></trkpt>
<trkpt lat="37.869508" lon="-121.948890"><ele>416.0</ele><time>2026-10-03T14:35:24Z</time></trkpt>
<trkpt lat="37.869511" lon="-121.948852"><ele>416.2</ele><time>2026-10-03T14:35:25Z</time></trkpt>
<trkpt lat="37.869515" lon="-121.948815"><ele>416.4</ele><time>2026-10-03T14:35:26Z</time></trkpt>
<trkpt lat="37.869519" lon="-121.948778"><ele>416.7</ele><time>2026-10-03T14:35:27Z</time></trkpt>
<trkpt lat="37.869529" lon="-121.948742"><ele>416.8</ele><time>2026-10-03T14:35:28Z</time></trkpt>
<trkpt lat="37.869540" lon="-121.948707"><ele>416.9</ele><time>2026-10-03T14:35:29Z</time></trkpt>
<trkpt lat="37.869550" lon="-121.948671"><ele>417.0</ele><time>2026-10-03T14:35:30Z</time></trkpt>
<trkpt lat="37.869564" lon="-121.948637"><ele>417.2</ele><time>2026-10-03T14:35:31Z</time></trkpt>
<trkpt lat="37.869577" lon="-121.948603"><ele>417.4</ele><time>2026-10-03T14:35:32Z</time></trkpt>
<trkpt lat="37.869591" lon="-121.948569"><ele>417.7</ele><time>2026-10-03T14:35:33Z</time></trkpt>
<trkpt lat="37.869607" lon="-121.948538"><ele>417.9</ele><time>2026-10-03T14:35:34Z</time></trkpt>
<trkpt lat="37.869624" lon="-121.948507"><ele>418.2</ele><time>2026-10-03T14:35:35Z</time></trkpt>
<trkpt lat="37.869641" lon="-121.948475"><ele>418.5</ele><time>2026-10-03T14:35:36Z</time></trkpt>
<trkpt lat="37.869661" lon="-121.948447"><ele>418.7</ele><time>2026-10-03T14:35:37Z</time></trkpt>
<trkpt lat="37.869681" lon="-121.948419"><ele>419.0</ele><time>2026-10-03T14:35:38Z</time></trkpt>
<trkpt lat="37.869701" lon="-121.948391"><ele>419.3</ele><time>2026-10-03T14:35:39Z</time></trkpt>
<trkpt lat="37.869725" lon="-121.948369"><ele>419.5</ele><time>2026-10-03T14:35:40Z</time></trkpt>
<trkpt lat="37.869750" lon="-121.948347"><ele>419.7</ele><time>2026-10-03T14:35:41Z</time></trkpt>
<trkpt lat="37.869774" lon="-121.948325"><ele>419.9</ele><time>2026-10-03T14:35:42Z</time></trkpt>
<trkpt lat="37.869799" lon="-121.948305"><ele>420.1</ele><time>2026-10-03T14:35:43Z</time></trkpt>
<trkpt lat="37.869824" lon="-121.948284"><ele>420.4</ele><time>2026-10-03T14:35:44Z</time></trkpt>
<trkpt lat="37.869850" lon="-121.948263"><ele>420.6</ele><time>2026-10-03T14:35:45Z</time></trkpt>
<trkpt lat="37.869872" lon="-121.948239"><ele>420.8</ele><time>2026-10-03T14:35:46Z</time></trkpt>
<trkpt lat="37.869895" lon="-121.948214"><ele>420.9</ele><time>2026-10-03T14:35:47Z</time></trkpt>
<trkpt lat="37.869918" lon="-121.948190"><ele>421.1</ele><time>2026-10-03T14:35:48Z</time></trkpt>
<trkpt lat="37.869936" lon="-121.948159"><ele>421.2</ele><time>2026-10-03T14:35:49Z</time></trkpt>
<trkpt lat="37.869953" lon="-121.948129"><ele>421.4</ele><time>2026-10-03T14:35:50Z</time></trkpt>
<trkpt lat="37.869970" lon="-121.948098"><ele>421.6</ele><time>2026-10-03T14:35:51Z</time></trkpt>
<trkpt lat="37.869982" lon="-121.948063"><ele>421.7</ele><time>2026-10-03T14:35:52Z</time></trkpt>
<trkpt lat="37.869994" lon="-121.948028"><ele>421.7</ele><time>2026-10-03T14:35:53Z</time></trkpt>
<trkpt lat="37.870006" lon="-121.947994"><ele>421.8</ele><time>2026-10-03T14:35:54Z</time></trkpt>
<trkpt lat="37.870010" lon="-121.947956"><ele>421.9</ele><time>2026-10-03T14:35:55Z</time></trkpt>
<trkpt lat="37.870014" lon="-121.947919"><ele>422.1</ele><time>2026-10-03T14:35:56Z</time></trkpt>
<trkpt lat="37.870018" lon="-121.947882"><ele>422.2</ele><time>2026-10-03T14:35:57Z</time></trkpt>
<trkpt lat="37.870013" lon="-121.947845"><ele>422.3</ele><time>2026-10-03T14:35:58Z</time></trkpt>
<trkpt lat="37.870008" lon="-121.947807"><ele>422.5</ele><time>2026-10-03T14:35:59Z</time></trkpt>
<trkpt lat="37.870003" lon="-121.947770"><ele>422.6</ele><time>2026-10-03T14:36:00Z</time></trkpt>
<trkpt lat="37.869986" lon="-121.947739"><ele>422.6</ele><time>2026-10-03T14:36:01Z</time></trkpt>
<trkpt lat="37.869969" lon="-121.947708"><ele>422.7</ele><time>2026-10-03T14:36:02Z</time></trkpt>
<trkpt lat="37.869953" lon="-121.947677"><ele>422.7</ele><time>2026-10-03T14:36:03Z</time></trkpt>
<trkpt lat="37.869926" lon="-121.947662"><ele>422.8</ele><time>2026-10-03T14:36:04Z</time></trkpt>
<trkpt lat="37.869899" lon="-121.947646"><ele>423.0</ele><time>2026-10-03T14:36:05Z</time></trkpt>
<trkpt lat="37.869872" lon="-121.947630"><ele>423.1</ele><time>2026-10-03T14:36:06Z</time></trkpt>
<trkpt lat="37.869845" lon="-121.947614"><ele>423.3</ele><time>2026-10-03T14:36:07Z</time></trkpt>
<trkpt lat="37.869818" lon="-121.947599"><ele>423.5</ele><time>2026-10-03T14:36:08Z</time></trkpt>
<trkpt lat="37.869791" lon="-121.947583"><ele>423.7</ele><time>2026-10-03T14:36:09Z</time></trkpt>
<trkpt lat="37.869766" lon="-121.947562"><ele>423.8</ele><time>2026-10-03T14:36:10Z</time></trkpt>
<trkpt lat="37.869741" lon="-121.947541"><ele>423.9</ele><time>2026-10-03T14:36:11Z</time></trkpt>
<trkpt lat="37.869717" lon="-121.947519"><ele>424.1</ele><time>2026-10-03T14:36:12Z</time></trkpt>
<trkpt lat="37.869697" lon="-121.947491"><ele>424.3</ele><time>2026-10-03T14:36:13Z</time></trkpt>
<trkpt lat="37.869677" lon="-121.947462"><ele>424.4</ele><time>2026-10-03T14:36:14Z</time></trkpt>
<trkpt lat="37.869658" lon="-121.947434"><ele>424.6</ele><time>2026-10-03T14:36:15Z</time></trkpt>
<trkpt lat="37.869645" lon="-121.947400"><ele>424.8</ele><time>2026-10-03T14:36:16Z</time></trkpt>
<trkpt lat="37.869631" lon="-121.947366"><ele>425.1</ele><time>2026-10-03T14:36:17Z</time></trkpt>
<trkpt lat="37.869618" lon="-121.947332"><ele>425.3</ele><time>2026-10-03T14:36:18Z</time></trkpt>
<trkpt lat="37.869612" lon="-121.947295"><ele>425.5</ele><time>2026-10-03T14:36:19Z</time></trkpt>
<trkpt lat="37.869605" lon="-121.947258"><ele>425.7</ele><time>2026-10-03T14:36:20Z</time></trkpt>
<trkpt lat="37.869598" lon="-121.947221"><ele>425.9</ele><time>2026-10-03T14:36:21Z</time></trkpt>
<trkpt lat="37.869596" lon="-121.947183"><ele>426.1</ele><time>2026-10-03T14:36:22Z</time></trkpt>
<trkpt lat="37.869594" lon="-121.947145"><ele>426.3</ele><time>2026-10-03T14:36:23Z</time></trkpt>
<trkpt lat="37.869592" lon="-121.947107"><ele>426.5</ele><time>2026-10-03T14:36:24Z</time></trkpt>
<trkpt lat="37.869586" lon="-121.947070"><ele>426.7</ele><time>2026-10-03T14:36:25Z</time></trkpt>
<trkpt lat="37.869581" lon="-121.947033"><ele>426.8</ele><time>2026-10-03T14:36:26Z</time></trkpt>
<trkpt lat="37.869575" lon="-121.946996"><ele>427.0</ele><time>2026-10-03T14:36:27Z</time></trkpt>
<trkpt lat="37.869569" lon="-121.946959"><ele>427.2</ele><time>2026-10-03T14:36:28Z</time></trkpt>
<trkpt lat="37.869562" lon="-121.946922"><ele>427.5</ele><time>2026-10-03T14:36:29Z</time></trkpt>
<trkpt lat="37.869555" lon="-121.946885"><ele>427.7</ele><time>2026-10-03T14:36:30Z</time></trkpt>
<trkpt lat="37.869544" lon="-121.946850"><ele>428.1</ele><time>2026-10-03T14:36:31Z</time></trkpt>
<trkpt lat="37.869532" lon="-121.946815"><ele>428.4</ele><time>2026-10-03T14:36:32Z</time></trkpt>
<trkpt lat="37.869521" lon="-121.946780"><ele>428.8</ele><time>2026-10-03T14:36:33Z</time></trkpt>
<trkpt lat="37.869504" lon="-121.946749"><ele>429.1</ele><time>2026-10-03T14:36:34Z</time></trkpt>
<trkpt lat="37.869487" lon="-121.946718"><ele>429.4</ele><time>2026-10-03T14:36:35Z</time></trkpt>
<trkpt lat="37.869470" lon="-121.946687"><ele>429.7</ele><time>2026-10-03T14:36:36Z</time></trkpt>
<trkpt lat="37.869450" lon="-121.946658"><ele>430.1</ele><time>2026-10-03T14:36:37Z</time></trkpt>
<trkpt lat="37.869431" lon="-121.946630"><ele>430.4</ele><time>2026-10-03T14:36:38Z</time></trkpt>
<trkpt lat="37.869411" lon="-121.946601"><ele>430.8</ele><time>2026-10-03T14:36:39Z</time></trkpt>
<trkpt lat="37.869387" lon="-121.946579"><ele>431.1</ele><time>2026-10-03T14:36:40Z</time></trkpt>
<trkpt lat="37.869362" lon="-121.946557"><ele>431.4</ele><time>2026-10-03T14:36:41Z</time></trkpt>
<trkpt lat="37.869338" lon="-121.946535"><ele>431.7</ele><time>2026-10-03T14:36:42Z</time></trkpt>
<trkpt lat="37.869310" lon="-121.946525"><ele>432.0</ele><time>2026-10-03T14:36:43Z</time></trkpt>
<trkpt lat="37.869281" lon="-121.946514"><ele>432.3</ele><time>2026-10-03T14:36:44Z</time></trkpt>
<trkpt lat="37.869253" lon="-121.946503"><ele>432.6</ele><time>2026-10-03T14:36:45Z</time></trkpt>
<trkpt lat="37.869223" lon="-121.946504"><ele>433.0</ele><time>2026-10-03T14:36:46Z</time></trkpt>
<trkpt lat="37.869193" lon="-121.946504"><ele>433.3</ele><time>2026-10-03T14:36:47Z</time></trkpt>
<trkpt lat="37.869163" lon="-121.946505"><ele>433.7</ele><time>2026-10-03T14:36:48Z</time></trkpt>
<trkpt lat="37.869133" lon="-121.946506"><ele>434.0</ele><time>2026-10-03T14:36:49Z</time></trkpt>
<trkpt lat="37.869104" lon="-121.946508"><ele>434.3</ele><time>2026-10-03T14:36:50Z</time></trkpt>
<trkpt lat="37.869074" lon="-121.946510"><ele>434.6</ele><time>2026-10-03T14:36:51Z</time></trkpt>
<trkpt lat="37.869044" lon="-121.946511"><ele>434.8</ele><time>2026-10-03T14:36:52Z</time></trkpt>
<trkpt lat="37.869014" lon="-121.946512"><ele>435.0</ele><time>2026-10-03T14:36:53Z</time></trkpt>
<trkpt lat="37.868984" lon="-121.946513"><ele>435.2</ele><time>2026-10-03T14:36:54Z</time></trkpt>
<trkpt lat="37.868954" lon="-121.946508"><ele>435.4</ele><time>2026-10-03T14:36:55Z</time></trkpt>
<trkpt lat="37.868925" lon="-121.946503"><ele>435.6</ele><time>2026-10-03T14:36:56Z</time></trkpt>
<trkpt lat="37.868895" lon="-121.946498"><ele>435.8</ele><time>2026-10-03T14:36:57Z</time></trkpt>
<trkpt lat="37.868867" lon="-121.946485"><ele>436.0</ele><time>2026-10-03T14:36:58Z</time></trkpt>
<trkpt lat="37.868839" lon="-121.946471"><ele>436.2</ele><time>2026-10-03T14:36:59Z</time></trkpt>
<trkpt lat="37.868811" lon="-121.946458"><ele>436.4</ele><time>2026-10-03T14:37:00Z</time></trkpt>
<trkpt lat="37.868784" lon="-121.946443"><ele>436.6</ele><time>2026-10-03T14:37:01Z</time></trkpt>
<trkpt lat="37.868756" lon="-121.946427"><ele>436.8</ele><time>2026-10-03T14:37:02Z</time></trkpt>
<trkpt lat="37.868729" lon="-121.946412"><ele>437.0</ele><time>2026-10-03T14:37:03Z</time></trkpt>
<trkpt lat="37.868702" lon="-121.946396"><ele>437.2</ele><time>2026-10-03T14:37:04Z</time></trkpt>
<trkpt lat="37.868675" lon="-121.946380"><ele>437.4</ele><time>2026-10-03T14:37:05Z</time></trkpt>
<trkpt lat="37.868647" lon="-121.946364"><ele>437.7</ele><time>2026-10-03T14:37:06Z</time></trkpt>
<trkpt lat="37.868622" lon="-121.946343"><ele>437.8</ele><time>2026-10-03T14:37:07Z</time></trkpt>
<trkpt lat="37.868597" lon="-121.946323"><ele>438.0</ele><time>2026-10-03T14:37:08Z</time></trkpt>
<trkpt lat="37.868572" lon="-121.946302"><ele>438.2</ele><time>2026-10-03T14:37:09Z</time></trkpt>
<trkpt lat="37.868551" lon="-121.946275"><ele>438.4</ele><time>2026-10-03T14:37:10Z</time></trkpt>
<trkpt lat="37.868530" lon="-121.946249"><ele>438.7</ele><time>2026-10-03T14:37:11Z</time></trkpt>
<trkpt lat="37.868509" lon="-121.946222"><ele>438.9</ele><time>2026-10-03T14:37:12Z</time></trkpt>
<trkpt lat="37.868489" lon="-121.946193"><ele>439.2</ele><time>2026-10-03T14:37:13Z</time></trkpt>
<trkpt lat="37.868470" lon="-121.946164"><ele>439.5</ele><time>2026-10-03T14:37:14Z</time></trkpt>
<trkpt lat="37.868450" lon="-121.946135"><ele>439.7</ele><time>2026-10-03T14:37:15Z</time></trkpt>
<trkpt lat="37.868431" lon="-121.946106"><ele>440.0</ele><time>2026-10-03T14:37:16Z</time></trkpt>
<trkpt lat="37.868412" lon="-121.946077"><ele>440.3</ele><time>2026-10-03T14:37:17Z</time></trkpt>
<trkpt lat="37.868393" lon="-121.946047"><ele>440.6</ele><time>2026-10-03T14:37:18Z</time></trkpt>
<trkpt lat="37.868373" lon="-121.946020"><ele>440.8</ele><time>2026-10-03T14:37:19Z</time></trkpt>
<trkpt lat="37.868352" lon="-121.945993"><ele>441.0</ele><time>2026-10-03T14:37:20Z</time></trkpt>
<trkpt lat="37.868331" lon="-121.945965"><ele>441.2</ele><time>2026-10-03T14:37:21Z</time></trkpt>
<trkpt lat="37.868307" lon="-121.945942"><ele>441.5</ele><time>2026-10-03T14:37:22Z</time></trkpt>
<trkpt lat="37.868284" lon="-121.945919"><ele>441.7</ele><time>2026-10-03T14:37:23Z</time></trkpt>
<trkpt lat="37.868260" lon="-121.945896"><ele>441.9</ele><time>2026-10-03T14:37:24Z</time></trkpt>
<trkpt lat="37.868236" lon="-121.945873"><ele>442.2</ele><time>2026-10-03T14:37:25Z</time></trkpt>
<trkpt lat="37.868213" lon="-121.945849"><ele>442.5</ele><time>2026-10-03T14:37:26Z</time></trkpt>
<trkpt lat="37.868189" lon="-121.945826"><ele>442.7</ele><time>2026-10-03T14:37:27Z</time></trkpt>
<trkpt lat="37.868164" lon="-121.945804"><ele>443.0</ele><time>2026-10-03T14:37:28Z</time></trkpt>
<trkpt lat="37.868140" lon="-121.945782"><ele>443.3</ele><time>2026-10-03T14:37:29Z</time></trkpt>
<trkpt lat="37.868115" lon="-121.945760"><ele>443.6</ele><time>2026-10-03T14:37:30Z</time></trkpt>
<trkpt lat="37.868089" lon="-121.945742"><ele>443.9</ele><time>2026-10-03T14:37:31Z</time></trkpt>
<trkpt lat="37.868063" lon="-121.945724"><ele>444.1</ele><time>2026-10-03T14:37:32Z</time></trkpt>
<trkpt lat="37.868037" lon="-121.945706"><ele>444.4</ele><time>2026-10-03T14:37:33Z</time></trkpt>
<trkpt lat="37.868011" lon="-121.945687"><ele>444.6</ele><time>2026-10-03T14:37:34Z</time></trkpt>
<trkpt lat="37.867984" lon="-121.945668"><ele>444.8</ele><time>2026-10-03T14:37:35Z</time></trkpt>
<trkpt lat="37.867958" lon="-121.945649"><ele>444.9</ele><time>2026-10-03T14:37:36Z</time></trkpt>
<trkpt lat="37.867932" lon="-121.945631"><ele>445.2</ele><time>2026-10-03T14:37:37Z</time></trkpt>
<trkpt lat="37.867906" lon="-121.945612"><ele>445.5</ele><time>2026-10-03T14:37:38Z</time></trkpt>
<trkpt lat="37.867880" lon="-121.945593"><ele>445.7</ele><time>2026-10-03T14:37:39Z</time></trkpt>
<trkpt lat="37.867855" lon="-121.945573"><ele>446.0</ele><time>2026-10-03T14:37:40Z</time></trkpt>
<trkpt lat="37.867830" lon="-121.945553"><ele>446.3</ele><time>2026-10-03T14:37:41Z</time></trkpt>
<trkpt lat="37.867804" lon="-121.945533"><ele>446.6</ele><time>2026-10-03T14:37:42Z</time></trkpt>
<trkpt lat="37.867779" lon="-121.945513"><ele>446.9</ele><time>2026-10-03T14:37:43Z</time></trkpt>
<trkpt lat="37.867753" lon="-121.945493"><ele>447.2</ele><time>2026-10-03T14:37:44Z</time></trkpt>
<trkpt lat="37.867727" lon="-121.945474"><ele>447.5</ele><time>2026-10-03T14:37:45Z</time></trkpt>
<trkpt lat="37.867702" lon="-121.945453"><ele>447.8</ele><time>2026-10-03T14:37:46Z</time></trkpt>
<trkpt lat="37.867677" lon="-121.945433"><ele>448.1</ele><time>2026-10-03T14:37:47Z</time></trkpt>
<trkpt lat="37.867652" lon="-121.945412"><ele>448.4</ele><time>2026-10-03T14:37:48Z</time></trkpt>
<trkpt lat="37.867626" lon="-121.945393"><ele>448.6</ele><time>2026-10-03T14:37:49Z</time></trkpt>
<trkpt lat="37.867601" lon="-121.945373"><ele>448.8</ele><time>2026-10-03T14:37:50Z</time></trkpt>
<trkpt lat="37.867575" lon="-121.945353"><ele>449.1</ele><time>2026-10-03T14:37:51Z</time></trkpt>
<trkpt lat="37.867549" lon="-121.945333"><ele>449.4</ele><time>2026-10-03T14:37:52Z</time></trkpt>
<trkpt lat="37.867524" lon="-121.945313"><ele>449.8</ele><time>2026-10-03T14:37:53Z</time></trkpt>
<trkpt lat="37.867498" lon="-121.945293"><ele>450.1</ele><time>2026-10-03T14:37:54Z</time></trkpt>
<trkpt lat="37.867475" lon="-121.945269"><ele>450.3</ele><time>2026-10-03T14:37:55Z</time></trkpt>
<trkpt lat="37.867452" lon="-121.945246"><ele>450.6</ele><time>2026-10-03T14:37:56Z</time></trkpt>
<trkpt lat="37.867429" lon="-121.945222"><ele>450.8</ele><time>2026-10-03T14:37:57Z</time></trkpt>
<trkpt lat="37.867411" lon="-121.945192"><ele>451.2</ele><time>2026-10-03T14:37:58Z</time></trkpt>
<trkpt lat="37.867392" lon="-121.945162"><ele>451.5</ele><time>2026-10-03T14:37:59Z</time></trkpt>
<trkpt lat="37.867374" lon="-121.945132"><ele>451.9</ele><time>2026-10-03T14:38:00Z</time></trkpt>
<trkpt lat="37.867362" lon="-121.945097"><ele>452.3</ele><time>2026-10-03T14:38:01Z</time></trkpt>
<trkpt lat="37.867350" lon="-121.945063"><ele>452.7</ele><time>2026-10-03T14:38:02Z</time></trkpt>
<trkpt lat="37.867338" lon="-121.945029"><ele>453.1</ele><time>2026-10-03T14:38:03Z</time></trkpt>
<trkpt lat="37.867332" lon="-121.944992"><ele>453.4</ele><time>2026-10-03T14:38:04Z</time></trkpt>
<trkpt lat="37.867326" lon="-121.944955"><ele>453.7</ele><time>2026-10-03T14:38:05Z</time></trkpt>
<trkpt lat="37.867319" lon="-121.944917"><ele>454.1</ele><time>2026-10-03T14:38:06Z</time></trkpt>
<trkpt lat="37.867308" lon="-121.944882"><ele>454.3</ele><time>2026-10-03T14:38:07Z</time></trkpt>
<trkpt lat="37.867298" lon="-121.944847"><ele>454.5</ele><time>2026-10-03T14:38:08Z</time></trkpt>
<trkpt lat="37.867287" lon="-121.944812"><ele>454.7</ele><time>2026-10-03T14:38:09Z</time></trkpt>
<trkpt lat="37.867261" lon="-121.944794"><ele>455.0</ele><time>2026-10-03T14:38:10Z</time></trkpt>
<trkpt lat="37.867236" lon="-121.944776"><ele>455.3</ele><time>2026-10-03T14:38:11Z</time></trkpt>
<trkpt lat="37.867210" lon="-121.944758"><ele>455.7</ele><time>2026-10-03T14:38:12Z</time></trkpt>
<trkpt lat="37.867180" lon="-121.944754"><ele>456.0</ele><time>2026-10-03T14:38:13Z</time></trkpt>
<trkpt lat="37.867151" lon="-121.944749"><ele>456.3</ele><time>2026-10-03T14:38:14Z</time></trkpt>
<trkpt lat="37.867121" lon="-121.944745"><ele>456.6</ele><time>2026-10-03T14:38:15Z</time></trkpt>
<trkpt lat="37.867091" lon="-121.944747"><ele>456.8</ele><time>2026-10-03T14:38:16Z</time></trkpt>
<trkpt lat="37.867061" lon="-121.944748"><ele>456.9</ele><time>2026-10-03T14:38:17Z</time></trkpt>
<trkpt lat="37.867031" lon="-121.944750"><ele>457.1</ele><time>2026-10-03T14:38:18Z</time></trkpt>
<trkpt lat="37.867001" lon="-121.944752"><ele>457.4</ele><time>2026-10-03T14:38:19Z</time></trkpt>
<trkpt lat="37.866971" lon="-121.944755"><ele>457.7</ele><time>2026-10-03T14:38:20Z</time></trkpt>
<trkpt lat="37.866941" lon="-121.944757"><ele>458.0</ele><time>2026-10-03T14:38:21Z</time></trkpt>
<trkpt lat="37.866912" lon="-121.944754"><ele>458.4</ele><time>2026-10-03T14:38:22Z</time></trkpt>
<trkpt lat="37.866882" lon="-121.944751"><ele>458.8</ele><time>2026-10-03T14:38:23Z</time></trkpt>
<trkpt lat="37.866852" lon="-121.944748"><ele>459.2</ele><time>2026-10-03T14:38:24Z</time></trkpt>
<trkpt lat="37.866824" lon="-121.944736"><ele>459.3</ele><time>2026-10-03T14:38:25Z</time></trkpt>
<trkpt lat="37.866795" lon="-121.944725"><ele>459.5</ele><time>2026-10-03T14:38:26Z</time></trkpt>
<trkpt lat="37.866767" lon="-121.944713"><ele>459.7</ele><time>2026-10-03T14:38:27Z</time></trkpt>
<trkpt lat="37.866740" lon="-121.944697"><ele>460.1</ele><time>2026-10-03T14:38:28Z</time></trkpt>
<trkpt lat="37.866713" lon="-121.944680"><ele>460.4</ele><time>2026-10-03T14:38:29Z</time></trkpt>
<trkpt lat="37.866686" lon="-121.944664"><ele>460.7</ele><time>2026-10-03T14:38:30Z</time></trkpt>
<trkpt lat="37.866662" lon="-121.944641"><ele>461.0</ele><time>2026-10-03T14:38:31Z</time></trkpt>
<trkpt lat="37.866637" lon="-121.944619"><ele>461.2</ele><time>2026-10-03T14:38:32Z</time></trkpt>
<trkpt lat="37.866613" lon="-121.944597"><ele>461.4</ele><time>2026-10-03T14:38:33Z</time></trkpt>
<trkpt lat="37.866589" lon="-121.944574"><ele>461.6</ele><time>2026-10-03T14:38:34Z</time></trkpt>
<trkpt lat="37.866565" lon="-121.944551"><ele>461.7</ele><time>2026-10-03T14:38:35Z</time></trkpt>
<trkpt lat="37.866541" lon="-121.944529"><ele>461.9</ele><time>2026-10-03T14:38:36Z</time></trkpt>
<trkpt lat="37.866521" lon="-121.944501"><ele>462.1</ele><time>2026-10-03T14:38:37Z</time></trkpt>
<trkpt lat="37.866500" lon="-121.944473"><ele>462.4</ele><time>2026-10-03T14:38:38Z</time></trkpt>
<trkpt lat="37.866480" lon="-121.944446"><ele>462.7</ele><time>2026-10-03T14:38:39Z</time></trkpt>
<trkpt lat="37.866460" lon="-121.944417"><ele>462.8</ele><time>2026-10-03T14:38:40Z</time></trkpt>
<trkpt lat="37.866441" lon="-121.944388"><ele>463.0</ele><time>2026-10-03T14:38:41Z</time></trkpt>
<trkpt lat="37.866422" lon="-121.944358"><ele>463.1</ele><time>2026-10-03T14:38:42Z</time></trkpt>
<trkpt lat="37.866404" lon="-121.944328"><ele>463.3</ele><time>2026-10-03T14:38:43Z</time></trkpt>
<trkpt lat="37.866385" lon="-121.944298"><ele>463.4</ele><time>2026-10-03T14:38:44Z</time></trkpt>
<trkpt lat="37.866367" lon="-121.944268"><ele>463.6</ele><time>2026-10-03T14:38:45Z</time></trkpt>
<trkpt lat="37.866347" lon="-121.944240"><ele>463.8</ele><time>2026-10-03T14:38:46Z</time></trkpt>
<trkpt lat="37.866328" lon="-121.944211"><ele>463.9</ele><time>2026-10-03T14:38:47Z</time></trkpt>
<trkpt lat="37.866308" lon="-121.944182"><ele>464.1</ele><time>2026-10-03T14:38:48Z</time></trkpt>
<trkpt lat="37.866287" lon="-121.944155"><ele>464.2</ele><time>2026-10-03T14:38:49Z</time></trkpt>
<trkpt lat="37.866266" lon="-121.944129"><ele>464.4</ele><time>2026-10-03T14:38:50Z</time></trkpt>
<trkpt lat="37.866244" lon="-121.944102"><ele>464.6</ele><time>2026-10-03T14:38:51Z</time></trkpt>
<trkpt lat="37.866220" lon="-121.944081"><ele>464.8</ele><time>2026-10-03T14:38:52Z</time></trkpt>
<trkpt lat="37.866195" lon="-121.944060"><ele>465.0</ele><time>2026-10-03T14:38:53Z</time></trkpt>
<trkpt lat="37.866170" lon="-121.944039"><ele>465.3</ele><time>2026-10-03T14:38:54Z</time></trkpt>
<trkpt lat="37.866142" lon="-121.944027"><ele>465.5</ele><time>2026-10-03T14:38:55Z</time></trkpt>
<trkpt lat="37.866113" lon="-121.944014"><ele>465.8</ele><time>2026-10-03T14:38:56Z</time></trkpt>
<trkpt lat="37.866085" lon="-121.944002"><ele>466.1</ele><time>2026-10-03T14:38:57Z</time></trkpt>
<trkpt lat="37.866056" lon="-121.943995"><ele>466.3</ele><time>2026-10-03T14:38:58Z</time></trkpt>
<trkpt lat="37.866026" lon="-121.943987"><ele>466.4</ele><time>2026-10-03T14:38:59Z</time></trkpt>
<trkpt lat="37.865997" lon="-121.943980"><ele>466.6</ele><time>2026-10-03T14:39:00Z</time></trkpt>
<trkpt lat="37.865968" lon="-121.943973"><ele>466.9</ele><time>2026-10-03T14:39:01Z</time></trkpt>
<trkpt lat="37.865938" lon="-121.943966"><ele>467.1</ele><time>2026-10-03T14:39:02Z</time></trkpt>
<trkpt lat="37.865909" lon="-121.943959"><ele>467.3</ele><time>2026-10-03T14:39:03Z</time></trkpt>
<trkpt lat="37.865883" lon="-121.943941"><ele>467.6</ele><time>2026-10-03T14:39:04Z</time></trkpt>
<trkpt lat="37.865857" lon="-121.943923"><ele>467.9</ele><time>2026-10-03T14:39:05Z</time></trkpt>
<trkpt lat="37.865831" lon="-121.943904"><ele>468.2</ele><time>2026-10-03T14:39:06Z</time></trkpt>
<trkpt lat="37.865818" lon="-121.943871"><ele>468.5</ele><time>2026-10-03T14:39:07Z</time></trkpt>
<trkpt lat="37.865805" lon="-121.943837"><ele>468.8</ele><time>2026-10-03T14:39:08Z</time></trkpt>
<trkpt lat="37.865792" lon="-121.943804"><ele>469.1</ele><time>2026-10-03T14:39:09Z</time></trkpt>
<trkpt lat="37.865794" lon="-121.943767"><ele>469.3</ele><time>2026-10-03T14:39:10Z</time></trkpt>
<trkpt lat="37.865797" lon="-121.943729"><ele>469.5</ele><time>2026-10-03T14:39:11Z</time></trkpt>
<trkpt lat="37.865800" lon="-121.943692"><ele>469.8</ele><time>2026-10-03T14:39:12Z</time></trkpt>
<trkpt lat="37.865813" lon="-121.943658"><ele>469.9</ele><time>2026-10-03T14:39:13Z</time></trkpt>
<trkpt lat="37.865826" lon="-121.943624"><ele>470.1</ele><time>2026-10-03T14:39:14Z</time></trkpt>
<trkpt lat="37.865839" lon="-121.943590"><ele>470.2</ele><time>2026-10-03T14:39:15Z</time></trkpt>
<trkpt lat="37.865854" lon="-121.943557"><ele>470.5</ele><time>2026-10-03T14:39:16Z</time></trkpt>
<trkpt lat="37.865868" lon="-121.943524"><ele>470.7</ele><time>2026-10-03T14:39:17Z</time></trkpt>
<trkpt lat="37.865883" lon="-121.943490"><ele>471.0</ele><time>2026-10-03T14:39:18Z</time></trkpt>
<trkpt lat="37.865896" lon="-121.943457"><ele>471.2</ele><time>2026-10-03T14:39:19Z</time></trkpt>
<trkpt lat="37.865910" lon="-121.943423"><ele>471.4</ele><time>2026-10-03T14:39:20Z</time></trkpt>
<trkpt lat="37.865924" lon="-121.943389"><ele>471.6</ele><time>2026-10-03T14:39:21Z</time></trkpt>
<trkpt lat="37.865940" lon="-121.943357"><ele>471.8</ele><time>2026-10-03T14:39:22Z</time></trkpt>
<trkpt lat="37.865956" lon="-121.943325"><ele>471.9</ele><time>2026-10-03T14:39:23Z</time></trkpt>
<trkpt lat="37.865972" lon="-121.943293"><ele>472.1</ele><time>2026-10-03T14:39:24Z</time></trkpt>
<trkpt lat="37.865987" lon="-121.943260"><ele>472.3</ele><time>2026-10-03T14:39:25Z</time></trkpt>
<trkpt lat="37.866002" lon="-121.943227"><ele>472.6</ele><time>2026-10-03T14:39:26Z</time></trkpt>
<trkpt lat="37.866017" lon="-121.943194"><ele>472.8</ele><time>2026-10-03T14:39:27Z</time></trkpt>
<trkpt lat="37.866033" lon="-121.943162"><ele>472.9</ele><time>2026-10-03T14:39:28Z</time></trkpt>
<trkpt lat="37.866049" lon="-121.943130"><ele>473.0</ele><time>2026-10-03T14:39:29Z</time></trkpt>
<trkpt lat="37.866065" lon="-121.943098"><ele>473.1</ele><time>2026-10-03T14:39:30Z</time></trkpt>
<trkpt lat="37.866083" lon="-121.943068"><ele>473.3</ele><time>2026-10-03T14:39:31Z</time></trkpt>
<trkpt lat="37.866101" lon="-121.943038"><ele>473.6</ele><time>2026-10-03T14:39:32Z</time></trkpt>
<trkpt lat="37.866120" lon="-121.943008"><ele>473.8</ele><time>2026-10-03T14:39:33Z</time></trkpt>
<trkpt lat="37.866141" lon="-121.942982"><ele>473.9</ele><time>2026-10-03T14:39:34Z</time></trkpt>
<trkpt lat="37.866163" lon="-121.942956"><ele>474.1</ele><time>2026-10-03T14:39:35Z</time></trkpt>
<trkpt lat="37.866184" lon="-121.942930"><ele>474.2</ele><time>2026-10-03T14:39:36Z</time></trkpt>
<trkpt lat="37.866213" lon="-121.942920"><ele>474.3</ele><time>2026-10-03T14:39:37Z</time></trkpt>
<trkpt lat="37.866241" lon="-121.942910"><ele>474.5</ele><time>2026-10-03T14:39:38Z</time></trkpt>
<trkpt lat="37.866270" lon="-121.942900"><ele>474.6</ele><time>2026-10-03T14:39:39Z</time></trkpt>
<trkpt lat="37.866298" lon="-121.942910"><ele>474.7</ele><time>2026-10-03T14:39:40Z</time></trkpt>
<trkpt lat="37.866327" lon="-121.942920"><ele>474.9</ele><time>2026-10-03T14:39:41Z</time></trkpt>
<trkpt lat="37.866356" lon="-121.942930"><ele>475.0</ele><time>2026-10-03T14:39:42Z</time></trkpt>
<trkpt lat="37.866381" lon="-121.942950"><ele>475.1</ele><time>2026-10-03T14:39:43Z</time></trkpt>
<trkpt lat="37.866406" lon="-121.942971"><ele>475.2</ele><time>2026-10-03T14:39:44Z</time></trkpt>
<trkpt lat="37.866432" lon="-121.942991"><ele>475.4</ele><time>2026-10-03T14:39:45Z</time></trkpt>
<trkpt lat="37.866456" lon="-121.943013"><ele>475.6</ele><time>2026-10-03T14:39:46Z</time></trkpt>
<trkpt lat="37.866480" lon="-121.943035"><ele>475.8</ele><time>2026-10-03T14:39:47Z</time></trkpt>
<trkpt lat="37.866505" lon="-121.943057"><ele>476.1</ele><time>2026-10-03T14:39:48Z</time></trkpt>
<trkpt lat="37.866529" lon="-121.943080"><ele>476.3</ele><time>2026-10-03T14:39:49Z</time></trkpt>
<trkpt lat="37.866553" lon="-121.943103"><ele>476.6</ele><time>2026-10-03T14:39:50Z</time></trkpt>
<trkpt lat="37.866577" lon="-121.943125"><ele>476.8</ele><time>2026-10-03T14:39:51Z</time></trkpt>
<trkpt lat="37.866603" lon="-121.943144"><ele>477.0</ele><time>2026-10-03T14:39:52Z</time></trkpt>
<trkpt lat="37.866629" lon="-121.943162"><ele>477.1</ele><time>2026-10-03T14:39:53Z</time></trkpt>
<trkpt lat="37.866655" lon="-121.943181"><ele>477.3</ele><time>2026-10-03T14:39:54Z</time></trkpt>
<trkpt lat="37.866682" lon="-121.943196"><ele>477.5</ele><time>2026-10-03T14:39:55Z</time></trkpt>
<trkpt lat="37.866710" lon="-121.943211"><ele>477.7</ele><time>2026-10-03T14:39:56Z</time></trkpt>
<trkpt lat="37.866738" lon="-121.943226"><ele>477.9</ele><time>2026-10-03T14:39:57Z</time></trkpt>
<trkpt lat="37.866765" lon="-121.943240"><ele>478.0</ele><time>2026-10-03T14:39:58Z</time></trkpt>
<trkpt lat="37.866793" lon="-121.943254"><ele>478.2</ele><time>2026-10-03T14:39:59Z</time></trkpt>
<trkpt lat="37.866821" lon="-121.943268"><ele>478.4</ele><time>2026-10-03T14:40:00Z</time></trkpt>
<trkpt lat="37.866850" lon="-121.943278"><ele>478.6</ele><time>2026-10-03T14:40:01Z</time></trkpt>
<trkpt lat="37.866879" lon="-121.943288"><ele>478.9</ele><time>2026-10-03T14:40:02Z</time></trkpt>
<trkpt lat="37.866908" lon="-121.943298"><ele>479.1</ele><time>2026-10-03T14:40:03Z</time></trkpt>
<trkpt lat="37.866937" lon="-121.943306"><ele>479.3</ele><time>2026-10-03T14:40:04Z</time></trkpt>
<trkpt lat="37.866966" lon="-121.943313"><ele>479.5</ele><time>2026-10-03T14:40:05Z</time></trkpt>
<trkpt lat="37.866995" lon="-121.943321"><ele>479.7</ele><time>2026-10-03T14:40:06Z</time></trkpt>
<trkpt lat="37.867025" lon="-121.943316"><ele>479.9</ele><time>2026-10-03T14:40:07Z</time></trkpt>
<trkpt lat="37.867055" lon="-121.943312"><ele>480.1</ele><time>2026-10-03T14:40:08Z</time></trkpt>
<trkpt lat="37.867084" lon="-121.943307"><ele>480.3</ele><time>2026-10-03T14:40:09Z</time></trkpt>
<trkpt lat="37.867110" lon="-121.943288"><ele>480.6</ele><time>2026-10-03T14:40:10Z</time></trkpt>
<trkpt lat="37.867135" lon="-121.943269"><ele>480.9</ele><time>2026-10-03T14:40:11Z</time></trkpt>
<trkpt lat="37.867160" lon="-121.943250"><ele>481.1</ele><time>2026-10-03T14:40:12Z</time></trkpt>
<trkpt lat="37.867178" lon="-121.943221"><ele>481.4</ele><time>2026-10-03T14:40:13Z</time></trkpt>
<trkpt lat="37.867197" lon="-121.943191"><ele>481.7</ele><time>2026-10-03T14:40:14Z</time></trkpt>
<trkpt lat="37.867215" lon="-121.943161"><ele>482.0</ele><time>2026-10-03T14:40:15Z</time></trkpt>
<trkpt lat="37.867232" lon="-121.943130"><ele>482.2</ele><time>2026-10-03T14:40:16Z</time></trkpt>
<trkpt lat="37.867250" lon="-121.943099"><ele>482.5</ele><time>2026-10-03T14:40:17Z</time></trkpt>
<trkpt lat="37.867267" lon="-121.943068"><ele>482.7</ele><time>2026-10-03T14:40:18Z</time></trkpt>
<trkpt lat="37.867284" lon="-121.943037"><ele>483.1</ele><time>2026-10-03T14:40:19Z</time></trkpt>
<trkpt lat="37.867301" lon="-121.943006"><ele>483.4</ele><time>2026-10-03T14:40:20Z</time></trkpt>
<trkpt lat="37.867319" lon="-121.942975"><ele>483.7</ele><time>2026-10-03T14:40:21Z</time></trkpt>
<trkpt lat="37.867339" lon="-121.942947"><ele>483.9</ele><time>2026-10-03T14:40:22Z</time></trkpt>
<trkpt lat="37.867360" lon="-121.942920"><ele>484.2</ele><time>2026-10-03T14:40:23Z</time></trkpt>
<trkpt lat="37.867380" lon="-121.942892"><ele>484.4</ele><time>2026-10-03T14:40:24Z</time></trkpt>
<trkpt lat="37.867401" lon="-121.942865"><ele>484.7</ele><time>2026-10-03T14:40:25Z</time></trkpt>
<trkpt lat="37.867422" lon="-121.942837"><ele>485.0</ele><time>2026-10-03T14:40:26Z</time></trkpt>
<trkpt lat="37.867442" lon="-121.942810"><ele>485.3</ele><time>2026-10-03T14:40:27Z</time></trkpt>
<trkpt lat="37.867460" lon="-121.942780"><ele>485.5</ele><time>2026-10-03T14:40:28Z</time></trkpt>
<trkpt lat="37.867478" lon="-121.942750"><ele>485.7</ele><time>2026-10-03T14:40:29Z</time></trkpt>
<trkpt lat="37.867497" lon="-121.942719"><ele>486.0</ele><time>2026-10-03T14:40:30Z</time></trkpt>
<trkpt lat="37.867521" lon="-121.942698"><ele>486.2</ele><time>2026-10-03T14:40:31Z</time></trkpt>
<trkpt lat="37.867545" lon="-121.942676"><ele>486.4</ele><time>2026-10-03T14:40:32Z</time></trkpt>
<trkpt lat="37.867570" lon="-121.942654"><ele>486.6</ele><time>2026-10-03T14:40:33Z</time></trkpt>
<trkpt lat="37.867599" lon="-121.942650"><ele>486.8</ele><time>2026-10-03T14:40:34Z</time></trkpt>
<trkpt lat="37.867628" lon="-121.942645"><ele>486.9</ele><time>2026-10-03T14:40:35Z</time></trkpt>
<trkpt lat="37.867658" lon="-121.942640"><ele>487.1</ele><time>2026-10-03T14:40:36Z</time></trkpt>
<trkpt lat="37.867685" lon="-121.942653"><ele>487.3</ele><time>2026-10-03T14:40:37Z</time></trkpt>
<trkpt lat="37.867713" lon="-121.942666"><ele>487.5</ele><time>2026-10-03T14:40:38Z</time></trkpt>
<trkpt lat="37.867741" lon="-121.942679"><ele>487.7</ele><time>2026-10-03T14:40:39Z</time></trkpt>
<trkpt lat="37.867761" lon="-121.942707"><ele>488.0</ele><time>2026-10-03T14:40:40Z</time></trkpt>
<trkpt lat="37.867780" lon="-121.942736"><ele>488.2</ele><time>2026-10-03T14:40:41Z</time></trkpt>
<trkpt lat="37.867800" lon="-121.942764"><ele>488.4</ele><time>2026-10-03T14:40:42Z</time></trkpt>
<trkpt lat="37.867811" lon="-121.942799"><ele>488.6</ele><time>2026-10-03T14:40:43Z</time></trkpt>
<trkpt lat="37.867822" lon="-121.942834"><ele>488.8</ele><time>2026-10-03T14:40:44Z</time></trkpt>
<trkpt lat="37.867833" lon="-121.942869"><ele>489.0</ele><time>2026-10-03T14:40:45Z</time></trkpt>
<trkpt lat="37.867838" lon="-121.942906"><ele>489.1</ele><time>2026-10-03T14:40:46Z</time></trkpt>
<trkpt lat="37.867842" lon="-121.942944"><ele>489.1</ele><time>2026-10-03T14:40:47Z</time></trkpt>
<trkpt lat="37.867846" lon="-121.942981"><ele>489.2</ele><time>2026-10-03T14:40:48Z</time></trkpt>
<trkpt lat="37.867853" lon="-121.943018"><ele>489.4</ele><time>2026-10-03T14:40:49Z</time></trkpt>
<trkpt lat="37.867860" lon="-121.943055"><ele>489.6</ele><time>2026-10-03T14:40:50Z</time></trkpt>
<trkpt lat="37.867866" lon="-121.943092"><ele>489.9</ele><time>2026-10-03T14:40:51Z</time></trkpt>
<trkpt lat="37.867879" lon="-121.943126"><ele>490.0</ele><time>2026-10-03T14:40:52Z</time></trkpt>
<trkpt lat="37.867892" lon="-121.943160"><ele>490.1</ele><time>2026-10-03T14:40:53Z</time></trkpt>
<trkpt lat="37.867905" lon="-121.943194"><ele>490.2</ele><time>2026-10-03T14:40:54Z</time></trkpt>
<trkpt lat="37.867919" lon="-121.943228"><ele>490.3</ele><time>2026-10-03T14:40:55Z</time></trkpt>
<trkpt lat="37.867933" lon="-121.943261"><ele>490.5</ele><time>2026-10-03T14:40:56Z</time></trkpt>
<trkpt lat="37.867947" lon="-121.943295"><ele>490.6</ele><time>2026-10-03T14:40:57Z</time></trkpt>
<trkpt lat="37.867965" lon="-121.943326"><ele>490.8</ele><time>2026-10-03T14:40:58Z</time></trkpt>
<trkpt lat="37.867982" lon="-121.943357"><ele>491.0</ele><time>2026-10-03T14:40:59Z</time></trkpt>
<trkpt lat="37.867999" lon="-121.943388"><ele>491.2</ele><time>2026-10-03T14:41:00Z</time></trkpt>
<trkpt lat="37.868020" lon="-121.943415"><ele>491.3</ele><time>2026-10-03T14:41:01Z</time></trkpt>
<trkpt lat="37.868042" lon="-121.943441"><ele>491.3</ele><time>2026-10-03T14:41:02Z</time></trkpt>
<trkpt lat="37.868063" lon="-121.943468"><ele>491.4</ele><time>2026-10-03T14:41:03Z</time></trkpt>
<trkpt lat="37.868087" lon="-121.943490"><ele>491.6</ele><time>2026-10-03T14:41:04Z</time></trkpt>
<trkpt lat="37.868112" lon="-121.943512"><ele>491.8</ele><time>2026-10-03T14:41:05Z</time></trkpt>
<trkpt lat="37.868136" lon="-121.943533"><ele>492.0</ele><time>2026-10-03T14:41:06Z</time></trkpt>
<trkpt lat="37.868161" lon="-121.943555"><ele>492.1</ele><time>2026-10-03T14:41:07Z</time></trkpt>
<trkpt lat="37.868186" lon="-121.943577"><ele>492.3</ele><time>2026-10-03T14:41:08Z</time></trkpt>
<trkpt lat="37.868210" lon="-121.943599"><ele>492.4</ele><time>2026-10-03T14:41:09Z</time></trkpt>
<trkpt lat="37.868235" lon="-121.943620"><ele>492.6</ele><time>2026-10-03T14:41:10Z</time></trkpt>
<trkpt lat="37.868259" lon="-121.943642"><ele>492.7</ele><time>2026-10-03T14:41:11Z</time></trkpt>
<trkpt lat="37.868284" lon="-121.943663"><ele>492.9</ele><time>2026-10-03T14:41:12Z</time></trkpt>
<trkpt lat="37.868308" lon="-121.943687"><ele>493.1</ele><time>2026-10-03T14:41:13Z</time></trkpt>
<trkpt lat="37.868331" lon="-121.943710"><ele>493.2</ele><time>2026-10-03T14:41:14Z</time></trkpt>
<trkpt lat="37.868355" lon="-121.943734"><ele>493.4</ele><time>2026-10-03T14:41:15Z</time></trkpt>
<trkpt lat="37.868378" lon="-121.943758"><ele>493.7</ele><time>2026-10-03T14:41:16Z</time></trkpt>
<trkpt lat="37.868401" lon="-121.943782"><ele>493.9</ele><time>2026-10-03T14:41:17Z</time></trkpt>
<trkpt lat="37.868424" lon="-121.943806"><ele>494.2</ele><time>2026-10-03T14:41:18Z</time></trkpt>
<trkpt lat="37.868449" lon="-121.943828"><ele>494.4</ele><time>2026-10-03T14:41:19Z</time></trkpt>
<trkpt lat="37.868473" lon="-121.943850"><ele>494.6</ele><time>2026-10-03T14:41:20Z</time></trkpt>
<trkpt lat="37.868497" lon="-121.943872"><ele>494.8</ele><time>2026-10-03T14:41:21Z</time></trkpt>
<trkpt lat="37.868523" lon="-121.943893"><ele>494.9</ele><time>2026-10-03T14:41:22Z</time></trkpt>
<trkpt lat="37.868548" lon="-121.943913"><ele>495.1</ele><time>2026-10-03T14:41:23Z</time></trkpt>
<trkpt lat="37.868573" lon="-121.943933"><ele>495.2</ele><time>2026-10-03T14:41:24Z</time></trkpt>
<trkpt lat="37.868600" lon="-121.943951"><ele>495.5</ele><time>2026-10-03T14:41:25Z</time></trkpt>
<trkpt lat="37.868626" lon="-121.943968"><ele>495.7</ele><time>2026-10-03T14:41:26Z</time></trkpt>
<trkpt lat="37.868653" lon="-121.943986"><ele>496.0</ele><time>2026-10-03T14:41:27Z</time></trkpt>
<trkpt lat="37.868682" lon="-121.943995"><ele>496.3</ele><time>2026-10-03T14:41:28Z</time></trkpt>
<trkpt lat="37.868711" lon="-121.944005"><ele>496.6</ele><time>2026-10-03T14:41:29Z</time></trkpt>
<trkpt lat="37.868740" lon="-121.944014"><ele>496.9</ele><time>2026-10-03T14:41:30Z</time></trkpt>
<trkpt lat="37.868770" lon="-121.944016"><ele>497.2</ele><time>2026-10-03T14:41:31Z</time></trkpt>
<trkpt lat="37.868799" lon="-121.944019"><ele>497.5</ele><time>2026-10-03T14:41:32Z</time></trkpt>
<trkpt lat="37.868829" lon="-121.944021"><ele>497.7</ele><time>2026-10-03T14:41:33Z</time></trkpt>
<trkpt lat="37.868859" lon="-121.944024"><ele>498.0</ele><time>2026-10-03T14:41:34Z</time></trkpt>
<trkpt lat="37.868889" lon="-121.944026"><ele>498.3</ele><time>2026-10-03T14:41:35Z</time></trkpt>
<trkpt lat="37.868919" lon="-121.944028"><ele>498.6</ele><time>2026-10-03T14:41:36Z</time></trkpt>
<trkpt lat="37.868949" lon="-121.944030"><ele>498.8</ele><time>2026-10-03T14:41:37Z</time></trkpt>
<trkpt lat="37.868979" lon="-121.944032"><ele>499.0</ele><time>2026-10-03T14:41:38Z</time></trkpt>
<trkpt lat="37.869009" lon="-121.944033"><ele>499.3</ele><time>2026-10-03T14:41:39Z</time></trkpt>
<trkpt lat="37.869039" lon="-121.944037"><ele>499.4</ele><time>2026-10-03T14:41:40Z</time></trkpt>
<trkpt lat="37.869068" lon="-121.944041"><ele>499.6</ele><time>2026-10-03T14:41:41Z</time></trkpt>
<trkpt lat="37.869098" lon="-121.944045"><ele>499.8</ele><time>2026-10-03T14:41:42Z</time></trkpt>
<trkpt lat="37.869128" lon="-121.944052"><ele>500.1</ele><time>2026-10-03T14:41:43Z</time></trkpt>
<trkpt lat="37.869157" lon="-121.944058"><ele>500.4</ele><time>2026-10-03T14:41:44Z</time></trkpt>
<trkpt lat="37.869187" lon="-121.944065"><ele>500.7</ele><time>2026-10-03T14:41:45Z</time></trkpt>
<trkpt lat="37.869216" lon="-121.944071"><ele>500.9</ele><time>2026-10-03T14:41:46Z</time></trkpt>
<trkpt lat="37.869246" lon="-121.944078"><ele>501.1</ele><time>2026-10-03T14:41:47Z</time></trkpt>
<trkpt lat="37.869275" lon="-121.944084"><ele>501.2</ele><time>2026-10-03T14:41:48Z</time></trkpt>
<trkpt lat="37.869305" lon="-121.944088"><ele>501.5</ele><time>2026-10-03T14:41:49Z</time></trkpt>
<trkpt lat="37.869335" lon="-121.944092"><ele>501.7</ele><time>2026-10-03T14:41:50Z</time></trkpt>
<trkpt lat="37.869365" lon="-121.944096"><ele>501.9</ele><time>2026-10-03T14:41:51Z</time></trkpt>
<trkpt lat="37.869394" lon="-121.944092"><ele>502.1</ele><time>2026-10-03T14:41:52Z</time></trkpt>
<trkpt lat="37.869424" lon="-121.944089"><ele>502.3</ele><time>2026-10-03T14:41:53Z</time></trkpt>
<trkpt lat="37.869453" lon="-121.944085"><ele>502.6</ele><time>2026-10-03T14:41:54Z</time></trkpt>
<trkpt lat="37.869479" lon="-121.944066"><ele>502.8</ele><time>2026-10-03T14:41:55Z</time></trkpt>
<trkpt lat="37.869505" lon="-121.944048"><ele>503.1</ele><time>2026-10-03T14:41:56Z</time></trkpt>
<trkpt lat="37.869530" lon="-121.944029"><ele>503.4</ele><time>2026-10-03T14:41:57Z</time></trkpt>
<trkpt lat="37.869549" lon="-121.943979"><ele>503.8</ele><time>2026-10-03T14:41:58Z</time></trkpt>
<trkpt lat="37.869567" lon="-121.943928"><ele>504.3</ele><time>2026-10-03T14:41:59Z</time></trkpt>
<trkpt lat="37.869557" lon="-121.943893"><ele>504.5</ele><time>2026-10-03T14:42:00Z</time></trkpt>
<trkpt lat="37.869548" lon="-121.943857"><ele>504.6</ele><time>2026-10-03T14:42:01Z</time></trkpt>
<trkpt lat="37.869538" lon="-121.943822"><ele>504.8</ele><time>2026-10-03T14:42:02Z</time></trkpt>
<trkpt lat="37.869519" lon="-121.943793"><ele>505.1</ele><time>2026-10-03T14:42:03Z</time></trkpt>
<trkpt lat="37.869500" lon="-121.943764"><ele>505.3</ele><time>2026-10-03T14:42:04Z</time></trkpt>
<trkpt lat="37.869481" lon="-121.943735"><ele>505.6</ele><time>2026-10-03T14:42:05Z</time></trkpt>
<trkpt lat="37.869458" lon="-121.943711"><ele>505.7</ele><time>2026-10-03T14:42:06Z</time></trkpt>
<trkpt lat="37.869435" lon="-121.943686"><ele>505.8</ele><time>2026-10-03T14:42:07Z</time></trkpt>
<trkpt lat="37.869412" lon="-121.943662"><ele>506.0</ele><time>2026-10-03T14:42:08Z</time></trkpt>
<trkpt lat="37.869387" lon="-121.943642"><ele>506.2</ele><time>2026-10-03T14:42:09Z</time></trkpt>
<trkpt lat="37.869361" lon="-121.943623"><ele>506.5</ele><time>2026-10-03T14:42:10Z</time></trkpt>
<trkpt lat="37.869335" lon="-121.943603"><ele>506.8</ele><time>2026-10-03T14:42:11Z</time></trkpt>
<trkpt lat="37.869311" lon="-121.943582"><ele>507.0</ele><time>2026-10-03T14:42:12Z</time></trkpt>
<trkpt lat="37.869286" lon="-121.943561"><ele>507.2</ele><time>2026-10-03T14:42:13Z</time></trkpt>
<trkpt lat="37.869261" lon="-121.943540"><ele>507.4</ele><time>2026-10-03T14:42:14Z</time></trkpt>
<trkpt lat="37.869236" lon="-121.943519"><ele>507.6</ele><time>2026-10-03T14:42:15Z</time></trkpt>
<trkpt lat="37.869210" lon="-121.943499"><ele>507.8</ele><time>2026-10-03T14:42:16Z</time></trkpt>
<trkpt lat="37.869185" lon="-121.943478"><ele>508.0</ele><time>2026-10-03T14:42:17Z</time></trkpt>
<trkpt lat="37.869160" lon="-121.943458"><ele>508.2</ele><time>2026-10-03T14:42:18Z</time></trkpt>
<trkpt lat="37.869135" lon="-121.943437"><ele>508.4</ele><time>2026-10-03T14:42:19Z</time></trkpt>
<trkpt lat="37.869110" lon="-121.943416"><ele>508.6</ele><time>2026-10-03T14:42:20Z</time></trkpt>
<trkpt lat="37.869085" lon="-121.943395"><ele>508.8</ele><time>2026-10-03T14:42:21Z</time></trkpt>
<trkpt lat="37.869060" lon="-121.943374"><ele>509.0</ele><time>2026-10-03T14:42:22Z</time></trkpt>
<trkpt lat="37.869036" lon="-121.943353"><ele>509.2</ele><time>2026-10-03T14:42:23Z</time></trkpt>
<trkpt lat="37.869011" lon="-121.943332"><ele>509.4</ele><time>2026-10-03T14:42:24Z</time></trkpt>
<trkpt lat="37.868985" lon="-121.943311"><ele>509.7</ele><time>2026-10-03T14:42:25Z</time></trkpt>
<trkpt lat="37.868960" lon="-121.943290"><ele>509.9</ele><time>2026-10-03T14:42:26Z</time></trkpt>
<trkpt lat="37.868938" lon="-121.943265"><ele>510.1</ele><time>2026-10-03T14:42:27Z</time></trkpt>
<trkpt lat="37.868916" lon="-121.943239"><ele>510.2</ele><time>2026-10-03T14:42:28Z</time></trkpt>
<trkpt lat="37.868894" lon="-121.943214"><ele>510.4</ele><time>2026-10-03T14:42:29Z</time></trkpt>
<trkpt lat="37.868873" lon="-121.943187"><ele>510.6</ele><time>2026-10-03T14:42:30Z</time></trkpt>
<trkpt lat="37.868852" lon="-121.943159"><ele>510.9</ele><time>2026-10-03T14:42:31Z</time></trkpt>
<trkpt lat="37.868831" lon="-121.943132"><ele>511.2</ele><time>2026-10-03T14:42:32Z</time></trkpt>
<trkpt lat="37.868815" lon="-121.943101"><ele>511.4</ele><time>2026-10-03T14:42:33Z</time></trkpt>
<trkpt lat="37.868799" lon="-121.943069"><ele>511.7</ele><time>2026-10-03T14:42:34Z</time></trkpt>
<trkpt lat="37.868782" lon="-121.943037"><ele>511.9</ele><time>2026-10-03T14:42:35Z</time></trkpt>
<trkpt lat="37.868771" lon="-121.943002"><ele>512.1</ele><time>2026-10-03T14:42:36Z</time></trkpt>
<trkpt lat="37.868760" lon="-121.942967"><ele>512.3</ele><time>2026-10-03T14:42:37Z</time></trkpt>
<trkpt lat="37.868749" lon="-121.942932"><ele>512.5</ele><time>2026-10-03T14:42:38Z</time></trkpt>
<trkpt lat="37.868741" lon="-121.942895"><ele>512.8</ele><time>2026-10-03T14:42:39Z</time></trkpt>
<trkpt lat="37.868734" lon="-121.942859"><ele>513.0</ele><time>2026-10-03T14:42:40Z</time></trkpt>
<trkpt lat="37.868726" lon="-121.942822"><ele>513.3</ele><time>2026-10-03T14:42:41Z</time></trkpt>
<trkpt lat="37.868725" lon="-121.942784"><ele>513.5</ele><time>2026-10-03T14:42:42Z</time></trkpt>
<trkpt lat="37.868724" lon="-121.942746"><ele>513.7</ele><time>2026-10-03T14:42:43Z</time></trkpt>
<trkpt lat="37.868723" lon="-121.942708"><ele>513.9</ele><time>2026-10-03T14:42:44Z</time></trkpt>
<trkpt lat="37.868723" lon="-121.942670"><ele>514.2</ele><time>2026-10-03T14:42:45Z</time></trkpt>
<trkpt lat="37.868722" lon="-121.942632"><ele>514.4</ele><time>2026-10-03T14:42:46Z</time></trkpt>
<trkpt lat="37.868722" lon="-121.942595"><ele>514.7</ele><time>2026-10-03T14:42:47Z</time></trkpt>
<trkpt lat="37.868724" lon="-121.942557"><ele>514.8</ele><time>2026-10-03T14:42:48Z</time></trkpt>
<trkpt lat="37.868727" lon="-121.942519"><ele>515.0</ele><time>2026-10-03T14:42:49Z</time></trkpt>
<trkpt lat="37.868730" lon="-121.942481"><ele>515.2</ele><time>2026-10-03T14:42:50Z</time></trkpt>
<trkpt lat="37.868733" lon="-121.942444"><ele>515.3</ele><time>2026-10-03T14:42:51Z</time></trkpt>
<trkpt lat="37.868736" lon="-121.942406"><ele>515.4</ele><time>2026-10-03T14:42:52Z</time></trkpt>
<trkpt lat="37.868739" lon="-121.942368"><ele>515.5</ele><time>2026-10-03T14:42:53Z</time></trkpt>
<trkpt lat="37.868738" lon="-121.942330"><ele>515.7</ele><time>2026-10-03T14:42:54Z</time></trkpt>
<trkpt lat="37.868738" lon="-121.942292"><ele>515.8</ele><time>2026-10-03T14:42:55Z</time></trkpt>
<trkpt lat="37.868738" lon="-121.942254"><ele>516.0</ele><time>2026-10-03T14:42:56Z</time></trkpt>
<trkpt lat="37.868731" lon="-121.942217"><ele>516.1</ele><time>2026-10-03T14:42:57Z</time></trkpt>
<trkpt lat="37.868724" lon="-121.942180"><ele>516.1</ele><time>2026-10-03T14:42:58Z</time></trkpt>
<trkpt lat="37.868718" lon="-121.942143"><ele>516.2</ele><time>2026-10-03T14:42:59Z</time></trkpt>
<trkpt lat="37.868705" lon="-121.942109"><ele>516.4</ele><time>2026-10-03T14:43:00Z</time></trkpt>
<trkpt lat="37.868693" lon="-121.942074"><ele>516.5</ele><time>2026-10-03T14:43:01Z</time></trkpt>
<trkpt lat="37.868681" lon="-121.942040"><ele>516.7</ele><time>2026-10-03T14:43:02Z</time></trkpt>
<trkpt lat="37.868667" lon="-121.942006"><ele>516.9</ele><time>2026-10-03T14:43:03Z</time></trkpt>
<trkpt lat="37.868653" lon="-121.941973"><ele>517.1</ele><time>2026-10-03T14:43:04Z</time></trkpt>
<trkpt lat="37.868639" lon="-121.941939"><ele>517.3</ele><time>2026-10-03T14:43:05Z</time></trkpt>
<trkpt lat="37.868628" lon="-121.941904"><ele>517.5</ele><time>2026-10-03T14:43:06Z</time></trkpt>
<trkpt lat="37.868617" lon="-121.941869"><ele>517.7</ele><time>2026-10-03T14:43:07Z</time></trkpt>
<trkpt lat="37.868606" lon="-121.941833"><ele>518.0</ele><time>2026-10-03T14:43:08Z</time></trkpt>
<trkpt lat="37.868595" lon="-121.941798"><ele>518.2</ele><time>2026-10-03T14:43:09Z</time></trkpt>
<trkpt lat="37.868584" lon="-121.941762"><ele>518.5</ele><time>2026-10-03T14:43:10Z</time></trkpt>
<trkpt lat="37.868574" lon="-121.941727"><ele>518.8</ele><time>2026-10-03T14:43:11Z</time></trkpt>
<trkpt lat="37.868562" lon="-121.941692"><ele>519.0</ele><time>2026-10-03T14:43:12Z</time></trkpt>
<trkpt lat="37.868551" lon="-121.941657"><ele>519.2</ele><time>2026-10-03T14:43:13Z</time></trkpt>
<trkpt lat="37.868540" lon="-121.941622"><ele>519.4</ele><time>2026-10-03T14:43:14Z</time></trkpt>
<trkpt lat="37.868528" lon="-121.941587"><ele>519.5</ele><time>2026-10-03T14:43:15Z</time></trkpt>
<trkpt lat="37.868517" lon="-121.941552"><ele>519.7</ele><time>2026-10-03T14:43:16Z</time></trkpt>
<trkpt lat="37.868505" lon="-121.941517"><ele>519.9</ele><time>2026-10-03T14:43:17Z</time></trkpt>
<trkpt lat="37.868495" lon="-121.941481"><ele>520.1</ele><time>2026-10-03T14:43:18Z</time></trkpt>
<trkpt lat="37.868485" lon="-121.941445"><ele>520.3</ele><time>2026-10-03T14:43:19Z</time></trkpt>
<trkpt lat="37.868475" lon="-121.941409"><ele>520.5</ele><time>2026-10-03T14:43:20Z</time></trkpt>
<trkpt lat="37.868466" lon="-121.941373"><ele>520.8</ele><time>2026-10-03T14:43:21Z</time></trkpt>
<trkpt lat="37.868458" lon="-121.941337"><ele>521.1</ele><time>2026-10-03T14:43:22Z</time></trkpt>
<trkpt lat="37.868449" lon="-121.941300"><ele>521.4</ele><time>2026-10-03T14:43:23Z</time></trkpt>
<trkpt lat="37.868443" lon="-121.941263"><ele>521.6</ele><time>2026-10-03T14:43:24Z</time></trkpt>
<trkpt lat="37.868437" lon="-121.941226"><ele>521.8</ele><time>2026-10-03T14:43:25Z</time></trkpt>
<trkpt lat="37.868432" lon="-121.941189"><ele>522.0</ele><time>2026-10-03T14:43:26Z</time></trkpt>
<trkpt lat="37.868425" lon="-121.941152"><ele>522.2</ele><time>2026-10-03T14:43:27Z</time></trkpt>
<trkpt lat="37.868418" lon="-121.941115"><ele>522.4</ele><time>2026-10-03T14:43:28Z</time></trkpt>
<trkpt lat="37.868412" lon="-121.941078"><ele>522.6</ele><time>2026-10-03T14:43:29Z</time></trkpt>
<trkpt lat="37.868406" lon="-121.941040"><ele>522.8</ele><time>2026-10-03T14:43:30Z</time></trkpt>
<trkpt lat="37.868400" lon="-121.941003"><ele>523.0</ele><time>2026-10-03T14:43:31Z</time></trkpt>
<trkpt lat="37.868394" lon="-121.940966"><ele>523.2</ele><time>2026-10-03T14:43:32Z</time></trkpt>
<trkpt lat="37.868393" lon="-121.940928"><ele>523.3</ele><time>2026-10-03T14:43:33Z</time></trkpt>
<trkpt lat="37.868393" lon="-121.940890"><ele>523.5</ele><time>2026-10-03T14:43:34Z</time></trkpt>
<trkpt lat="37.868393" lon="-121.940853"><ele>523.6</ele><time>2026-10-03T14:43:35Z</time></trkpt>
<trkpt lat="37.868402" lon="-121.940817"><ele>523.8</ele><time>2026-10-03T14:43:36Z</time></trkpt>
<trkpt lat="37.868412" lon="-121.940782"><ele>524.0</ele><time>2026-10-03T14:43:37Z</time></trkpt>
<trkpt lat="37.868422" lon="-121.940746"><ele>524.2</ele><time>2026-10-03T14:43:38Z</time></trkpt>
<trkpt lat="37.868445" lon="-121.940722"><ele>524.4</ele><time>2026-10-03T14:43:39Z</time></trkpt>
<trkpt lat="37.868468" lon="-121.940699"><ele>524.5</ele><time>2026-10-03T14:43:40Z</time></trkpt>
<trkpt lat="37.868490" lon="-121.940675"><ele>524.6</ele><time>2026-10-03T14:43:41Z</time></trkpt>
<trkpt lat="37.868519" lon="-121.940665"><ele>524.8</ele><time>2026-10-03T14:43:42Z</time></trkpt>
<trkpt lat="37.868548" lon="-121.940656"><ele>525.0</ele><time>2026-10-03T14:43:43Z</time></trkpt>
<trkpt lat="37.868577" lon="-121.940647"><ele>525.2</ele><time>2026-10-03T14:43:44Z</time></trkpt>
<trkpt lat="37.868607" lon="-121.940647"><ele>525.3</ele><time>2026-10-03T14:43:45Z</time></trkpt>
<trkpt lat="37.868637" lon="-121.940647"><ele>525.5</ele><time>2026-10-03T14:43:46Z</time></trkpt>
<trkpt lat="37.868667" lon="-121.940648"><ele>525.6</ele><time>2026-10-03T14:43:47Z</time></trkpt>
<trkpt lat="37.868694" lon="-121.940661"><ele>525.8</ele><time>2026-10-03T14:43:48Z</time></trkpt>
<trkpt lat="37.868722" lon="-121.940674"><ele>526.0</ele><time>2026-10-03T14:43:49Z</time></trkpt>
<trkpt lat="37.868750" lon="-121.940686"><ele>526.2</ele><time>2026-10-03T14:43:50Z</time></trkpt>
<trkpt lat="37.868773" lon="-121.940711"><ele>526.4</ele><time>2026-10-03T14:43:51Z</time></trkpt>
<trkpt lat="37.868796" lon="-121.940736"><ele>526.6</ele><time>2026-10-03T14:43:52Z</time></trkpt>
<trkpt lat="37.868818" lon="-121.940760"><ele>526.8</ele><time>2026-10-03T14:43:53Z</time></trkpt>
<trkpt lat="37.868837" lon="-121.940790"><ele>527.0</ele><time>2026-10-03T14:43:54Z</time></trkpt>
<trkpt lat="37.868856" lon="-121.940819"><ele>527.2</ele><time>2026-10-03T14:43:55Z</time></trkpt>
<trkpt lat="37.868874" lon="-121.940849"><ele>527.4</ele><time>2026-10-03T14:43:56Z</time></trkpt>
<trkpt lat="37.868891" lon="-121.940880"><ele>527.5</ele><time>2026-10-03T14:43:57Z</time></trkpt>
<trkpt lat="37.868907" lon="-121.940912"><ele>527.7</ele><time>2026-10-03T14:43:58Z</time></trkpt>
<trkpt lat="37.868923" lon="-121.940944"><ele>527.8</ele><time>2026-10-03T14:43:59Z</time></trkpt>
<trkpt lat="37.868946" lon="-121.940968"><ele>527.9</ele><time>2026-10-03T14:44:00Z</time></trkpt>
<trkpt lat="37.868970" lon="-121.940992"><ele>528.1</ele><time>2026-10-03T14:44:01Z</time></trkpt>
<trkpt lat="37.868993" lon="-121.941016"><ele>528.2</ele><time>2026-10-03T14:44:02Z</time></trkpt>
<trkpt lat="37.869020" lon="-121.941031"><ele>528.4</ele><time>2026-10-03T14:44:03Z</time></trkpt>
<trkpt lat="37.869048" lon="-121.941046"><ele>528.6</ele><time>2026-10-03T14:44:04Z</time></trkpt>
<trkpt lat="37.869075" lon="-121.941062"><ele>528.8</ele><time>2026-10-03T14:44:05Z</time></trkpt>
<trkpt lat="37.869103" lon="-121.941073"><ele>529.0</ele><time>2026-10-03T14:44:06Z</time></trkpt>
<trkpt lat="37.869132" lon="-121.941085"><ele>529.3</ele><time>2026-10-03T14:44:07Z</time></trkpt>
<trkpt lat="37.869160" lon="-121.941097"><ele>529.5</ele><time>2026-10-03T14:44:08Z</time></trkpt>
<trkpt lat="37.869189" lon="-121.941104"><ele>529.7</ele><time>2026-10-03T14:44:09Z</time></trkpt>
<trkpt lat="37.869219" lon="-121.941112"><ele>530.0</ele><time>2026-10-03T14:44:10Z</time></trkpt>
<trkpt lat="37.869248" lon="-121.941119"><ele>530.2</ele><time>2026-10-03T14:44:11Z</time></trkpt>
<trkpt lat="37.869278" lon="-121.941120"><ele>530.4</ele><time>2026-10-03T14:44:12Z</time></trkpt>
<trkpt lat="37.869308" lon="-121.941122"><ele>530.6</ele><time>2026-10-03T14:44:13Z</time></trkpt>
<trkpt lat="37.869338" lon="-121.941123"><ele>530.8</ele><time>2026-10-03T14:44:14Z</time></trkpt>
<trkpt lat="37.869368" lon="-121.941119"><ele>531.0</ele><time>2026-10-03T14:44:15Z</time></trkpt>
<trkpt lat="37.869397" lon="-121.941115"><ele>531.2</ele><time>2026-10-03T14:44:16Z</time></trkpt>
<trkpt lat="37.869427" lon="-121.941111"><ele>531.4</ele><time>2026-10-03T14:44:17Z</time></trkpt>
<trkpt lat="37.869455" lon="-121.941098"><ele>531.6</ele><time>2026-10-03T14:44:18Z</time></trkpt>
<trkpt lat="37.869483" lon="-121.941085"><ele>531.8</ele><time>2026-10-03T14:44:19Z</time></trkpt>
<trkpt lat="37.869511" lon="-121.941071"><ele>532.0</ele><time>2026-10-03T14:44:20Z</time></trkpt>
<trkpt lat="37.869529" lon="-121.941042"><ele>532.3</ele><time>2026-10-03T14:44:21Z</time></trkpt>
<trkpt lat="37.869548" lon="-121.941013"><ele>532.7</ele><time>2026-10-03T14:44:22Z</time></trkpt>
<trkpt lat="37.869566" lon="-121.940984"><ele>533.1</ele><time>2026-10-03T14:44:23Z</time></trkpt>
<trkpt lat="37.869573" lon="-121.940947"><ele>533.3</ele><time>2026-10-03T14:44:24Z</time></trkpt>
<trkpt lat="37.869580" lon="-121.940910"><ele>533.4</ele><time>2026-10-03T14:44:25Z</time></trkpt>
<trkpt lat="37.869586" lon="-121.940873"><ele>533.6</ele><time>2026-10-03T14:44:26Z</time></trkpt>
<trkpt lat="37.869580" lon="-121.940836"><ele>533.8</ele><time>2026-10-03T14:44:27Z</time></trkpt>
<trkpt lat="37.869574" lon="-121.940799"><ele>534.0</ele><time>2026-10-03T14:44:28Z</time></trkpt>
<trkpt lat="37.869568" lon="-121.940762"><ele>534.2</ele><time>2026-10-03T14:44:29Z</time></trkpt>
<trkpt lat="37.869558" lon="-121.940726"><ele>534.4</ele><time>2026-10-03T14:44:30Z</time></trkpt>
<trkpt lat="37.869548" lon="-121.940691"><ele>534.7</ele><time>2026-10-03T14:44:31Z</time></trkpt>
<trkpt lat="37.869539" lon="-121.940655"><ele>534.9</ele><time>2026-10-03T14:44:32Z</time></trkpt>
<trkpt lat="37.869528" lon="-121.940619"><ele>535.1</ele><time>2026-10-03T14:44:33Z</time></trkpt>
<trkpt lat="37.869517" lon="-121.940584"><ele>535.3</ele><time>2026-10-03T14:44:34Z</time></trkpt>
<trkpt lat="37.869507" lon="-121.940548"><ele>535.5</ele><time>2026-10-03T14:44:35Z</time></trkpt>
<trkpt lat="37.869499" lon="-121.940512"><ele>535.7</ele><time>2026-10-03T14:44:36Z</time></trkpt>
<trkpt lat="37.869491" lon="-121.940475"><ele>535.9</ele><time>2026-10-03T14:44:37Z</time></trkpt>
<trkpt lat="37.869483" lon="-121.940439"><ele>536.0</ele><time>2026-10-03T14:44:38Z</time></trkpt>
<trkpt lat="37.869480" lon="-121.940401"><ele>536.3</ele><time>2026-10-03T14:44:39Z</time></trkpt>
<trkpt lat="37.869478" lon="-121.940363"><ele>536.5</ele><time>2026-10-03T14:44:40Z</time></trkpt>
<trkpt lat="37.869476" lon="-121.940325"><ele>536.7</ele><time>2026-10-03T14:44:41Z</time></trkpt>
<trkpt lat="37.869477" lon="-121.940288"><ele>536.9</ele><time>2026-10-03T14:44:42Z</time></trkpt>
<trkpt lat="37.869479" lon="-121.940250"><ele>537.0</ele><time>2026-10-03T14:44:43Z</time></trkpt>
<trkpt lat="37.869480" lon="-121.940212"><ele>537.2</ele><time>2026-10-03T14:44:44Z</time></trkpt>
<trkpt lat="37.869481" lon="-121.940174"><ele>537.4</ele><time>2026-10-03T14:44:45Z</time></trkpt>
<trkpt lat="37.869481" lon="-121.940136"><ele>537.6</ele><time>2026-10-03T14:44:46Z</time></trkpt>
<trkpt lat="37.869481" lon="-121.940098"><ele>537.8</ele><time>2026-10-03T14:44:47Z</time></trkpt>
<trkpt lat="37.869478" lon="-121.940060"><ele>538.1</ele><time>2026-10-03T14:44:48Z</time></trkpt>
<trkpt lat="37.869476" lon="-121.940022"><ele>538.4</ele><time>2026-10-03T14:44:49Z</time></trkpt>
<trkpt lat="37.869473" lon="-121.939985"><ele>538.6</ele><time>2026-10-03T14:44:50Z</time></trkpt>
<trkpt lat="37.869473" lon="-121.939947"><ele>538.8</ele><time>2026-10-03T14:44:51Z</time></trkpt>
<trkpt lat="37.869473" lon="-121.939909"><ele>539.1</ele><time>2026-10-03T14:44:52Z</time></trkpt>
<trkpt lat="37.869473" lon="-121.939871"><ele>539.3</ele><time>2026-10-03T14:44:53Z</time></trkpt>
<trkpt lat="37.869483" lon="-121.939836"><ele>539.4</ele><time>2026-10-03T14:44:54Z</time></trkpt>
<trkpt lat="37.869494" lon="-121.939801"><ele>539.6</ele><time>2026-10-03T14:44:55Z</time></trkpt>
<trkpt lat="37.869505" lon="-121.939767"><ele>539.8</ele><time>2026-10-03T14:44:56Z</time></trkpt>
<trkpt lat="37.869529" lon="-121.939746"><ele>539.9</ele><time>2026-10-03T14:44:57Z</time></trkpt>
<trkpt lat="37.869554" lon="-121.939725"><ele>539.9</ele><time>2026-10-03T14:44:58Z</time></trkpt>
<trkpt lat="37.869578" lon="-121.939704"><ele>540.0</ele><time>2026-10-03T14:44:59Z</time></trkpt>
<trkpt lat="37.869607" lon="-121.939708"><ele>540.1</ele><time>2026-10-03T14:45:00Z</time></trkpt>
<trkpt lat="37.869636" lon="-121.939711"><ele>540.1</ele><time>2026-10-03T14:45:01Z</time></trkpt>
<trkpt lat="37.869665" lon="-121.939714"><ele>540.2</ele><time>2026-10-03T14:45:02Z</time></trkpt>
<trkpt lat="37.869689" lon="-121.939737"><ele>540.3</ele><time>2026-10-03T14:45:03Z</time></trkpt>
<trkpt lat="37.869712" lon="-121.939760"><ele>540.5</ele><time>2026-10-03T14:45:04Z</time></trkpt>
<trkpt lat="37.869736" lon="-121.939783"><ele>540.6</ele><time>2026-10-03T14:45:05Z</time></trkpt>
<trkpt lat="37.869754" lon="-121.939814"><ele>540.7</ele><time>2026-10-03T14:45:06Z</time></trkpt>
<trkpt lat="37.869772" lon="-121.939844"><ele>540.8</ele><time>2026-10-03T14:45:07Z</time></trkpt>
<trkpt lat="37.869790" lon="-121.939874"><ele>540.9</ele><time>2026-10-03T14:45:08Z</time></trkpt>
<trkpt lat="37.869809" lon="-121.939903"><ele>541.1</ele><time>2026-10-03T14:45:09Z</time></trkpt>
<trkpt lat="37.869828" lon="-121.939933"><ele>541.4</ele><time>2026-10-03T14:45:10Z</time></trkpt>
<trkpt lat="37.869846" lon="-121.939963"><ele>541.6</ele><time>2026-10-03T14:45:11Z</time></trkpt>
<trkpt lat="37.869866" lon="-121.939991"><ele>541.9</ele><time>2026-10-03T14:45:12Z</time></trkpt>
<trkpt lat="37.869886" lon="-121.940020"><ele>542.1</ele><time>2026-10-03T14:45:13Z</time></trkpt>
<trkpt lat="37.869905" lon="-121.940048"><ele>542.4</ele><time>2026-10-03T14:45:14Z</time></trkpt>
<trkpt lat="37.869931" lon="-121.940068"><ele>542.7</ele><time>2026-10-03T14:45:15Z</time></trkpt>
<trkpt lat="37.869956" lon="-121.940087"><ele>543.0</ele><time>2026-10-03T14:45:16Z</time></trkpt>
<trkpt lat="37.869982" lon="-121.940107"><ele>543.2</ele><time>2026-10-03T14:45:17Z</time></trkpt>
<trkpt lat="37.870010" lon="-121.940119"><ele>543.5</ele><time>2026-10-03T14:45:18Z</time></trkpt>
<trkpt lat="37.870039" lon="-121.940130"><ele>543.8</ele><time>2026-10-03T14:45:19Z</time></trkpt>
<trkpt lat="37.870067" lon="-121.940142"><ele>544.1</ele><time>2026-10-03T14:45:20Z</time></trkpt>
<trkpt lat="37.870095" lon="-121.940155"><ele>544.3</ele><time>2026-10-03T14:45:21Z</time></trkpt>
<trkpt lat="37.870123" lon="-121.940168"><ele>544.6</ele><time>2026-10-03T14:45:22Z</time></trkpt>
<trkpt lat="37.870151" lon="-121.940181"><ele>544.9</ele><time>2026-10-03T14:45:23Z</time></trkpt>
<trkpt lat="37.870177" lon="-121.940225"><ele>545.4</ele><time>2026-10-03T14:45:24Z</time></trkpt>
<trkpt lat="37.870203" lon="-121.940269"><ele>545.8</ele><time>2026-10-03T14:45:25Z</time></trkpt>
<trkpt lat="37.870207" lon="-121.940306"><ele>546.2</ele><time>2026-10-03T14:45:26Z</time></trkpt>
<trkpt lat="37.870211" lon="-121.940344"><ele>546.5</ele><time>2026-10-03T14:45:27Z</time></trkpt>
<trkpt lat="37.870215" lon="-121.940381"><ele>546.8</ele><time>2026-10-03T14:45:28Z</time></trkpt>
<trkpt lat="37.870207" lon="-121.940418"><ele>546.9</ele><time>2026-10-03T14:45:29Z</time></trkpt>
<trkpt lat="37.870200" lon="-121.940454"><ele>547.1</ele><time>2026-10-03T14:45:30Z</time></trkpt>
<trkpt lat="37.870192" lon="-121.940491"><ele>547.2</ele><time>2026-10-03T14:45:31Z</time></trkpt>
<trkpt lat="37.870183" lon="-121.940527"><ele>547.4</ele><time>2026-10-03T14:45:32Z</time></trkpt>
<trkpt lat="37.870174" lon="-121.940563"><ele>547.6</ele><time>2026-10-03T14:45:33Z</time></trkpt>
<trkpt lat="37.870165" lon="-121.940599"><ele>547.9</ele><time>2026-10-03T14:45:34Z</time></trkpt>
<trkpt lat="37.870169" lon="-121.940636"><ele>548.0</ele><time>2026-10-03T14:45:35Z</time></trkpt>
<trkpt lat="37.870173" lon="-121.940673"><ele>548.2</ele><time>2026-10-03T14:45:36Z</time></trkpt>
<trkpt lat="37.870177" lon="-121.940710"><ele>548.4</ele><time>2026-10-03T14:45:37Z</time></trkpt>
<trkpt lat="37.870194" lon="-121.940742"><ele>548.5</ele><time>2026-10-03T14:45:38Z</time></trkpt>
<trkpt lat="37.870210" lon="-121.940774"><ele>548.6</ele><time>2026-10-03T14:45:39Z</time></trkpt>
<trkpt lat="37.870227" lon="-121.940805"><ele>548.8</ele><time>2026-10-03T14:45:40Z</time></trkpt>
<trkpt lat="37.870248" lon="-121.940831"><ele>549.0</ele><time>2026-10-03T14:45:41Z</time></trkpt>
<trkpt lat="37.870269" lon="-121.940858"><ele>549.2</ele><time>2026-10-03T14:45:42Z</time></trkpt>
<trkpt lat="37.870290" lon="-121.940884"><ele>549.5</ele><time>2026-10-03T14:45:43Z</time></trkpt>
<trkpt lat="37.870316" lon="-121.940903"><ele>549.7</ele><time>2026-10-03T14:45:44Z</time></trkpt>
<trkpt lat="37.870343" lon="-121.940921"><ele>549.9</ele><time>2026-10-03T14:45:45Z</time></trkpt>
<trkpt lat="37.870369" lon="-121.940940"><ele>550.1</ele><time>2026-10-03T14:45:46Z</time></trkpt>
<trkpt lat="37.870395" lon="-121.940957"><ele>550.3</ele><time>2026-10-03T14:45:47Z</time></trkpt>
<trkpt lat="37.870422" lon="-121.940974"><ele>550.5</ele><time>2026-10-03T14:45:48Z</time></trkpt>
<trkpt lat="37.870449" lon="-121.940991"><ele>550.7</ele><time>2026-10-03T14:45:49Z</time></trkpt>
<trkpt lat="37.870477" lon="-121.941004"><ele>551.0</ele><time>2026-10-03T14:45:50Z</time></trkpt>
<trkpt lat="37.870505" lon="-121.941017"><ele>551.3</ele><time>2026-10-03T14:45:51Z</time></trkpt>
<trkpt lat="37.870534" lon="-121.941029"><ele>551.6</ele><time>2026-10-03T14:45:52Z</time></trkpt>
<trkpt lat="37.870559" lon="-121.941049"><ele>551.8</ele><time>2026-10-03T14:45:53Z</time></trkpt>
<trkpt lat="37.870584" lon="-121.941069"><ele>552.0</ele><time>2026-10-03T14:45:54Z</time></trkpt>
<trkpt lat="37.870609" lon="-121.941089"><ele>552.2</ele><time>2026-10-03T14:45:55Z</time></trkpt>
<trkpt lat="37.870632" lon="-121.941114"><ele>552.4</ele><time>2026-10-03T14:45:56Z</time></trkpt>
<trkpt lat="37.870655" lon="-121.941138"><ele>552.7</ele><time>2026-10-03T14:45:57Z</time></trkpt>
<trkpt lat="37.870678" lon="-121.941162"><ele>553.0</ele><time>2026-10-03T14:45:58Z</time></trkpt>
<trkpt lat="37.870701" lon="-121.941187"><ele>553.2</ele><time>2026-10-03T14:45:59Z</time></trkpt>
<trkpt lat="37.870723" lon="-121.941212"><ele>553.4</ele><time>2026-10-03T14:46:00Z</time></trkpt>
<trkpt lat="37.870746" lon="-121.941237"><ele>553.6</ele><time>2026-10-03T14:46:01Z</time></trkpt>
<trkpt lat="37.870767" lon="-121.941265"><ele>553.8</ele><time>2026-10-03T14:46:02Z</time></trkpt>
<trkpt lat="37.870788" lon="-121.941292"><ele>554.0</ele><time>2026-10-03T14:46:03Z</time></trkpt>
<trkpt lat="37.870808" lon="-121.941319"><ele>554.1</ele><time>2026-10-03T14:46:04Z</time></trkpt>
<trkpt lat="37.870829" lon="-121.941347"><ele>554.3</ele><time>2026-10-03T14:46:05Z</time></trkpt>
<trkpt lat="37.870849" lon="-121.941375"><ele>554.4</ele><time>2026-10-03T14:46:06Z</time></trkpt>
<trkpt lat="37.870870" lon="-121.941402"><ele>554.5</ele><time>2026-10-03T14:46:07Z</time></trkpt>
<trkpt lat="37.870889" lon="-121.941432"><ele>554.7</ele><time>2026-10-03T14:46:08Z</time></trkpt>
<trkpt lat="37.870908" lon="-121.941461"><ele>554.8</ele><time>2026-10-03T14:46:09Z</time></trkpt>
<trkpt lat="37.870927" lon="-121.941490"><ele>555.0</ele><time>2026-10-03T14:46:10Z</time></trkpt>
<trkpt lat="37.870944" lon="-121.941522"><ele>555.2</ele><time>2026-10-03T14:46:11Z</time></trkpt>
<trkpt lat="37.870961" lon="-121.941553"><ele>555.3</ele><time>2026-10-03T14:46:12Z</time></trkpt>
<trkpt lat="37.870978" lon="-121.941584"><ele>555.5</ele><time>2026-10-03T14:46:13Z</time></trkpt>
<trkpt lat="37.870994" lon="-121.941616"><ele>555.7</ele><time>2026-10-03T14:46:14Z</time></trkpt>
<trkpt lat="37.871010" lon="-121.941648"><ele>555.8</ele><time>2026-10-03T14:46:15Z</time></trkpt>
<trkpt lat="37.871027" lon="-121.941680"><ele>556.0</ele><time>2026-10-03T14:46:16Z</time></trkpt>
<trkpt lat="37.871042" lon="-121.941712"><ele>556.2</ele><time>2026-10-03T14:46:17Z</time></trkpt>
<trkpt lat="37.871058" lon="-121.941745"><ele>556.4</ele><time>2026-10-03T14:46:18Z</time></trkpt>
<trkpt lat="37.871074" lon="-121.941777"><ele>556.6</ele><time>2026-10-03T14:46:19Z</time></trkpt>
<trkpt lat="37.871091" lon="-121.941808"><ele>556.7</ele><time>2026-10-03T14:46:20Z</time></trkpt>
<trkpt lat="37.871108" lon="-121.941839"><ele>556.9</ele><time>2026-10-03T14:46:21Z</time></trkpt>
<trkpt lat="37.871125" lon="-121.941871"><ele>557.0</ele><time>2026-10-03T14:46:22Z</time></trkpt>
<trkpt lat="37.871142" lon="-121.941901"><ele>557.2</ele><time>2026-10-03T14:46:23Z</time></trkpt>
<trkpt lat="37.871160" lon="-121.941932"><ele>557.4</ele><time>2026-10-03T14:46:24Z</time></trkpt>
<trkpt lat="37.871177" lon="-121.941963"><ele>557.7</ele><time>2026-10-03T14:46:25Z</time></trkpt>
<trkpt lat="37.871197" lon="-121.941992"><ele>557.9</ele><time>2026-10-03T14:46:26Z</time></trkpt>
<trkpt lat="37.871216" lon="-121.942021"><ele>558.1</ele><time>2026-10-03T14:46:27Z</time></trkpt>
<trkpt lat="37.871235" lon="-121.942050"><ele>558.3</ele><time>2026-10-03T14:46:28Z</time></trkpt>
<trkpt lat="37.871257" lon="-121.942076"><ele>558.6</ele><time>2026-10-03T14:46:29Z</time></trkpt>
<trkpt lat="37.871279" lon="-121.942101"><ele>558.8</ele><time>2026-10-03T14:46:30Z</time></trkpt>
<trkpt lat="37.871301" lon="-121.942127"><ele>559.1</ele><time>2026-10-03T14:46:31Z</time></trkpt>
<trkpt lat="37.871322" lon="-121.942154"><ele>559.4</ele><time>2026-10-03T14:46:32Z</time></trkpt>
<trkpt lat="37.871343" lon="-121.942181"><ele>559.7</ele><time>2026-10-03T14:46:33Z</time></trkpt>
<trkpt lat="37.871364" lon="-121.942208"><ele>559.9</ele><time>2026-10-03T14:46:34Z</time></trkpt>
<trkpt lat="37.871385" lon="-121.942236"><ele>560.1</ele><time>2026-10-03T14:46:35Z</time></trkpt>
<trkpt lat="37.871406" lon="-121.942263"><ele>560.3</ele><time>2026-10-03T14:46:36Z</time></trkpt>
<trkpt lat="37.871427" lon="-121.942290"><ele>560.5</ele><time>2026-10-03T14:46:37Z</time></trkpt>
<trkpt lat="37.871447" lon="-121.942318"><ele>560.7</ele><time>2026-10-03T14:46:38Z</time></trkpt>
<trkpt lat="37.871467" lon="-121.942346"><ele>560.9</ele><time>2026-10-03T14:46:39Z</time></trkpt>
<trkpt lat="37.871487" lon="-121.942374"><ele>561.1</ele><time>2026-10-03T14:46:40Z</time></trkpt>
<trkpt lat="37.871508" lon="-121.942402"><ele>561.3</ele><time>2026-10-03T14:46:41Z</time></trkpt>
<trkpt lat="37.871528" lon="-121.942429"><ele>561.5</ele><time>2026-10-03T14:46:42Z</time></trkpt>
<trkpt lat="37.871549" lon="-121.942457"><ele>561.7</ele><time>2026-10-03T14:46:43Z</time></trkpt>
<trkpt lat="37.871570" lon="-121.942484"><ele>561.9</ele><time>2026-10-03T14:46:44Z</time></trkpt>
<trkpt lat="37.871591" lon="-121.942511"><ele>562.0</ele><time>2026-10-03T14:46:45Z</time></trkpt>
<trkpt lat="37.871613" lon="-121.942537"><ele>562.2</ele><time>2026-10-03T14:46:46Z</time></trkpt>
<trkpt lat="37.871635" lon="-121.942562"><ele>562.4</ele><time>2026-10-03T14:46:47Z</time></trkpt>
<trkpt lat="37.871658" lon="-121.942587"><ele>562.6</ele><time>2026-10-03T14:46:48Z</time></trkpt>
<trkpt lat="37.871681" lon="-121.942612"><ele>562.8</ele><time>2026-10-03T14:46:49Z</time></trkpt>
<trkpt lat="37.871705" lon="-121.942633"><ele>563.0</ele><time>2026-10-03T14:46:50Z</time></trkpt>
<trkpt lat="37.871730" lon="-121.942654"><ele>563.3</ele><time>2026-10-03T14:46:51Z</time></trkpt>
<trkpt lat="37.871755" lon="-121.942676"><ele>563.5</ele><time>2026-10-03T14:46:52Z</time></trkpt>
<trkpt lat="37.871781" lon="-121.942694"><ele>563.7</ele><time>2026-10-03T14:46:53Z</time></trkpt>
<trkpt lat="37.871807" lon="-121.942713"><ele>563.9</ele><time>2026-10-03T14:46:54Z</time></trkpt>
<trkpt lat="37.871833" lon="-121.942732"><ele>564.1</ele><time>2026-10-03T14:46:55Z</time></trkpt>
<trkpt lat="37.871862" lon="-121.942742"><ele>564.4</ele><time>2026-10-03T14:46:56Z</time></trkpt>
<trkpt lat="37.871890" lon="-121.942753"><ele>564.7</ele><time>2026-10-03T14:46:57Z</time></trkpt>
<trkpt lat="37.871919" lon="-121.942763"><ele>565.0</ele><time>2026-10-03T14:46:58Z</time></trkpt>
<trkpt lat="37.871949" lon="-121.942762"><ele>565.4</ele><time>2026-10-03T14:46:59Z</time></trkpt>
<trkpt lat="37.871979" lon="-121.942760"><ele>565.8</ele><time>2026-10-03T14:47:00Z</time></trkpt>
<trkpt lat="37.872008" lon="-121.942759"><ele>566.3</ele><time>2026-10-03T14:47:01Z</time></trkpt>
<trkpt lat="37.872035" lon="-121.942743"><ele>566.6</ele><time>2026-10-03T14:47:02Z</time></trkpt>
<trkpt lat="37.872062" lon="-121.942727"><ele>567.0</ele><time>2026-10-03T14:47:03Z</time></trkpt>
<trkpt lat="37.872088" lon="-121.942712"><ele>567.3</ele><time>2026-10-03T14:47:04Z</time></trkpt>
<trkpt lat="37.872101" lon="-121.942660"><ele>568.0</ele><time>2026-10-03T14:47:05Z</time></trkpt>
<trkpt lat="37.872114" lon="-121.942608"><ele>568.7</ele><time>2026-10-03T14:47:06Z</time></trkpt>
<trkpt lat="37.872085" lon="-121.942569"><ele>569.1</ele><time>2026-10-03T14:47:07Z</time></trkpt>
<trkpt lat="37.872055" lon="-121.942529"><ele>569.4</ele><time>2026-10-03T14:47:08Z</time></trkpt>
<trkpt lat="37.872028" lon="-121.942514"><ele>569.6</ele><time>2026-10-03T14:47:09Z</time></trkpt>
<trkpt lat="37.872000" lon="-121.942499"><ele>569.8</ele><time>2026-10-03T14:47:10Z</time></trkpt>
<trkpt lat="37.871973" lon="-121.942484"><ele>570.0</ele><time>2026-10-03T14:47:11Z</time></trkpt>
<trkpt lat="37.871947" lon="-121.942465"><ele>570.2</ele><time>2026-10-03T14:47:12Z</time></trkpt>
<trkpt lat="37.871921" lon="-121.942445"><ele>570.4</ele><time>2026-10-03T14:47:13Z</time></trkpt>
<trkpt lat="37.871896" lon="-121.942426"><ele>570.6</ele><time>2026-10-03T14:47:14Z</time></trkpt>
<trkpt lat="37.871871" lon="-121.942404"><ele>570.8</ele><time>2026-10-03T14:47:15Z</time></trkpt>
<trkpt lat="37.871847" lon="-121.942382"><ele>571.0</ele><time>2026-10-03T14:47:16Z</time></trkpt>
<trkpt lat="37.871823" lon="-121.942360"><ele>571.2</ele><time>2026-10-03T14:47:17Z</time></trkpt>
<trkpt lat="37.871802" lon="-121.942332"><ele>571.4</ele><time>2026-10-03T14:47:18Z</time></trkpt>
<trkpt lat="37.871782" lon="-121.942304"><ele>571.7</ele><time>2026-10-03T14:47:19Z</time></trkpt>
<trkpt lat="37.871762" lon="-121.942276"><ele>571.9</ele><time>2026-10-03T14:47:20Z</time></trkpt>
<trkpt lat="37.871743" lon="-121.942247"><ele>572.2</ele><time>2026-10-03T14:47:21Z</time></trkpt>
<trkpt lat="37.871724" lon="-121.942217"><ele>572.5</ele><time>2026-10-03T14:47:22Z</time></trkpt>
<trkpt lat="37.871705" lon="-121.942188"><ele>572.7</ele><time>2026-10-03T14:47:23Z</time></trkpt>
<trkpt lat="37.871688" lon="-121.942156"><ele>573.0</ele><time>2026-10-03T14:47:24Z</time></trkpt>
<trkpt lat="37.871672" lon="-121.942125"><ele>573.2</ele><time>2026-10-03T14:47:25Z</time></trkpt>
<trkpt lat="37.871655" lon="-121.942093"><ele>573.4</ele><time>2026-10-03T14:47:26Z</time></trkpt>
<trkpt lat="37.871639" lon="-121.942061"><ele>573.5</ele><time>2026-10-03T14:47:27Z</time></trkpt>
<trkpt lat="37.871623" lon="-121.942029"><ele>573.7</ele><time>2026-10-03T14:47:28Z</time></trkpt>
<trkpt lat="37.871608" lon="-121.941996"><ele>573.8</ele><time>2026-10-03T14:47:29Z</time></trkpt>
<trkpt lat="37.871594" lon="-121.941962"><ele>574.0</ele><time>2026-10-03T14:47:30Z</time></trkpt>
<trkpt lat="37.871581" lon="-121.941928"><ele>574.2</ele><time>2026-10-03T14:47:31Z</time></trkpt>
<trkpt lat="37.871568" lon="-121.941894"><ele>574.4</ele><time>2026-10-03T14:47:32Z</time></trkpt>
<trkpt lat="37.871557" lon="-121.941859"><ele>574.5</ele><time>2026-10-03T14:47:33Z</time></trkpt>
<trkpt lat="37.871546" lon="-121.941824"><ele>574.7</ele><time>2026-10-03T14:47:34Z</time></trkpt>
<trkpt lat="37.871535" lon="-121.941788"><ele>574.8</ele><time>2026-10-03T14:47:35Z</time></trkpt>
<trkpt lat="37.871526" lon="-121.941752"><ele>575.0</ele><time>2026-10-03T14:47:36Z</time></trkpt>
<trkpt lat="37.871517" lon="-121.941716"><ele>575.1</ele><time>2026-10-03T14:47:37Z</time></trkpt>
<trkpt lat="37.871508" lon="-121.941680"><ele>575.3</ele><time>2026-10-03T14:47:38Z</time></trkpt>
<trkpt lat="37.871500" lon="-121.941643"><ele>575.5</ele><time>2026-10-03T14:47:39Z</time></trkpt>
<trkpt lat="37.871491" lon="-121.941607"><ele>575.6</ele><time>2026-10-03T14:47:40Z</time></trkpt>
<trkpt lat="37.871483" lon="-121.941570"><ele>575.8</ele><time>2026-10-03T14:47:41Z</time></trkpt>
<trkpt lat="37.871477" lon="-121.941533"><ele>575.9</ele><time>2026-10-03T14:47:42Z</time></trkpt>
<trkpt lat="37.871471" lon="-121.941496"><ele>576.1</ele><time>2026-10-03T14:47:43Z</time></trkpt>
<trkpt lat="37.871466" lon="-121.941459"><ele>576.2</ele><time>2026-10-03T14:47:44Z</time></trkpt>
<trkpt lat="37.871461" lon="-121.941421"><ele>576.4</ele><time>2026-10-03T14:47:45Z</time></trkpt>
<trkpt lat="37.871456" lon="-121.941384"><ele>576.6</ele><time>2026-10-03T14:47:46Z</time></trkpt>
<trkpt lat="37.871451" lon="-121.941346"><ele>576.8</ele><time>2026-10-03T14:47:47Z</time></trkpt>
<trkpt lat="37.871444" lon="-121.941310"><ele>576.9</ele><time>2026-10-03T14:47:48Z</time></trkpt>
<trkpt lat="37.871436" lon="-121.941273"><ele>577.0</ele><time>2026-10-03T14:47:49Z</time></trkpt>
<trkpt lat="37.871429" lon="-121.941236"><ele>577.1</ele><time>2026-10-03T14:47:50Z</time></trkpt>
<trkpt lat="37.871421" lon="-121.941199"><ele>577.3</ele><time>2026-10-03T14:47:51Z</time></trkpt>
<trkpt lat="37.871414" lon="-121.941163"><ele>577.4</ele><time>2026-10-03T14:47:52Z</time></trkpt>
<trkpt lat="37.871406" lon="-121.941126"><ele>577.6</ele><time>2026-10-03T14:47:53Z</time></trkpt>
<trkpt lat="37.871399" lon="-121.941089"><ele>577.7</ele><time>2026-10-03T14:47:54Z</time></trkpt>
<trkpt lat="37.871392" lon="-121.941052"><ele>577.9</ele><time>2026-10-03T14:47:55Z</time></trkpt>
<trkpt lat="37.871385" lon="-121.941015"><ele>578.0</ele><time>2026-10-03T14:47:56Z</time></trkpt>
<trkpt lat="37.871379" lon="-121.940978"><ele>578.2</ele><time>2026-10-03T14:47:57Z</time></trkpt>
<trkpt lat="37.871373" lon="-121.940941"><ele>578.5</ele><time>2026-10-03T14:47:58Z</time></trkpt>
<trkpt lat="37.871366" lon="-121.940904"><ele>578.7</ele><time>2026-10-03T14:47:59Z</time></trkpt>
<trkpt lat="37.871362" lon="-121.940866"><ele>578.9</ele><time>2026-10-03T14:48:00Z</time></trkpt>
<trkpt lat="37.871357" lon="-121.940829"><ele>579.0</ele><time>2026-10-03T14:48:01Z</time></trkpt>
<trkpt lat="37.871352" lon="-121.940791"><ele>579.2</ele><time>2026-10-03T14:48:02Z</time></trkpt>
<trkpt lat="37.871350" lon="-121.940753"><ele>579.4</ele><time>2026-10-03T14:48:03Z</time></trkpt>
<trkpt lat="37.871348" lon="-121.940716"><ele>579.6</ele><time>2026-10-03T14:48:04Z</time></trkpt>
<trkpt lat="37.871347" lon="-121.940678"><ele>579.8</ele><time>2026-10-03T14:48:05Z</time></trkpt>
<trkpt lat="37.871346" lon="-121.940640"><ele>580.0</ele><time>2026-10-03T14:48:06Z</time></trkpt>
<trkpt lat="37.871344" lon="-121.940602"><ele>580.2</ele><time>2026-10-03T14:48:07Z</time></trkpt>
<trkpt lat="37.871343" lon="-121.940564"><ele>580.3</ele><time>2026-10-03T14:48:08Z</time></trkpt>
<trkpt lat="37.871347" lon="-121.940526"><ele>580.5</ele><time>2026-10-03T14:48:09Z</time></trkpt>
<trkpt lat="37.871350" lon="-121.940489"><ele>580.7</ele><time>2026-10-03T14:48:10Z</time></trkpt>
<trkpt lat="37.871354" lon="-121.940451"><ele>580.9</ele><time>2026-10-03T14:48:11Z</time></trkpt>
<trkpt lat="37.871362" lon="-121.940414"><ele>581.1</ele><time>2026-10-03T14:48:12Z</time></trkpt>
<trkpt lat="37.871370" lon="-121.940378"><ele>581.2</ele><time>2026-10-03T14:48:13Z</time></trkpt>
<trkpt lat="37.871378" lon="-121.940341"><ele>581.4</ele><time>2026-10-03T14:48:14Z</time></trkpt>
<trkpt lat="37.871385" lon="-121.940304"><ele>581.6</ele><time>2026-10-03T14:48:15Z</time></trkpt>
<trkpt lat="37.871392" lon="-121.940268"><ele>581.7</ele><time>2026-10-03T14:48:16Z</time></trkpt>
<trkpt lat="37.871399" lon="-121.940231"><ele>581.9</ele><time>2026-10-03T14:48:17Z</time></trkpt>
<trkpt lat="37.871403" lon="-121.940194"><ele>582.1</ele><time>2026-10-03T14:48:18Z</time></trkpt>
<trkpt lat="37.871407" lon="-121.940157"><ele>582.3</ele><time>2026-10-03T14:48:19Z</time></trkpt>
<trkpt lat="37.871411" lon="-121.940120"><ele>582.4</ele><time>2026-10-03T14:48:20Z</time></trkpt>
<trkpt lat="37.871400" lon="-121.940084"><ele>582.6</ele><time>2026-10-03T14:48:21Z</time></trkpt>
<trkpt lat="37.871390" lon="-121.940049"><ele>582.7</ele><time>2026-10-03T14:48:22Z</time></trkpt>
<trkpt lat="37.871379" lon="-121.940014"><ele>582.8</ele><time>2026-10-03T14:48:23Z</time></trkpt>
<trkpt lat="37.871369" lon="-121.939978"><ele>582.9</ele><time>2026-10-03T14:48:24Z</time></trkpt>
<trkpt lat="37.871359" lon="-121.939942"><ele>583.0</ele><time>2026-10-03T14:48:25Z</time></trkpt>
<trkpt lat="37.871349" lon="-121.939906"><ele>583.1</ele><time>2026-10-03T14:48:26Z</time></trkpt>
<trkpt lat="37.871338" lon="-121.939871"><ele>583.3</ele><time>2026-10-03T14:48:27Z</time></trkpt>
<trkpt lat="37.871327" lon="-121.939836"><ele>583.6</ele><time>2026-10-03T14:48:28Z</time></trkpt>
<trkpt lat="37.871315" lon="-121.939801"><ele>583.8</ele><time>2026-10-03T14:48:29Z</time></trkpt>
<trkpt lat="37.871303" lon="-121.939766"><ele>583.9</ele><time>2026-10-03T14:48:30Z</time></trkpt>
<trkpt lat="37.871292" lon="-121.939731"><ele>584.1</ele><time>2026-10-03T14:48:31Z</time></trkpt>
<trkpt lat="37.871280" lon="-121.939696"><ele>584.2</ele><time>2026-10-03T14:48:32Z</time></trkpt>
<trkpt lat="37.871269" lon="-121.939661"><ele>584.5</ele><time>2026-10-03T14:48:33Z</time></trkpt>
<trkpt lat="37.871258" lon="-121.939625"><ele>584.7</ele><time>2026-10-03T14:48:34Z</time></trkpt>
<trkpt lat="37.871248" lon="-121.939590"><ele>585.0</ele><time>2026-10-03T14:48:35Z</time></trkpt>
<trkpt lat="37.871234" lon="-121.939556"><ele>585.1</ele><time>2026-10-03T14:48:36Z</time></trkpt>
<trkpt lat="37.871221" lon="-121.939521"><ele>585.3</ele><time>2026-10-03T14:48:37Z</time></trkpt>
<trkpt lat="37.871208" lon="-121.939487"><ele>585.4</ele><time>2026-10-03T14:48:38Z</time></trkpt>
<trkpt lat="37.871200" lon="-121.939451"><ele>585.7</ele><time>2026-10-03T14:48:39Z</time></trkpt>
<trkpt lat="37.871191" lon="-121.939414"><ele>585.9</ele><time>2026-10-03T14:48:40Z</time></trkpt>
<trkpt lat="37.871183" lon="-121.939378"><ele>586.2</ele><time>2026-10-03T14:48:41Z</time></trkpt>
<trkpt lat="37.871175" lon="-121.939341"><ele>586.4</ele><time>2026-10-03T14:48:42Z</time></trkpt>
<trkpt lat="37.871167" lon="-121.939305"><ele>586.6</ele><time>2026-10-03T14:48:43Z</time></trkpt>
<trkpt lat="37.871159" lon="-121.939268"><ele>586.8</ele><time>2026-10-03T14:48:44Z</time></trkpt>
<trkpt lat="37.871150" lon="-121.939232"><ele>587.1</ele><time>2026-10-03T14:48:45Z</time></trkpt>
<trkpt lat="37.871141" lon="-121.939196"><ele>587.4</ele><time>2026-10-03T14:48:46Z</time></trkpt>
<trkpt lat="37.871132" lon="-121.939160"><ele>587.6</ele><time>2026-10-03T14:48:47Z</time></trkpt>
<trkpt lat="37.871123" lon="-121.939123"><ele>587.8</ele><time>2026-10-03T14:48:48Z</time></trkpt>
<trkpt lat="37.871115" lon="-121.939087"><ele>588.0</ele><time>2026-10-03T14:48:49Z</time></trkpt>
<trkpt lat="37.871107" lon="-121.939051"><ele>588.2</ele><time>2026-10-03T14:48:50Z</time></trkpt>
<trkpt lat="37.871098" lon="-121.939014"><ele>588.3</ele><time>2026-10-03T14:48:51Z</time></trkpt>
<trkpt lat="37.871090" lon="-121.938977"><ele>588.4</ele><time>2026-10-03T14:48:52Z</time></trkpt>
<trkpt lat="37.871082" lon="-121.938941"><ele>588.5</ele><time>2026-10-03T14:48:53Z</time></trkpt>
<trkpt lat="37.871074" lon="-121.938904"><ele>588.7</ele><time>2026-10-03T14:48:54Z</time></trkpt>
<trkpt lat="37.871066" lon="-121.938868"><ele>588.9</ele><time>2026-10-03T14:48:55Z</time></trkpt>
<trkpt lat="37.871059" lon="-121.938831"><ele>589.2</ele><time>2026-10-03T14:48:56Z</time></trkpt>
<trkpt lat="37.871053" lon="-121.938794"><ele>589.3</ele><time>2026-10-03T14:48:57Z</time></trkpt>
<trkpt lat="37.871047" lon="-121.938757"><ele>589.5</ele><time>2026-10-03T14:48:58Z</time></trkpt>
<trkpt lat="37.871042" lon="-121.938719"><ele>589.6</ele><time>2026-10-03T14:48:59Z</time></trkpt>
<trkpt lat="37.871037" lon="-121.938682"><ele>589.9</ele><time>2026-10-03T14:49:00Z</time></trkpt>
<trkpt lat="37.871033" lon="-121.938644"><ele>590.1</ele><time>2026-10-03T14:49:01Z</time></trkpt>
<trkpt lat="37.871029" lon="-121.938607"><ele>590.4</ele><time>2026-10-03T14:49:02Z</time></trkpt>
<trkpt lat="37.871024" lon="-121.938569"><ele>590.6</ele><time>2026-10-03T14:49:03Z</time></trkpt>
<trkpt lat="37.871018" lon="-121.938532"><ele>590.7</ele><time>2026-10-03T14:49:04Z</time></trkpt>
<trkpt lat="37.871012" lon="-121.938495"><ele>590.9</ele><time>2026-10-03T14:49:05Z</time></trkpt>
<trkpt lat="37.871012" lon="-121.938457"><ele>591.1</ele><time>2026-10-03T14:49:06Z</time></trkpt>
<trkpt lat="37.871011" lon="-121.938419"><ele>591.3</ele><time>2026-10-03T14:49:07Z</time></trkpt>
<trkpt lat="37.871011" lon="-121.938381"><ele>591.5</ele><time>2026-10-03T14:49:08Z</time></trkpt>
<trkpt lat="37.871011" lon="-121.938343"><ele>591.7</ele><time>2026-10-03T14:49:09Z</time></trkpt>
<trkpt lat="37.871011" lon="-121.938305"><ele>592.0</ele><time>2026-10-03T14:49:10Z</time></trkpt>
<trkpt lat="37.871012" lon="-121.938267"><ele>592.2</ele><time>2026-10-03T14:49:11Z</time></trkpt>
<trkpt lat="37.871012" lon="-121.938229"><ele>592.4</ele><time>2026-10-03T14:49:12Z</time></trkpt>
<trkpt lat="37.871012" lon="-121.938191"><ele>592.6</ele><time>2026-10-03T14:49:13Z</time></trkpt>
<trkpt lat="37.871012" lon="-121.938153"><ele>592.8</ele><time>2026-10-03T14:49:14Z</time></trkpt>
<trkpt lat="37.871007" lon="-121.938116"><ele>593.1</ele><time>2026-10-03T14:49:15Z</time></trkpt>
<trkpt lat="37.871002" lon="-121.938079"><ele>593.4</ele><time>2026-10-03T14:49:16Z</time></trkpt>
<trkpt lat="37.870998" lon="-121.938042"><ele>593.7</ele><time>2026-10-03T14:49:17Z</time></trkpt>
<trkpt lat="37.870986" lon="-121.938007"><ele>593.9</ele><time>2026-10-03T14:49:18Z</time></trkpt>
<trkpt lat="37.870975" lon="-121.937972"><ele>594.0</ele><time>2026-10-03T14:49:19Z</time></trkpt>
<trkpt lat="37.870963" lon="-121.937937"><ele>594.2</ele><time>2026-10-03T14:49:20Z</time></trkpt>
<trkpt lat="37.870945" lon="-121.937907"><ele>594.5</ele><time>2026-10-03T14:49:21Z</time></trkpt>
<trkpt lat="37.870927" lon="-121.937877"><ele>594.9</ele><time>2026-10-03T14:49:22Z</time></trkpt>
<trkpt lat="37.870909" lon="-121.937846"><ele>595.2</ele><time>2026-10-03T14:49:23Z</time></trkpt>
<trkpt lat="37.870888" lon="-121.937820"><ele>595.5</ele><time>2026-10-03T14:49:24Z</time></trkpt>
<trkpt lat="37.870866" lon="-121.937793"><ele>595.8</ele><time>2026-10-03T14:49:25Z</time></trkpt>
<trkpt lat="37.870845" lon="-121.937767"><ele>596.1</ele><time>2026-10-03T14:49:26Z</time></trkpt>
<trkpt lat="37.870827" lon="-121.937737"><ele>596.4</ele><time>2026-10-03T14:49:27Z</time></trkpt>
<trkpt lat="37.870808" lon="-121.937707"><ele>596.7</ele><time>2026-10-03T14:49:28Z</time></trkpt>
<trkpt lat="37.870790" lon="-121.937677"><ele>597.0</ele><time>2026-10-03T14:49:29Z</time></trkpt>
<trkpt lat="37.870773" lon="-121.937646"><ele>597.2</ele><time>2026-10-03T14:49:30Z</time></trkpt>
<trkpt lat="37.870756" lon="-121.937614"><ele>597.4</ele><time>2026-10-03T14:49:31Z</time></trkpt>
<trkpt lat="37.870738" lon="-121.937583"><ele>597.7</ele><time>2026-10-03T14:49:32Z</time></trkpt>
<trkpt lat="37.870721" lon="-121.937552"><ele>597.9</ele><time>2026-10-03T14:49:33Z</time></trkpt>
<trkpt lat="37.870704" lon="-121.937521"><ele>598.2</ele><time>2026-10-03T14:49:34Z</time></trkpt>
<trkpt lat="37.870687" lon="-121.937490"><ele>598.4</ele><time>2026-10-03T14:49:35Z</time></trkpt>
<trkpt lat="37.870670" lon="-121.937458"><ele>598.6</ele><time>2026-10-03T14:49:36Z</time></trkpt>
<trkpt lat="37.870654" lon="-121.937427"><ele>598.8</ele><time>2026-10-03T14:49:37Z</time></trkpt>
<trkpt lat="37.870638" lon="-121.937395"><ele>599.0</ele><time>2026-10-03T14:49:38Z</time></trkpt>
<trkpt lat="37.870623" lon="-121.937362"><ele>599.3</ele><time>2026-10-03T14:49:39Z</time></trkpt>
<trkpt lat="37.870608" lon="-121.937329"><ele>599.5</ele><time>2026-10-03T14:49:40Z</time></trkpt>
<trkpt lat="37.870594" lon="-121.937296"><ele>599.8</ele><time>2026-10-03T14:49:41Z</time></trkpt>
<trkpt lat="37.870578" lon="-121.937263"><ele>600.0</ele><time>2026-10-03T14:49:42Z</time></trkpt>
<trkpt lat="37.870562" lon="-121.937231"><ele>600.2</ele><time>2026-10-03T14:49:43Z</time></trkpt>
<trkpt lat="37.870547" lon="-121.937199"><ele>600.3</ele><time>2026-10-03T14:49:44Z</time></trkpt>
<trkpt lat="37.870531" lon="-121.937167"><ele>600.6</ele><time>2026-10-03T14:49:45Z</time></trkpt>
<trkpt lat="37.870515" lon="-121.937135"><ele>600.8</ele><time>2026-10-03T14:49:46Z</time></trkpt>
<trkpt lat="37.870499" lon="-121.937103"><ele>601.1</ele><time>2026-10-03T14:49:47Z</time></trkpt>
<trkpt lat="37.870484" lon="-121.937070"><ele>601.3</ele><time>2026-10-03T14:49:48Z</time></trkpt>
<trkpt lat="37.870469" lon="-121.937037"><ele>601.4</ele><time>2026-10-03T14:49:49Z</time></trkpt>
<trkpt lat="37.870454" lon="-121.937004"><ele>601.6</ele><time>2026-10-03T14:49:50Z</time></trkpt>
<trkpt lat="37.870441" lon="-121.936970"><ele>601.8</ele><time>2026-10-03T14:49:51Z</time></trkpt>
<trkpt lat="37.870428" lon="-121.936936"><ele>602.0</ele><time>2026-10-03T14:49:52Z</time></trkpt>
<trkpt lat="37.870415" lon="-121.936902"><ele>602.2</ele><time>2026-10-03T14:49:53Z</time></trkpt>
<trkpt lat="37.870409" lon="-121.936865"><ele>602.3</ele><time>2026-10-03T14:49:54Z</time></trkpt>
<trkpt lat="37.870404" lon="-121.936827"><ele>602.5</ele><time>2026-10-03T14:49:55Z</time></trkpt>
<trkpt lat="37.870398" lon="-121.936790"><ele>602.6</ele><time>2026-10-03T14:49:56Z</time></trkpt>
<trkpt lat="37.870395" lon="-121.936752"><ele>602.9</ele><time>2026-10-03T14:49:57Z</time></trkpt>
<trkpt lat="37.870392" lon="-121.936715"><ele>603.1</ele><time>2026-10-03T14:49:58Z</time></trkpt>
<trkpt lat="37.870388" lon="-121.936677"><ele>603.4</ele><time>2026-10-03T14:49:59Z</time></trkpt>
<trkpt lat="37.870388" lon="-121.936639"><ele>603.7</ele><time>2026-10-03T14:50:00Z</time></trkpt>
<trkpt lat="37.870388" lon="-121.936601"><ele>604.0</ele><time>2026-10-03T14:50:01Z</time></trkpt>
<trkpt lat="37.870388" lon="-121.936563"><ele>604.2</ele><time>2026-10-03T14:50:02Z</time></trkpt>
<trkpt lat="37.870387" lon="-121.936525"><ele>604.5</ele><time>2026-10-03T14:50:03Z</time></trkpt>
<trkpt lat="37.870386" lon="-121.936488"><ele>604.8</ele><time>2026-10-03T14:50:04Z</time></trkpt>
<trkpt lat="37.870385" lon="-121.936450"><ele>605.1</ele><time>2026-10-03T14:50:05Z</time></trkpt>
<trkpt lat="37.870375" lon="-121.936414"><ele>605.4</ele><time>2026-10-03T14:50:06Z</time></trkpt>
<trkpt lat="37.870366" lon="-121.936379"><ele>605.7</ele><time>2026-10-03T14:50:07Z</time></trkpt>
<trkpt lat="37.870356" lon="-121.936343"><ele>606.0</ele><time>2026-10-03T14:50:08Z</time></trkpt>
<trkpt lat="37.870340" lon="-121.936312"><ele>606.3</ele><time>2026-10-03T14:50:09Z</time></trkpt>
<trkpt lat="37.870323" lon="-121.936280"><ele>606.6</ele><time>2026-10-03T14:50:10Z</time></trkpt>
<trkpt lat="37.870307" lon="-121.936248"><ele>606.9</ele><time>2026-10-03T14:50:11Z</time></trkpt>
<trkpt lat="37.870289" lon="-121.936218"><ele>607.1</ele><time>2026-10-03T14:50:12Z</time></trkpt>
<trkpt lat="37.870270" lon="-121.936188"><ele>607.4</ele><time>2026-10-03T14:50:13Z</time></trkpt>
<trkpt lat="37.870252" lon="-121.936158"><ele>607.7</ele><time>2026-10-03T14:50:14Z</time></trkpt>
<trkpt lat="37.870231" lon="-121.936131"><ele>607.9</ele><time>2026-10-03T14:50:15Z</time></trkpt>
<trkpt lat="37.870210" lon="-121.936104"><ele>608.2</ele><time>2026-10-03T14:50:16Z</time></trkpt>
<trkpt lat="37.870189" lon="-121.936077"><ele>608.4</ele><time>2026-10-03T14:50:17Z</time></trkpt>
<trkpt lat="37.870167" lon="-121.936052"><ele>608.6</ele><time>2026-10-03T14:50:18Z</time></trkpt>
<trkpt lat="37.870145" lon="-121.936026"><ele>608.8</ele><time>2026-10-03T14:50:19Z</time></trkpt>
<trkpt lat="37.870123" lon="-121.936000"><ele>609.0</ele><time>2026-10-03T14:50:20Z</time></trkpt>
<trkpt lat="37.870101" lon="-121.935975"><ele>609.3</ele><time>2026-10-03T14:50:21Z</time></trkpt>
<trkpt lat="37.870078" lon="-121.935950"><ele>609.6</ele><time>2026-10-03T14:50:22Z</time></trkpt>
<trkpt lat="37.870056" lon="-121.935924"><ele>609.9</ele><time>2026-10-03T14:50:23Z</time></trkpt>
<trkpt lat="37.870033" lon="-121.935900"><ele>610.2</ele><time>2026-10-03T14:50:24Z</time></trkpt>
<trkpt lat="37.870010" lon="-121.935876"><ele>610.4</ele><time>2026-10-03T14:50:25Z</time></trkpt>
<trkpt lat="37.869987" lon="-121.935852"><ele>610.7</ele><time>2026-10-03T14:50:26Z</time></trkpt>
<trkpt lat="37.869967" lon="-121.935824"><ele>610.9</ele><time>2026-10-03T14:50:27Z</time></trkpt>
<trkpt lat="37.869946" lon="-121.935796"><ele>611.1</ele><time>2026-10-03T14:50:28Z</time></trkpt>
<trkpt lat="37.869926" lon="-121.935768"><ele>611.3</ele><time>2026-10-03T14:50:29Z</time></trkpt>
<trkpt lat="37.869910" lon="-121.935736"><ele>611.5</ele><time>2026-10-03T14:50:30Z</time></trkpt>
<trkpt lat="37.869894" lon="-121.935704"><ele>611.6</ele><time>2026-10-03T14:50:31Z</time></trkpt>
<trkpt lat="37.869878" lon="-121.935672"><ele>611.8</ele><time>2026-10-03T14:50:32Z</time></trkpt>
<trkpt lat="37.869866" lon="-121.935638"><ele>612.0</ele><time>2026-10-03T14:50:33Z</time></trkpt>
<trkpt lat="37.869854" lon="-121.935603"><ele>612.2</ele><time>2026-10-03T14:50:34Z</time></trkpt>
<trkpt lat="37.869843" lon="-121.935568"><ele>612.4</ele><time>2026-10-03T14:50:35Z</time></trkpt>
<trkpt lat="37.869838" lon="-121.935530"><ele>612.6</ele><time>2026-10-03T14:50:36Z</time></trkpt>
<trkpt lat="37.869833" lon="-121.935493"><ele>612.9</ele><time>2026-10-03T14:50:37Z</time></trkpt>
<trkpt lat="37.869828" lon="-121.935456"><ele>613.2</ele><time>2026-10-03T14:50:38Z</time></trkpt>
<trkpt lat="37.869813" lon="-121.935424"><ele>613.5</ele><time>2026-10-03T14:50:39Z</time></trkpt>
<trkpt lat="37.869797" lon="-121.935392"><ele>613.7</ele><time>2026-10-03T14:50:40Z</time></trkpt>
<trkpt lat="37.869782" lon="-121.935361"><ele>614.0</ele><time>2026-10-03T14:50:41Z</time></trkpt>
<trkpt lat="37.869753" lon="-121.935352"><ele>614.3</ele><time>2026-10-03T14:50:42Z</time></trkpt>
<trkpt lat="37.869725" lon="-121.935343"><ele>614.6</ele><time>2026-10-03T14:50:43Z</time></trkpt>
<trkpt lat="37.869696" lon="-121.935334"><ele>614.8</ele><time>2026-10-03T14:50:44Z</time></trkpt>
<trkpt lat="37.869667" lon="-121.935339"><ele>615.1</ele><time>2026-10-03T14:50:45Z</time></trkpt>
<trkpt lat="37.869637" lon="-121.935344"><ele>615.3</ele><time>2026-10-03T14:50:46Z</time></trkpt>
<trkpt lat="37.869608" lon="-121.935349"><ele>615.6</ele><time>2026-10-03T14:50:47Z</time></trkpt>
<trkpt lat="37.869578" lon="-121.935357"><ele>615.8</ele><time>2026-10-03T14:50:48Z</time></trkpt>
<trkpt lat="37.869549" lon="-121.935364"><ele>616.1</ele><time>2026-10-03T14:50:49Z</time></trkpt>
<trkpt lat="37.869520" lon="-121.935372"><ele>616.3</ele><time>2026-10-03T14:50:50Z</time></trkpt>
<trkpt lat="37.869491" lon="-121.935381"><ele>616.5</ele><time>2026-10-03T14:50:51Z</time></trkpt>
<trkpt lat="37.869461" lon="-121.935390"><ele>616.6</ele><time>2026-10-03T14:50:52Z</time></trkpt>
<trkpt lat="37.869432" lon="-121.935400"><ele>616.8</ele><time>2026-10-03T14:50:53Z</time></trkpt>
<trkpt lat="37.869403" lon="-121.935408"><ele>617.0</ele><time>2026-10-03T14:50:54Z</time></trkpt>
<trkpt lat="37.869374" lon="-121.935417"><ele>617.2</ele><time>2026-10-03T14:50:55Z</time></trkpt>
<trkpt lat="37.869345" lon="-121.935425"><ele>617.4</ele><time>2026-10-03T14:50:56Z</time></trkpt>
<trkpt lat="37.869315" lon="-121.935432"><ele>617.6</ele><time>2026-10-03T14:50:57Z</time></trkpt>
<trkpt lat="37.869286" lon="-121.935439"><ele>617.7</ele><time>2026-10-03T14:50:58Z</time></trkpt>
<trkpt lat="37.869256" lon="-121.935446"><ele>617.9</ele><time>2026-10-03T14:50:59Z</time></trkpt>
<trkpt lat="37.869227" lon="-121.935453"><ele>618.1</ele><time>2026-10-03T14:51:00Z</time></trkpt>
<trkpt lat="37.869197" lon="-121.935459"><ele>618.4</ele><time>2026-10-03T14:51:01Z</time></trkpt>
<trkpt lat="37.869168" lon="-121.935466"><ele>618.6</ele><time>2026-10-03T14:51:02Z</time></trkpt>
<trkpt lat="37.869138" lon="-121.935466"><ele>618.7</ele><time>2026-10-03T14:51:03Z</time></trkpt>
<trkpt lat="37.869108" lon="-121.935466"><ele>618.9</ele><time>2026-10-03T14:51:04Z</time></trkpt>
<trkpt lat="37.869078" lon="-121.935466"><ele>619.0</ele><time>2026-10-03T14:51:05Z</time></trkpt>
<trkpt lat="37.869048" lon="-121.935462"><ele>619.2</ele><time>2026-10-03T14:51:06Z</time></trkpt>
<trkpt lat="37.869018" lon="-121.935459"><ele>619.4</ele><time>2026-10-03T14:51:07Z</time></trkpt>
<trkpt lat="37.868989" lon="-121.935456"><ele>619.6</ele><time>2026-10-03T14:51:08Z</time></trkpt>
<trkpt lat="37.868959" lon="-121.935451"><ele>619.7</ele><time>2026-10-03T14:51:09Z</time></trkpt>
<trkpt lat="37.868929" lon="-121.935445"><ele>619.7</ele><time>2026-10-03T14:51:10Z</time></trkpt>
<trkpt lat="37.868900" lon="-121.935440"><ele>619.8</ele><time>2026-10-03T14:51:11Z</time></trkpt>
<trkpt lat="37.868870" lon="-121.935436"><ele>619.9</ele><time>2026-10-03T14:51:12Z</time></trkpt>
<trkpt lat="37.868840" lon="-121.935433"><ele>620.1</ele><time>2026-10-03T14:51:13Z</time></trkpt>
<trkpt lat="37.868810" lon="-121.935430"><ele>620.2</ele><time>2026-10-03T14:51:14Z</time></trkpt>
<trkpt lat="37.868780" lon="-121.935427"><ele>620.3</ele><time>2026-10-03T14:51:15Z</time></trkpt>
<trkpt lat="37.868750" lon="-121.935424"><ele>620.4</ele><time>2026-10-03T14:51:16Z</time></trkpt>
<trkpt lat="37.868720" lon="-121.935422"><ele>620.4</ele><time>2026-10-03T14:51:17Z</time></trkpt>
<trkpt lat="37.868690" lon="-121.935423"><ele>620.5</ele><time>2026-10-03T14:51:18Z</time></trkpt>
<trkpt lat="37.868660" lon="-121.935424"><ele>620.6</ele><time>2026-10-03T14:51:19Z</time></trkpt>
<trkpt lat="37.868630" lon="-121.935425"><ele>620.7</ele><time>2026-10-03T14:51:20Z</time></trkpt>
<trkpt lat="37.868601" lon="-121.935421"><ele>620.9</ele><time>2026-10-03T14:51:21Z</time></trkpt>
<trkpt lat="37.868571" lon="-121.935416"><ele>621.0</ele><time>2026-10-03T14:51:22Z</time></trkpt>
<trkpt lat="37.868541" lon="-121.935412"><ele>621.2</ele><time>2026-10-03T14:51:23Z</time></trkpt>
<trkpt lat="37.868512" lon="-121.935404"><ele>621.4</ele><time>2026-10-03T14:51:24Z</time></trkpt>
<trkpt lat="37.868483" lon="-121.935397"><ele>621.5</ele><time>2026-10-03T14:51:25Z</time></trkpt>
<trkpt lat="37.868453" lon="-121.935389"><ele>621.7</ele><time>2026-10-03T14:51:26Z</time></trkpt>
<trkpt lat="37.868423" lon="-121.935384"><ele>621.9</ele><time>2026-10-03T14:51:27Z</time></trkpt>
<trkpt lat="37.868394" lon="-121.935379"><ele>622.2</ele><time>2026-10-03T14:51:28Z</time></trkpt>
<trkpt lat="37.868364" lon="-121.935374"><ele>622.4</ele><time>2026-10-03T14:51:29Z</time></trkpt>
<trkpt lat="37.868335" lon="-121.935367"><ele>622.6</ele><time>2026-10-03T14:51:30Z</time></trkpt>
<trkpt lat="37.868305" lon="-121.935360"><ele>622.8</ele><time>2026-10-03T14:51:31Z</time></trkpt>
<trkpt lat="37.868276" lon="-121.935352"><ele>623.0</ele><time>2026-10-03T14:51:32Z</time></trkpt>
<trkpt lat="37.868247" lon="-121.935345"><ele>623.3</ele><time>2026-10-03T14:51:33Z</time></trkpt>
<trkpt lat="37.868217" lon="-121.935338"><ele>623.6</ele><time>2026-10-03T14:51:34Z</time></trkpt>
<trkpt lat="37.868188" lon="-121.935330"><ele>623.8</ele><time>2026-10-03T14:51:35Z</time></trkpt>
<trkpt lat="37.868158" lon="-121.935323"><ele>624.1</ele><time>2026-10-03T14:51:36Z</time></trkpt>
<trkpt lat="37.868129" lon="-121.935315"><ele>624.4</ele><time>2026-10-03T14:51:37Z</time></trkpt>
<trkpt lat="37.868100" lon="-121.935308"><ele>624.7</ele><time>2026-10-03T14:51:38Z</time></trkpt>
<trkpt lat="37.868070" lon="-121.935307"><ele>625.0</ele><time>2026-10-03T14:51:39Z</time></trkpt>
<trkpt lat="37.868040" lon="-121.935307"><ele>625.3</ele><time>2026-10-03T14:51:40Z</time></trkpt>
<trkpt lat="37.868010" lon="-121.935306"><ele>625.5</ele><time>2026-10-03T14:51:41Z</time></trkpt>
<trkpt lat="37.867980" lon="-121.935306"><ele>625.7</ele><time>2026-10-03T14:51:42Z</time></trkpt>
<trkpt lat="37.867950" lon="-121.935306"><ele>625.9</ele><time>2026-10-03T14:51:43Z</time></trkpt>
<trkpt lat="37.867920" lon="-121.935305"><ele>626.2</ele><time>2026-10-03T14:51:44Z</time></trkpt>
<trkpt lat="37.867890" lon="-121.935303"><ele>626.4</ele><time>2026-10-03T14:51:45Z</time></trkpt>
<trkpt lat="37.867860" lon="-121.935301"><ele>626.6</ele><time>2026-10-03T14:51:46Z</time></trkpt>
<trkpt lat="37.867830" lon="-121.935299"><ele>626.8</ele><time>2026-10-03T14:51:47Z</time></trkpt>
<trkpt lat="37.867801" lon="-121.935294"><ele>626.9</ele><time>2026-10-03T14:51:48Z</time></trkpt>
<trkpt lat="37.867771" lon="-121.935288"><ele>627.1</ele><time>2026-10-03T14:51:49Z</time></trkpt>
<trkpt lat="37.867742" lon="-121.935283"><ele>627.2</ele><time>2026-10-03T14:51:50Z</time></trkpt>
<trkpt lat="37.867713" lon="-121.935271"><ele>627.3</ele><time>2026-10-03T14:51:51Z</time></trkpt>
<trkpt lat="37.867685" lon="-121.935258"><ele>627.5</ele><time>2026-10-03T14:51:52Z</time></trkpt>
<trkpt lat="37.867657" lon="-121.935246"><ele>627.6</ele><time>2026-10-03T14:51:53Z</time></trkpt>
<trkpt lat="37.867634" lon="-121.935222"><ele>627.8</ele><time>2026-10-03T14:51:54Z</time></trkpt>
<trkpt lat="37.867611" lon="-121.935198"><ele>628.1</ele><time>2026-10-03T14:51:55Z</time></trkpt>
<trkpt lat="37.867588" lon="-121.935174"><ele>628.3</ele><time>2026-10-03T14:51:56Z</time></trkpt>
<trkpt lat="37.867569" lon="-121.935144"><ele>628.5</ele><time>2026-10-03T14:51:57Z</time></trkpt>
<trkpt lat="37.867550" lon="-121.935115"><ele>628.7</ele><time>2026-10-03T14:51:58Z</time></trkpt>
<trkpt lat="37.867531" lon="-121.935085"><ele>629.0</ele><time>2026-10-03T14:51:59Z</time></trkpt>
<trkpt lat="37.867518" lon="-121.935051"><ele>629.2</ele><time>2026-10-03T14:52:00Z</time></trkpt>
<trkpt lat="37.867506" lon="-121.935017"><ele>629.4</ele><time>2026-10-03T14:52:01Z</time></trkpt>
<trkpt lat="37.867493" lon="-121.934983"><ele>629.6</ele><time>2026-10-03T14:52:02Z</time></trkpt>
<trkpt lat="37.867485" lon="-121.934946"><ele>629.8</ele><time>2026-10-03T14:52:03Z</time></trkpt>
<trkpt lat="37.867476" lon="-121.934910"><ele>630.0</ele><time>2026-10-03T14:52:04Z</time></trkpt>
<trkpt lat="37.867468" lon="-121.934873"><ele>630.2</ele><time>2026-10-03T14:52:05Z</time></trkpt>
<trkpt lat="37.867464" lon="-121.934836"><ele>630.5</ele><time>2026-10-03T14:52:06Z</time></trkpt>
<trkpt lat="37.867459" lon="-121.934798"><ele>630.8</ele><time>2026-10-03T14:52:07Z</time></trkpt>
<trkpt lat="37.867455" lon="-121.934761"><ele>631.1</ele><time>2026-10-03T14:52:08Z</time></trkpt>
<trkpt lat="37.867456" lon="-121.934723"><ele>631.4</ele><time>2026-10-03T14:52:09Z</time></trkpt>
<trkpt lat="37.867457" lon="-121.934685"><ele>631.8</ele><time>2026-10-03T14:52:10Z</time></trkpt>
<trkpt lat="37.867458" lon="-121.934647"><ele>632.1</ele><time>2026-10-03T14:52:11Z</time></trkpt>
<trkpt lat="37.867458" lon="-121.934609"><ele>632.4</ele><time>2026-10-03T14:52:12Z</time></trkpt>
<trkpt lat="37.867458" lon="-121.934571"><ele>632.7</ele><time>2026-10-03T14:52:13Z</time></trkpt>
<trkpt lat="37.867458" lon="-121.934533"><ele>633.0</ele><time>2026-10-03T14:52:14Z</time></trkpt>
<trkpt lat="37.867455" lon="-121.934495"><ele>633.2</ele><time>2026-10-03T14:52:15Z</time></trkpt>
<trkpt lat="37.867451" lon="-121.934458"><ele>633.4</ele><time>2026-10-03T14:52:16Z</time></trkpt>
<trkpt lat="37.867448" lon="-121.934420"><ele>633.6</ele><time>2026-10-03T14:52:17Z</time></trkpt>
<trkpt lat="37.867439" lon="-121.934384"><ele>633.9</ele><time>2026-10-03T14:52:18Z</time></trkpt>
<trkpt lat="37.867430" lon="-121.934347"><ele>634.2</ele><time>2026-10-03T14:52:19Z</time></trkpt>
<trkpt lat="37.867422" lon="-121.934311"><ele>634.5</ele><time>2026-10-03T14:52:20Z</time></trkpt>
<trkpt lat="37.867411" lon="-121.934276"><ele>634.8</ele><time>2026-10-03T14:52:21Z</time></trkpt>
<trkpt lat="37.867400" lon="-121.934241"><ele>635.1</ele><time>2026-10-03T14:52:22Z</time></trkpt>
<trkpt lat="37.867389" lon="-121.934206"><ele>635.4</ele><time>2026-10-03T14:52:23Z</time></trkpt>
<trkpt lat="37.867373" lon="-121.934173"><ele>635.6</ele><time>2026-10-03T14:52:24Z</time></trkpt>
<trkpt lat="37.867358" lon="-121.934141"><ele>635.9</ele><time>2026-10-03T14:52:25Z</time></trkpt>
<trkpt lat="37.867343" lon="-121.934108"><ele>636.1</ele><time>2026-10-03T14:52:26Z</time></trkpt>
<trkpt lat="37.867331" lon="-121.934073"><ele>636.3</ele><time>2026-10-03T14:52:27Z</time></trkpt>
<trkpt lat="37.867320" lon="-121.934038"><ele>636.4</ele><time>2026-10-03T14:52:28Z</time></trkpt>
<trkpt lat="37.867308" lon="-121.934003"><ele>636.6</ele><time>2026-10-03T14:52:29Z</time></trkpt>
<trkpt lat="37.867297" lon="-121.933968"><ele>636.8</ele><time>2026-10-03T14:52:30Z</time></trkpt>
<trkpt lat="37.867286" lon="-121.933933"><ele>637.1</ele><time>2026-10-03T14:52:31Z</time></trkpt>
<trkpt lat="37.867275" lon="-121.933897"><ele>637.3</ele><time>2026-10-03T14:52:32Z</time></trkpt>
<trkpt lat="37.867269" lon="-121.933860"><ele>637.5</ele><time>2026-10-03T14:52:33Z</time></trkpt>
<trkpt lat="37.867263" lon="-121.933823"><ele>637.6</ele><time>2026-10-03T14:52:34Z</time></trkpt>
<trkpt lat="37.867257" lon="-121.933786"><ele>637.8</ele><time>2026-10-03T14:52:35Z</time></trkpt>
<trkpt lat="37.867255" lon="-121.933748"><ele>638.0</ele><time>2026-10-03T14:52:36Z</time></trkpt>
<trkpt lat="37.867253" lon="-121.933710"><ele>638.3</ele><time>2026-10-03T14:52:37Z</time></trkpt>
<trkpt lat="37.867252" lon="-121.933672"><ele>638.6</ele><time>2026-10-03T14:52:38Z</time></trkpt>
<trkpt lat="37.867255" lon="-121.933634"><ele>638.8</ele><time>2026-10-03T14:52:39Z</time></trkpt>
<trkpt lat="37.867259" lon="-121.933597"><ele>639.0</ele><time>2026-10-03T14:52:40Z</time></trkpt>
<trkpt lat="37.867262" lon="-121.933559"><ele>639.2</ele><time>2026-10-03T14:52:41Z</time></trkpt>
<trkpt lat="37.867268" lon="-121.933522"><ele>639.5</ele><time>2026-10-03T14:52:42Z</time></trkpt>
<trkpt lat="37.867274" lon="-121.933485"><ele>639.8</ele><time>2026-10-03T14:52:43Z</time></trkpt>
<trkpt lat="37.867280" lon="-121.933448"><ele>640.0</ele><time>2026-10-03T14:52:44Z</time></trkpt>
<trkpt lat="37.867287" lon="-121.933411"><ele>640.3</ele><time>2026-10-03T14:52:45Z</time></trkpt>
<trkpt lat="37.867294" lon="-121.933374"><ele>640.6</ele><time>2026-10-03T14:52:46Z</time></trkpt>
<trkpt lat="37.867301" lon="-121.933337"><ele>640.9</ele><time>2026-10-03T14:52:47Z</time></trkpt>
<trkpt lat="37.867313" lon="-121.933302"><ele>641.1</ele><time>2026-10-03T14:52:48Z</time></trkpt>
<trkpt lat="37.867325" lon="-121.933267"><ele>641.4</ele><time>2026-10-03T14:52:49Z</time></trkpt>
<trkpt lat="37.867337" lon="-121.933233"><ele>641.7</ele><time>2026-10-03T14:52:50Z</time></trkpt>
<trkpt lat="37.867346" lon="-121.933197"><ele>641.9</ele><time>2026-10-03T14:52:51Z</time></trkpt>
<trkpt lat="37.867355" lon="-121.933160"><ele>642.0</ele><time>2026-10-03T14:52:52Z</time></trkpt>
<trkpt lat="37.867364" lon="-121.933124"><ele>642.2</ele><time>2026-10-03T14:52:53Z</time></trkpt>
<trkpt lat="37.867368" lon="-121.933087"><ele>642.3</ele><time>2026-10-03T14:52:54Z</time></trkpt>
<trkpt lat="37.867371" lon="-121.933049"><ele>642.5</ele><time>2026-10-03T14:52:55Z</time></trkpt>
<trkpt lat="37.867375" lon="-121.933011"><ele>642.6</ele><time>2026-10-03T14:52:56Z</time></trkpt>
<trkpt lat="37.867368" lon="-121.932975"><ele>642.7</ele><time>2026-10-03T14:52:57Z</time></trkpt>
<trkpt lat="37.867362" lon="-121.932938"><ele>642.9</ele><time>2026-10-03T14:52:58Z</time></trkpt>
<trkpt lat="37.867355" lon="-121.932902"><ele>643.0</ele><time>2026-10-03T14:52:59Z</time></trkpt>
<trkpt lat="37.867336" lon="-121.932872"><ele>643.1</ele><time>2026-10-03T14:53:00Z</time></trkpt>
<trkpt lat="37.867318" lon="-121.932843"><ele>643.3</ele><time>2026-10-03T14:53:01Z</time></trkpt>
<trkpt lat="37.867299" lon="-121.932813"><ele>643.4</ele><time>2026-10-03T14:53:02Z</time></trkpt>
<trkpt lat="37.867273" lon="-121.932794"><ele>643.7</ele><time>2026-10-03T14:53:03Z</time></trkpt>
<trkpt lat="37.867247" lon="-121.932775"><ele>643.9</ele><time>2026-10-03T14:53:04Z</time></trkpt>
<trkpt lat="37.867221" lon="-121.932756"><ele>644.2</ele><time>2026-10-03T14:53:05Z</time></trkpt>
<trkpt lat="37.867196" lon="-121.932736"><ele>644.3</ele><time>2026-10-03T14:53:06Z</time></trkpt>
<trkpt lat="37.867170" lon="-121.932716"><ele>644.5</ele><time>2026-10-03T14:53:07Z</time></trkpt>
<trkpt lat="37.867145" lon="-121.932696"><ele>644.6</ele><time>2026-10-03T14:53:08Z</time></trkpt>
<trkpt lat="37.867122" lon="-121.932672"><ele>644.8</ele><time>2026-10-03T14:53:09Z</time></trkpt>
<trkpt lat="37.867099" lon="-121.932648"><ele>644.9</ele><time>2026-10-03T14:53:10Z</time></trkpt>
<trkpt lat="37.867076" lon="-121.932623"><ele>645.1</ele><time>2026-10-03T14:53:11Z</time></trkpt>
<trkpt lat="37.867060" lon="-121.932603"><ele>645.2</ele><time>2026-10-03T14:53:12Z</time></trkpt>
<trkpt lat="37.867034" lon="-121.932572"><ele>645.2</ele><time>2026-10-03T14:53:13Z</time></trkpt>
<trkpt lat="37.867009" lon="-121.932541"><ele>645.2</ele><time>2026-10-03T14:53:14Z</time></trkpt>
<trkpt lat="37.866983" lon="-121.932510"><ele>645.2</ele><time>2026-10-03T14:53:15Z</time></trkpt>
<trkpt lat="37.866958" lon="-121.932478"><ele>645.2</ele><time>2026-10-03T14:53:16Z</time></trkpt>
<trkpt lat="37.866933" lon="-121.932447"><ele>645.2</ele><time>2026-10-03T14:53:17Z</time></trkpt>
<trkpt lat="37.866907" lon="-121.932416"><ele>645.2</ele><time>2026-10-03T14:53:18Z</time></trkpt>
<trkpt lat="37.866882" lon="-121.932385"><ele>645.2</ele><time>2026-10-03T14:53:19Z</time></trkpt>
<trkpt lat="37.866856" lon="-121.932354"><ele>645.2</ele><time>2026-10-03T14:53:20Z</time></trkpt>
<trkpt lat="37.866831" lon="-121.932322"><ele>645.2</ele><time>2026-10-03T14:53:21Z</time></trkpt>
<trkpt lat="37.866805" lon="-121.932291"><ele>645.2</ele><time>2026-10-03T14:53:22Z</time></trkpt>
<trkpt lat="37.866780" lon="-121.932260"><ele>645.2</ele><time>2026-10-03T14:53:23Z</time></trkpt>
<trkpt lat="37.866754" lon="-121.932229"><ele>645.2</ele><time>2026-10-03T14:53:24Z</time></trkpt>
<trkpt lat="37.866729" lon="-121.932198"><ele>645.2</ele><time>2026-10-03T14:53:25Z</time></trkpt>
<trkpt lat="37.866703" lon="-121.932166"><ele>645.2</ele><time>2026-10-03T14:53:26Z</time></trkpt>
<trkpt lat="37.866678" lon="-121.932135"><ele>645.2</ele><time>2026-10-03T14:53:27Z</time></trkpt>
<trkpt lat="37.866652" lon="-121.932104"><ele>645.2</ele><time>2026-10-03T14:53:28Z</time></trkpt>
<trkpt lat="37.866627" lon="-121.932073"><ele>645.2</ele><time>2026-10-03T14:53:29Z</time></trkpt>
<trkpt lat="37.866601" lon="-121.932041"><ele>645.2</ele><time>2026-10-03T14:53:30Z</time></trkpt>
<trkpt lat="37.866576" lon="-121.932010"><ele>645.2</ele><time>2026-10-03T14:53:31Z</time></trkpt>
<trkpt lat="37.866550" lon="-121.931979"><ele>645.2</ele><time>2026-10-03T14:53:32Z</time></trkpt>
<trkpt lat="37.866525" lon="-121.931948"><ele>645.2</ele><time>2026-10-03T14:53:33Z</time></trkpt>
<trkpt lat="37.866499" lon="-121.931917"><ele>645.2</ele><time>2026-10-03T14:53:34Z</time></trkpt>
<trkpt lat="37.866474" lon="-121.931885"><ele>645.2</ele><time>2026-10-03T14:53:35Z</time></trkpt>
<trkpt lat="37.866448" lon="-121.931854"><ele>645.2</ele><time>2026-10-03T14:53:36Z</time></trkpt>
<trkpt lat="37.866423" lon="-121.931823"><ele>645.2</ele><time>2026-10-03T14:53:37Z</time></trkpt>
<trkpt lat="37.866397" lon="-121.931792"><ele>645.2</ele><time>2026-10-03T14:53:38Z</time></trkpt>
<trkpt lat="37.866372" lon="-121.931761"><ele>645.2</ele><time>2026-10-03T14:53:39Z</time></trkpt>
<trkpt lat="37.866346" lon="-121.931729"><ele>645.2</ele><time>2026-10-03T14:53:40Z</time></trkpt>
<trkpt lat="37.866321" lon="-121.931698"><ele>645.2</ele><time>2026-10-03T14:53:41Z</time></trkpt>
<trkpt lat="37.866295" lon="-121.931667"><ele>645.2</ele><time>2026-10-03T14:53:42Z</time></trkpt>
<trkpt lat="37.866270" lon="-121.931636"><ele>645.2</ele><time>2026-10-03T14:53:43Z</time></trkpt>
<trkpt lat="37.866244" lon="-121.931604"><ele>645.2</ele><time>2026-10-03T14:53:44Z</time></trkpt>
<trkpt lat="37.866219" lon="-121.931573"><ele>645.2</ele><time>2026-10-03T14:53:45Z</time></trkpt>
<trkpt lat="37.866193" lon="-121.931542"><ele>645.2</ele><time>2026-10-03T14:53:46Z</time></trkpt>
<trkpt lat="37.866168" lon="-121.931511"><ele>645.2</ele><time>2026-10-03T14:53:47Z</time></trkpt>
<trkpt lat="37.866142" lon="-121.931480"><ele>645.2</ele><time>2026-10-03T14:53:48Z</time></trkpt>
<trkpt lat="37.866117" lon="-121.931448"><ele>645.2</ele><time>2026-10-03T14:53:49Z</time></trkpt>
</trkseg></trk></gpx>
